X1,X2,Label
0.6787176531005451,0.10182290660215518,0
0.39325340909902246,-0.843471966123882,0
2.5360042394916102,0.7428488506752288,1
0.15783466435688534,0.00826982239633675,0
-1.0442659102041931,-0.33643634623081353,0
1.042412508801439,-1.8507125421603157,1
2.1959235814408045,1.6494663476055067,1
2.243140752754277,0.8806395015508093,1
0.10054829525548893,-0.7886278840779519,0
-0.3704025304539573,-2.037551818609235,1
0.40566622539470126,0.5179378976130109,0
1.8315049447763232,0.8975537364081118,1
-1.1314756684243543,-0.4739187884478633,0
0.8432029297275612,0.218151599291301,1
0.5102621696020102,1.3505089376084483,0
0.7433544363018143,-0.9848551571219798,1
1.4000906495765977,0.08520061647063432,1
-0.7833775138494548,-1.20170769058749,1
1.858317988500474,-0.1635630588253051,1
-0.8744981060605225,-1.3752376203256467,0
2.0148477957253967,1.0625828789976228,1
-0.2691912050200677,-0.35089356593692167,0
-0.5320041046742143,-0.4147831645170278,0
2.1231950253623513,-0.13974792532287364,1
0.9132935478258262,1.2709365965992006,0
0.9314437602688534,0.16005789874158466,0
0.18080931491248164,-0.6360636820127934,1
0.962467058693534,0.49137809092271634,1
0.491436250203865,0.05386272711120708,0
2.3072003898912548,1.3446234532825214,1
1.1782642594431545,0.1460578178662273,1
0.051174660398766614,-0.4667728300858012,1
0.12083749402682309,0.9809540871130776,0
0.5084179755274983,-0.9588412321665756,1
0.8912533512686687,-0.33672014639471626,1
-0.178292245801835,-1.1830580092423164,1
-0.052446950398437005,0.16520710164711502,0
2.420302896514613,1.1746602501990246,1
0.39332371923170195,-0.201283927106045,0
1.1532204624420803,0.6364894792944452,0
-0.20034381783413283,-0.6348741167772048,0
1.437329631657435,-0.5537645856143781,1
1.2710577409901176,-0.08003191434378669,1
0.6431273790615254,0.2547413736927008,0
-0.9115244866282579,-1.4619186448183596,1
2.4948965347675722,1.5112206064479243,1
0.8322627242836054,0.20432311752334795,1
0.39392757676493395,0.40662424566493793,0
0.01512228044825048,-0.8754273218019148,1
0.7402162261934758,1.0927664957901526,1
0.30182743807459966,0.16196384301319403,0
0.46528191955286385,0.09281134852924953,0
1.0742233423488508,0.5580322758564242,1
-0.5513870041468553,-0.643883629969177,0
0.44895327282066916,0.09939497578782734,0
0.664336361013231,-0.18947385627329405,1
1.046392974495697,-1.2304179905071275,1
3.355998182342658,2.7503299640697194,1
-0.4612539102839001,0.13581620072713793,0
1.03635403664439,-0.5806223841091448,1
-0.4788988521222798,-0.6580240013278762,0
0.16545938884652656,0.02511713949335632,1
-0.09245446858617072,-0.7489713120212922,0
0.34465254187241523,-1.230581240816218,1
2.0124778331056,1.348464397186159,1
0.46448583327618637,0.5535060419082835,0
1.179414273756171,-0.2768417587332404,1
1.1956270107885227,1.2615978294471921,0
0.2928218411776435,0.22763841827575548,0
-0.9224493360590182,-0.749711238776325,0
3.1927915225808787,2.393693029021554,1
-0.29317529447652196,-0.7001455489352802,0
-0.45121326606443896,-0.009363969111505837,0
0.5542301469752807,0.9118962265696874,0
-0.8896341604626286,-1.7053233169643651,0
1.8156678080795394,1.011819520556182,0
1.1555494522654055,0.16977391750983914,1
1.6655968475831515,0.3727096492620428,1
0.2349768749034492,-2.2640533865660504,1
1.47478440747494,-0.4061333313559129,1
1.8049296827858199,0.5280409326914517,1
1.1570119224266031,-0.07605374701042211,1
-0.4931809014704335,-0.6190112345697467,0
0.9012229599079491,0.38137464751376915,1
-0.6832485663561337,-0.12345989555368918,0
0.7048956488339582,-0.7122442343104965,1
1.4780772163102927,-0.7222659770455069,1
1.6047732305810491,0.061519048593134604,1
0.5153138829303453,0.253201631334503,0
0.7554214811490935,-1.7584373134578146,1
0.6717510713942897,-0.13753462060925528,1
1.8133018732111663,0.7888504424669336,1
1.2136958667491373,1.1886397053855322,0
-0.6194718305220365,-1.1231743398714353,0
-0.7917130026927711,0.05848132918162697,0
-0.0677786043505365,-0.3683637745457065,0
0.715190945604345,-0.03622699400854822,1
0.7891544825269333,0.33223195408662415,0
0.5279734374610329,0.8327338316739513,0
-0.28476891405759314,-0.6767574934867141,0
1.8669532422807644,0.11088829252843782,1
0.4486025570515582,-0.04789384829379913,0
1.1345234469691852,1.230136590176953,0
-0.7948848771098572,-0.23458859814709918,0
0.84153850654988,0.27706148466329866,0
2.900790630436086,0.8923505212013059,1
1.214903722331139,0.20786524867892556,1
1.0003698661833962,-0.7895795777714604,1
1.677718507705909,0.17214950112573948,1
1.8684918089567342,0.47346919112762487,1
0.6934013378076306,-0.17712981882985412,0
-0.9209172373485471,-0.9306694457571699,0
0.2041432786889302,1.150836436782792,0
1.5142022640603134,0.07352770661768966,1
0.43581997595579064,-0.581180272223736,0
1.1359464502122738,1.1642124414242156,0
0.5992637342221814,0.4817641729690358,0
1.3210673588378516,0.4179822848280281,1
-0.33498805637277024,0.24937794334773228,0
0.4353374564600851,1.6824345507525456,0
0.013704038813914635,0.16232536638671932,0
-0.04863844129074257,-0.1936471499750372,1
-1.3086792068173545,0.2575218440016665,0
-0.6057901881710757,-0.4518498586657479,0
1.5788224187762934,1.1546569098406034,1
-0.36001261747709573,-0.7941207457360516,0
-1.1833279545495932,-1.7472869687167587,0
2.814310560225367,1.2881391744504995,1
-0.5121284174171915,-0.7713581429507693,0
0.7847038460659517,0.1474115195107411,1
-1.2462855438723883,-0.9182354606744997,0
-0.28475221610219825,-1.8192248996004403,1
0.13023029624984814,0.18728214963576462,0
0.06616382315219552,-0.9661136404589602,0
0.6294181952554871,1.0006148986243857,0
-1.6237935851194016,-1.309061602054966,0
1.0337693539041,-0.3028378059373386,1
1.4245682186329833,1.180363801548167,1
0.07851540319518699,1.4713448449017208,0
-0.1692572505935661,0.24729794354122422,0
0.48140992442840874,0.06510626248096915,0
0.594809563296744,0.3390628751127876,1
-1.0724683876886567,-1.2130479805266272,1
0.32202730712173283,0.9396078271208527,0
1.2248177320497053,-0.7640616173926437,1
0.637500510498448,1.9478892198463107,0
0.18777932766030414,-2.1325803270293684,1
0.0489370586400683,0.09448416536694426,0
2.9593364747553483,2.064360305294761,1
0.003666116438877559,0.4281444604952336,0
0.16769020076564822,-1.8085871598449361,1
0.05498116367338227,0.04470123020337507,0
0.28421275195230455,-0.9817906542566397,1
0.9115810575370645,-0.5176651401259704,1
2.599833923856745,-0.0678849873403199,1
2.033183515874402,0.2278863379875277,1
-1.1429153707233637,0.40574178771038666,0
0.9515896814680026,0.8503187303376124,0
0.6945939019244646,0.5911360681176405,0
-0.6909081516478127,-0.5143758652005956,0
-0.3853663698084746,0.19581523598737316,0
1.4758232781339673,0.31162233504003806,1
0.7098157576069053,0.4175739198032345,0
-0.3464517094852829,-0.39106464047612044,0
2.4084937783614087,1.8569227075955534,1
0.2980579416315817,-1.4794951274187431,1
0.7164522014207976,1.01282718229929,0
1.6326493939519788,0.15101013392015777,1
-0.5361421485697943,-0.5581112668412173,0
1.6297394830637817,0.8080180723291049,1
2.192613444370174,-0.5210829411198942,1
-0.2963994980266419,-0.8196742444993375,0
0.8318744399224632,-1.4168005311548009,1
1.1544015044524572,-0.6310088294499584,1
0.5564506366433066,0.33813882780968985,0
1.7851518469327416,0.7590636383028626,1
0.4178382368795419,0.381019345688489,0
1.1993978026755057,0.008526991238838091,0
0.9989405342917125,0.189041556284076,1
-0.47315012685061697,-1.033481442888731,0
2.5728063071075544,1.7353092725808326,1
2.0936505514291293,1.6651591654847244,0
1.7118273025082766,0.36460968097741886,1
-0.31086906619369115,0.22176078884684558,0
1.7560439464608997,0.5254653617317003,1
-0.02844903370614638,-1.1530252246653836,0
0.7548575861568649,-0.41203215855708664,0
0.9402879302001033,0.08630250612465593,1
0.04197686548778164,1.3431318414397955,0
0.45428081289953254,0.5064664878390132,0
0.009659480729781062,-0.8149183382726124,0
0.8604887696468471,0.341814410464354,0
-0.9577611400837575,-2.1243893186183134,0
0.5736862679539578,1.0151885065586819,0
0.05357735432950798,0.9938561110226091,0
2.3883928299539168,2.1042836514085934,0
0.26955189666868606,-1.10002397774162,1
0.713328356056208,1.1112565622268087,0
-1.5672294295347688,-0.012199217959673046,0
1.6890307120385657,0.6340683629865121,1
1.2794535562642784,-0.717692571673969,1
1.8525687666044561,0.6981250341059341,1
1.4368367334539451,0.4914771520859444,1
-0.879321538858116,-0.22007631124479787,0
-0.03091664373869629,-0.011110085085011072,0
0.7404545857559662,-1.1342743711985181,1
1.1333046593128824,0.5567066446509318,1
-0.1908906834772256,0.08591917845011403,0
2.1331894091149284,0.15481086655859216,1
1.204609840154833,-0.7870941423615134,1
-0.8245898441169379,-0.2673465354215408,0
1.1454514567117717,-0.2474106448631419,1
-0.8565620881394379,0.0868479846891761,0
0.4843773926448952,-0.9699823230986967,1
1.3391097308095627,-0.1756258083103736,1
2.227776947943265,2.118806246097522,0
2.0120669571330914,0.7569118971347123,1
-1.367027418486337,-0.758696013171998,0
-1.1960647732014582,-1.0073452450797624,0
0.1779762624804906,-0.9216291817600899,1
-0.5994959264416644,0.2019582157279681,0
1.5583937500705958,-0.13818980473948336,1
-1.815858382382008,0.12387604810079135,0
1.0540428708900915,0.7920418566128573,0
-0.03413745478642573,-0.33517866542097824,0
-0.6472495015777542,-1.2549524512648387,1
-1.9465755345692284,-1.9828855979552447,0
-0.386222550433121,-0.37191189081108134,0
1.087722422002067,0.17292242078688239,0
0.4655951711686913,-0.9650446631217803,1
0.6267600362653167,0.5032082651487298,0
0.7369524654639741,1.3808175138563683,0
-0.11188911841907823,-0.8270706380135923,1
1.070381326058857,1.6093397583942592,0
0.9035223335085414,-0.6296281469940427,1
0.6926728153136357,-0.0669617446986212,1
1.735728495386228,-0.18090485934504438,1
-1.795250591295707,-1.7979486330716206,0
0.12369003513960018,-1.0014805242717655,0
1.6016763452586988,-0.6848873138908825,1
-0.1248840131443269,-0.7132108747982319,0
-1.5240484521208515,-0.7491399971360411,0
-1.0740208375597435,-1.6927094215796712,0
1.6709975574901377,1.775740552175871,1
-0.11358418341825365,0.44000787502165856,0
1.3754021929810931,0.7649111151976941,0
-0.04313427766153158,-0.11543376672966368,0
0.26340845718226596,0.07544029618741592,0
0.6543119587989754,0.33948541490401074,1
2.118256160447263,1.3659214135990416,0
1.4063320615874697,0.35122769085565747,1
-1.6265936754362473,-2.022796147546772,0
3.0089383135294705,1.765775040874798,1
3.0907859765904897,2.9838463116041947,1
-2.0150008617285566,-1.5670738211540918,0
2.5556817677438435,1.9345127630940597,1
-0.475844394918743,-1.1031878574156733,0
1.073943932210857,-0.3141396348746653,1
2.7727121386124276,1.137238529162591,1
0.021877398805986364,-0.5599644900035117,0
-1.2996684718578981,-1.5687904109641038,0
-1.0759875443939981,-1.4767977813332327,0
0.8338012220447093,0.2881182854588592,0
0.2667265124492853,-0.9815336319114764,0
2.7330056772509748,1.046094663753857,1
-0.03654353431967447,-0.13272420283824532,0
0.14947558818647977,0.7951118282369304,0
-0.9304804589280062,-1.016725121221619,1
-1.1520010978836503,-1.0497872847803646,0
0.003715505801304088,-0.027073959973053202,0
0.044104305787431665,-0.723943216434608,0
1.5586470621136423,0.1626670225538717,1
0.8383589473504311,0.20689544644175223,0
-0.5657070415145109,-1.3145014066927616,1
1.8969611169976401,0.456223919444735,1
1.8929019885699707,0.9935406583245718,1
1.22279316755063,1.00914366559379,0
1.3541187053551282,0.42427258951285546,1
-0.8364270864574075,-0.19409607909079615,0
-0.6678317674046197,-0.8886402481915985,1
0.20139269404061821,-0.9524947253388715,0
1.1949510048215473,0.3350432980341303,1
1.0452498873453315,1.7101452466591422,0
1.5164756572661893,1.4251146190608444,0
1.67757640183303,0.7378850997821482,0
2.4829209487213166,1.2460736383272597,1
-0.4885060918367661,-1.8981160837741293,1
0.7915167364771074,-0.29280626618603167,1
0.39570111834471966,-0.4168243136961823,1
2.242084652040713,0.9294367058422253,1
-0.3200557608726059,-0.7783331370633355,0
0.06749967719974181,-0.2204120547757528,1
-0.6218939888682706,-0.05652048090307223,0
2.2328525016857084,0.5475991322070749,1
-0.2193230534792856,-0.9971440381238318,1
1.2539479042733201,-0.010776144558481434,1
1.093828741970463,-0.2679260835522936,1
-0.8048069234397783,-0.9878645900559038,0
0.457966602074159,-0.5814568545224701,0
0.05186331223184651,-1.1182386567303741,0
-0.07607408577432428,-0.3138086834216999,1
0.5660926090096933,-0.04021223347914916,1
0.2948854018021107,0.7878862362833574,0
-0.21189574273806486,-0.1725558400760425,0
-1.359724033229995,-1.8632582275862923,0
1.7475139117368006,0.043239087284273565,1
0.791279994205229,0.38275483608568933,0
0.6650728363261891,-0.7346441774430102,1
1.9961623004904943,0.5406218774312567,1
2.2383102002796766,0.33018975485246527,1
-0.5946582047354396,0.2178296304762748,0
0.9167525607384424,0.462260055877244,0
-1.8059689895287108,-2.5658642400815164,0
0.699107232377749,1.130896312328998,0
0.8835808500070801,-0.09037097994040522,1
0.005686591986162366,-0.38345482477050463,0
-0.052109422327265856,-1.1326176866976356,0
0.7618954359489752,-0.006695359375700289,1
1.834389688223124,0.8670357573109124,1
1.7888810629223426,1.1249085159580128,1
-0.16656283438271324,-1.5611298064398955,1
0.6900570400390816,-0.42609257666258005,1
-0.6359569936616555,-0.42220728103617994,0
1.4642426356343883,-0.16312137765448886,1
0.6141700935357941,1.5083449840667718,0
0.1007916265162969,-0.2413519810717531,0
0.5226994708840891,1.1274628416313839,0
-1.2039608005377087,-0.32971446679306676,0
0.9015558693944692,-1.3435952631611179,1
-0.36458743912779956,0.6787008816883496,0
1.6152651311911945,-0.5654406325022302,1
-0.15941202099299256,-1.0457640505165884,1
0.938325774028145,0.9596656179677181,0
-0.5054018617627439,-0.4333537064282081,0
0.967970790238377,-0.054725612663139765,1
2.3190639977151033,1.3266649608562784,1
0.13518109593802274,-0.685200460841415,0
-1.3978408301072875,-0.7097839581338269,0
-0.31646090751051953,-0.8583423578924345,0
-1.3000791224941963,-1.1774557421140532,0
0.8489154084721593,-0.2085657354299101,0
1.0508323551619423,0.987306480009491,0
-0.33708687908784907,0.6476717885894798,0
0.9239666493930705,-0.2515865729773754,1
-1.3679657010358142,-0.9295142267905898,0
0.9087781184289397,0.6241839085022719,0
0.7515594025128263,0.6302016699980132,0
1.1482665501074059,-0.323882378729213,1
-1.3510925788555888,-1.3180313013163074,0
1.2534343038524238,0.5436248665241143,0
1.776579610123946,0.1822371056501264,1
1.729624854793379,1.8904206609609866,0
1.2617466791026954,-0.44414295875683124,1
-0.8119123139051576,0.3388992967988769,0
1.0675824110549166,0.17593740293961643,1
1.3893908519710203,0.2412346635782981,1
0.7928997135149487,0.6075829919938064,0
0.04403025951431699,-0.24227973781088738,0
-0.7663163205237032,0.13320143116508298,0
2.116799110294297,1.6158645960200035,0
1.211893722516823,-0.15316327216662495,1
0.3972120430822735,0.34601183797990354,0
0.43681170336993397,1.492001387043151,0
0.42850285044361014,-0.6433808420301936,1
-0.09468713302854144,-0.09232947629405151,0
0.39156845876321794,0.5548735508970818,0
-0.205769697034466,0.7859578921181092,0
0.3605720277732258,0.0711036955151383,0
0.34719864865454786,-0.5965683280620734,1
1.1617003837279796,0.9138353180857228,0
-0.6640746244590351,-0.18595332778036577,0
-2.508885460079646,-2.303061987803578,0
1.1465871472312066,0.3033574411038599,1
1.8590885077692045,0.5182013247549678,1
0.35673439312312755,-0.3433665140081522,0
2.1133097833948966,0.6361055417971241,1
0.900725606167394,1.0889184227288202,0
1.5080099828801403,0.4273102573538616,1
0.8131784867043685,-0.6395770662783081,1
-1.7303622833527224,-1.252543892806808,0
0.17364105198448201,1.1747621732488038,0
1.33512705810373,-0.8236987453105248,1
0.8965892406687397,-0.6862892521109032,1
1.012835492311718,-0.1547387430590645,0
1.845819602666504,0.680790241729907,1
-0.9611568246877749,0.1774576706193139,0
1.3246921675255965,0.5047326199526845,0
1.9171714592751161,0.4558074532841288,1
1.9747567562002382,1.639027237787681,0
-1.6240190802308452,-0.002147988491854475,0
0.015139143246379138,-0.5125843886521781,0
1.4722342801032238,0.13773888861654146,1
-1.607092227805961,-1.3895619621418334,0
0.6809903480763029,-0.6026376916288821,0
1.0076208409357774,-1.0422439412871307,1
-1.0309290215183484,-0.5106527575346946,0
-0.35998022266140084,-1.2679888334392448,1
-0.7148493697145949,-0.10636133068327545,0
2.3943695200703905,0.5309828121300655,1
-1.7872758201974794,-1.6845934280981762,0
0.2614465124133787,-1.3683990033230602,1
1.2161784410009395,0.3130038497206584,1
-0.14076824558246423,0.6548424588025112,0
-0.026174470344620646,-0.2351900727258731,0
0.9156783765359735,1.3253484802188304,0
0.5012264589996812,-0.20165463581085613,1
0.6700009408323466,0.2937159879460526,0
2.322719289988086,1.0825562845236165,1
-1.026119910053417,-1.1177131805055505,0
0.10245865053821278,-0.12450431605493484,0
0.3721266540263364,0.04086409582584464,0
0.5815925750940011,1.352107106262583,0
0.8541202881881578,0.07806824974171679,1
2.1116001941603217,0.0802563480466906,1
2.0145762609519196,0.6617386648484208,1
-0.37964948567047907,-1.5943667584035186,1
1.5735677640831507,0.5843324288754164,1
2.899060066099728,1.8939529638516808,1
1.6318791081079764,0.7670564576345587,1
-1.3360945214949447,-0.18361346412908403,0
1.4071249694735708,-0.5859579885897562,1
0.47046293405533557,-0.8228959534289279,1
2.6442528722883756,1.1091154292770342,1
2.0394872026767707,0.7238413161570395,1
-1.9534958658725639,-1.3204754370591962,0
0.25629635921661365,-1.530461586338674,1
1.9742060902949365,1.3800932889874058,1
0.8548040030751238,-0.8228599868429619,1
2.3118555893201975,1.0531516551421787,1
-0.6118793126680758,-0.6386289130028127,0
0.36051055447438524,0.7051706799873033,0
-0.17207914720102666,0.4600523299992133,0
-0.04435747474360441,-0.29785304609124635,1
-1.7275218072615801,-1.4796943103430014,0
1.5271130866003817,0.14947625397623113,1
2.269863392030051,0.919510830526086,1
-0.6622994717825439,-0.3584671931924193,0
0.9190783708451553,0.21786818813432685,0
-2.7383090979903697,-2.186191336370707,0
-0.4224729277068748,-1.2600101121415144,0
2.690452732668094,1.8324895791528575,1
0.05099288649456844,-0.5064395569530977,0
0.16886058960293915,-0.6387446225565869,1
1.1459616837587994,2.0619000999350194,0
1.330023633630262,-0.40239104334872144,1
0.26747161080370085,-0.5658989130957698,1
2.057610540086656,-0.6449660634255522,1
1.260150913287706,0.49691891924885073,1
0.9816136039708837,0.5798467648516946,0
2.692263577842847,0.8043108668500017,1
-0.10831930466059586,0.020862504425227805,0
-0.8322050858181791,-2.454494356480441,1
0.2828456799437442,0.7545355152026348,0
0.026953515021961166,0.08970286039171524,0
1.813929205543185,0.12345492956400829,1
0.5264837350611932,-0.7217568157230255,1
1.2136294658026048,0.8053765670453514,0
1.6265217047450218,1.2799415627302657,0
-1.1491109668831705,-1.421404330511838,0
0.10387166606078835,-1.1216837913382494,1
0.06239166184947297,-0.4618603298099918,0
1.0007135500415278,0.30957385301129675,0
-1.452196332382846,-2.05100462467402,0
0.805773468569725,0.04766783921567763,1
2.3311039967938605,0.6113255819419667,1
1.517476960632341,1.5010722592020729,0
1.194319501828388,1.4990542107400224,0
-0.10825409484734094,-1.1055894175115886,1
0.3941243996747653,0.28877292055895204,0
-2.332145062820863,-2.3459840080086676,0
1.8253666195758358,0.8294332537625577,1
-0.12351696251947963,-0.8278019361115636,1
1.4936083079405695,0.4142220630652997,1
-0.6402533987198548,-0.06277355411368143,0
0.8109455039935132,-0.845606960259324,1
1.2889708823942463,1.3928155599999188,0
1.5521578292960119,1.1664073514770315,1
0.8799335649951433,0.15629953268152438,0
1.2871522597235885,1.742913410653003,0
2.1127895879007994,0.6570444913074455,1
0.30938176577955,0.21900390165795353,0
-0.9176904540614366,-1.9630768102387928,1
0.16134676078453009,-0.8004679218678389,0
0.5386202494257956,0.6916001187699895,0
2.1299156271480184,1.0382099655807147,1
1.0833887674013505,0.04161153575853056,1
2.1615675079158896,1.2077139302676292,1
1.1359681310908591,0.8738038442725901,1
1.8568955269038434,0.42259889960671804,1
-0.30522524438408766,-0.7805289370075953,0
0.5213783993942799,-0.0023486973707165975,1
1.8645635501055642,0.616867854486094,1
-1.4134948503286757,-1.0619099116490465,0
1.2347003823502196,1.1543784173475355,1
-0.7222649619599071,-2.6189230840111852,1
-0.5342875542367185,-1.0362451400125978,1
0.49602066522066823,0.5766633304257492,1
0.7400838450925484,-0.5288827320565955,1
0.30439139293676665,-0.5207728892597878,1
-0.20939479647785494,0.002675224612855369,0
1.208148204059422,0.017474878334224432,1
2.267087490930507,2.0313946929139957,1
0.8636663603660799,-0.030670737445850197,0
-0.6453742243982785,-1.0503975785976314,0
1.0393762728276892,-0.6202829578184923,1
-0.16837202722369324,0.25705558356337554,0
1.804869082348168,-0.3488786482389099,1
1.6766181090452201,0.4398264184193825,1
3.3888128367381176,2.507142558424735,1
0.6866885937325427,-0.7277532390102633,1
1.2430953988016291,1.0427930052975483,0
1.7605101960055347,0.25144631929803646,1
2.366199541318175,0.8031804183686484,1
1.3908653982415056,1.1763859713504177,1
0.38550643949139685,0.7499850967852377,0
-0.7453450805862796,-0.8506147565661071,0
0.09184587590576132,-0.5635660640796539,0
1.061859433024133,-0.12972245356196252,0
1.293890108616194,-0.0821527245330932,1
-1.7038178086107936,-1.074478093516685,0
1.83118715663232,1.5517196765057246,1
-1.1539533269325137,-2.871570631771291,1
-1.026126566421715,-0.9342486653873534,0
0.06679374142969638,-0.6369932568624777,0
2.300089550516841,2.032801228352933,1
-0.2501339422568333,-0.7351286087251219,0
0.9556891218302639,-0.4182278253540885,1
0.31996901365794383,-1.41407858578312,1
-0.8127478182071525,-1.2278238726306163,0
2.3315743148522756,1.0834533046122807,1
-1.3330863821408279,-0.3323513907862729,0
0.7505051595363619,-0.5667345508709996,0
-0.45233372755039203,0.3900756934659005,0
2.0277266769803495,1.3934085208059837,1
0.5732340816922874,-0.3987707400694423,1
1.6984977981018832,0.8979066577574663,1
0.014765430630948817,-1.439470624297638,1
1.297892645113936,-0.014855731182691288,1
-0.04506727856292909,-0.18695274911920684,0
1.7428955466508094,-0.020663700155126544,1
0.039327781694800765,0.2545826537313362,0
-0.091625661776321,0.803941559194495,0
-0.961048599826378,-0.2220857750499845,0
2.0148230201664,1.2206173508822225,0
-1.0885943905074351,-0.09498971822688554,0
1.833135123485347,0.7682164046117753,1
1.745486447375725,-0.7395983120746059,1
1.2950450188409768,-0.17154390554013282,1
0.48494119767690136,0.5029362693567868,0
1.1673695629815102,1.510133583907881,0
0.9165580728983181,-0.059672659897006264,1
1.2911744845424233,0.4137740970916178,0
-1.6735577336899212,-2.1296090547508495,0
1.3269754813684644,1.2100128909259826,0
-0.5686019334723428,-0.20942456124822065,0
0.7385513494745765,0.28008603953074496,0
2.817790705268921,0.689016233913559,1
0.9150284887840141,-0.8146031148394696,1
-0.11952339537135835,-0.6102185138480548,0
-0.10467999925866829,0.40880221856588317,0
1.5487743657398825,2.468122266324997,0
1.319112518283652,-0.6172091573717055,1
1.3753964085628996,1.372124566573741,0
4.3386338685770625,2.5800773665762353,1
0.6485372182960406,-0.9167379371987571,1
3.8292836985453054,0.4803042172800513,1
1.077218090017998,-0.7914177388386995,1
2.5997085792667933,0.18464833868696742,1
0.9936389111627353,-0.5023992802011373,1
-0.531465504242489,-1.053815224143298,1
2.4104711879583807,1.5653458675874523,1
1.37113394009528,0.2777673398047116,1
-0.01666861507538115,-1.1439864994306803,0
0.0611595432299068,-1.7725497306577418,1
1.880690414608381,-0.11063395994031068,1
2.2323421383076205,0.23635611279375915,1
-0.8001901361876738,0.04578819098941561,0
-0.559760012146139,-0.9937461523002966,0
0.3192068789012587,0.97914718960154,0
1.6896146379769803,0.8408459422576225,1
2.0310328099729973,0.7625728189354202,1
0.6107052574815095,0.8129649839223766,0
2.7614015505123204,0.5133900964119885,1
-0.8509523403811969,0.14797408091447223,0
0.940293383509041,-0.4244930749379601,0
0.7704202489053735,-1.0920052367232616,1
-0.770819693466724,0.0027941798036054694,0
-0.23138313990215323,-1.6703604099707128,0
0.6200615895015483,-0.7110222494198932,1
-0.7391678803859842,0.4922163446654082,0
-0.41086673516578937,-0.3351910788341465,0
-0.2917027290193843,-0.7281054056480092,1
-0.42884557538584267,-0.13315832480724565,0
0.4758696284324723,0.4973985473454417,0
1.6819399257674967,1.7732820578333852,0
-0.14770900204225268,-0.6232365612653327,1
0.6283879675582238,-0.6804713232683939,1
1.0759535151677242,0.8164440609745712,1
3.2883557889045085,2.775301006388698,0
1.9174877480751977,0.8079050299249303,1
3.2084239550614964,1.9753574979739132,1
-0.9255094503722986,-0.8313927437272676,0
-0.7366599317916328,-0.4499875335447741,0
2.559191414522865,1.0262128558142005,1
-0.3016496821103203,-1.620769743081091,1
0.1261381209160175,-1.402630591654092,1
-2.271160196896266,-2.4109512178749757,0
-1.6270125935119746,-2.343791477475192,1
-0.29472219666555854,-0.6103395464014193,0
1.7657332615384733,2.3239514386635416,0
1.8845760556003042,1.0621659415259497,1
2.475735501552174,0.8705047911840884,1
-2.2102577444961318,-2.41511032741434,0
1.7650646199510025,0.8184238902621056,1
0.4886806523370116,1.2633584574591348,0
1.7658599903131527,-0.34279167886700984,1
-0.09676005946075901,-0.03493707347470801,0
2.016763448948545,1.1036783610582903,1
-1.2551054341616037,-1.7849270851170949,0
-0.26920626017618815,-0.4331058601364982,0
2.045850974267463,0.8073967065352917,1
1.6579776770995978,0.9396727500854133,1
0.7004131446972728,0.7883617912671361,0
2.3696310481135896,0.7674916623983596,1
0.032360859463749725,-0.0796511557140016,0
-1.4811522890215152,-1.2829632894266862,0
0.2964812623179415,0.1709123361485491,0
-0.571797673103673,-0.5168022935842875,0
0.4052140653442826,-0.7950440371618024,1
2.5492551988086785,0.9420955535855698,1
0.23372681887280722,0.09293758166824163,1
1.8637798347415266,1.088861939227218,1
-2.359061608025425,-0.5703827578615185,0
0.5181755647671178,0.2304170846549806,0
1.702266352944953,-0.3924343015096626,1
-0.6731609367968241,-1.6121911987607254,1
0.8473478173426338,0.22727165681363654,1
1.6827185049634057,1.1437651369436301,1
0.6504878484818137,-1.323875757118241,1
0.11023089476600635,0.31059805887887043,0
0.3454134248818724,0.3651215126236947,0
1.9746256639997397,0.7582962480541198,1
1.4981162940877752,1.4252522014671785,1
0.4361672448955832,0.25909689985495266,0
-0.16960624046873096,-0.029481141835653868,0
0.8183287213027931,0.9304307484938262,0
-0.1550394936550488,-0.5390538868355619,0
0.5514788320841303,0.191149357388064,0
0.44365564853663764,-0.4455210400504894,0
-0.9784318655348193,-0.11595334382621297,0
2.060407374604168,1.1011112027188765,1
-0.6181972419948414,-1.0107166042440106,0
-0.46157049182480436,-1.0562130275176487,0
0.3892885660462837,-0.8970008988650671,1
3.142680044414756,1.8557231480717096,1
1.4526072531704415,1.658111505070952,0
1.9832975118637954,1.4157746152465283,0
-0.9282630545566183,-0.6136856636143011,0
-0.1417075509572564,0.47814864992138806,0
0.9693731883406155,0.3344536889063846,0
1.1198608021640188,-0.543180125281184,1
2.8545255142760264,1.8149521165441203,0
1.226328041159865,0.8993899220563658,0
1.8096183384653268,0.38329320996127103,1
2.4589779082726846,1.6520999863397552,1
-0.5043019698216986,-1.0511564891546745,0
0.5166329569402061,-0.9427366425255036,1
1.4363593891665658,0.9796051649177263,0
-0.4896766004071058,-2.9233706053842297,1
0.4540730997926729,0.41972661375450765,0
0.3905086686590402,-1.0584609639860045,1
1.3797792249849465,-0.43179328370678677,1
1.1789729277363192,0.23953191168629728,1
1.1417631853598538,-0.0545346481096238,1
0.5974313051151345,1.114738265707411,0
1.7828551019830048,1.3297435590764275,1
-0.9680564397820759,-1.2181062174105695,0
-0.7929859567555373,-1.0364652812565618,0
2.4646518442291585,1.0939353276243486,1
2.522575624241682,0.9203742463162163,1
-0.9070301943554573,-0.6922884843962955,0
1.0865246707531355,0.4335754693524072,1
1.7969156921626133,0.23414801795596346,1
0.6802555342346882,0.5006074741330024,0
1.6183305734400535,-0.17759097289026765,0
0.7965074657429876,-0.05383163049212355,0
1.1184913639608276,-0.1471411279515571,1
-2.612990425237981,-1.6354733618902573,0
-1.0325972513583468,-0.4074738876832796,0
1.5549715215845277,0.24893263712318794,1
0.5740851008987738,-0.4152030963198708,1
0.732448809854972,-2.063891867953183,1
1.5867504070901077,-0.06440777629574447,1
3.6342372403709167,2.192947018172766,1
2.245698158868382,0.07798414960981821,1
0.8478941606371241,0.0628302355616281,1
1.9440658427546007,1.2361833263821842,0
5.557848301485202,3.909884324799428,1
1.1159476881670884,-0.042390931423098833,1
2.2560108100789122,1.3540439609197483,1
1.3378193425522897,1.4863937155090141,0
2.323523072238185,2.2854972014017383,1
-0.7045675252531021,-1.4562803984988175,1
0.6927699282183213,0.3754080426274094,0
1.020462943050563,0.8554007720061327,1
1.5305875448926405,1.0003597286240833,1
-0.06182845165539019,-1.0156646818760993,1
-1.1698156899814538,-0.9646145512086208,0
0.014837889761935855,0.05426484045695514,0
2.691777611311597,1.2692106038849864,1
2.0602862493469773,2.4238416973633803,0
2.443552500606274,0.8351993809877577,1
2.1073099074962256,-0.3718246840128813,1
0.06688514315074734,0.9129851874368337,0
1.1648258723503935,0.2542381034035588,1
-0.0881514981608789,0.29923132595861035,0
0.16658112758129984,-0.4948149122679119,1
0.48842743434848224,0.24504594280414504,0
-2.458466931344241,-1.1228782033132594,0
-0.2877326971251836,-0.8776879360815154,0
-1.2454976437684255,-1.322188289634378,0
-0.866996847303818,-0.4034207520235129,0
1.3543515768442966,0.28961594051268197,1
0.8314410272627942,-0.1128645899882514,0
-0.3855699882671991,-0.23447934717104563,0
0.2020037334854839,0.18919805005280801,0
0.49263873006586273,0.29655060965133256,0
-0.9692560502162466,-0.7626743245845493,0
-1.4164707886031975,-0.7396253691446492,0
-0.14664409992390628,-0.45140615878106494,0
-0.47524422169469094,-0.28263585701822214,0
2.0379234395284787,-0.07994179101099973,1
0.004392870616980238,-0.5220428101642838,1
-0.35262125663286864,-0.6718266791489866,0
1.0762348083077666,-0.8542265449440826,1
0.37716101573336913,0.00973847119122283,1
1.580243869550354,0.10391267258805668,1
-0.5824443042350946,0.15069630668950254,0
-0.15536349318114387,0.593971296244544,0
-0.1781200157990957,0.057815045323974815,0
1.4155856612154858,2.707881281695755,0
-0.19488398884764574,-0.5036693494468212,0
2.92485570279423,1.3865310368528314,1
0.6832222640121556,-1.3353499388846384,0
0.24886027455715554,-0.7897405752317643,1
1.9730034361612434,1.5468034759008593,1
0.7411193258213898,0.5194170378126234,0
0.8632553202855981,0.003594337574964229,1
1.3501533110540505,-0.9787941027395259,1
1.7316760775877156,0.44734648636542057,0
0.9313226623174122,0.843764898517925,1
-0.44191713705624536,-1.5132687008421795,1
-0.06777202734875692,0.4087361286186117,0
0.2772397081497018,-1.189631721447722,1
1.2080510200649537,-0.8685927053302268,1
-0.7751342723915917,-1.2465664224720148,0
0.34697713945031494,-0.34852471594804346,0
0.6953360279183924,1.021660377510078,0
0.8512654582630704,-0.09148925894446786,0
-0.47240520799149444,-2.9616323080074114,1
0.423170311869769,-0.6677268509696076,0
0.9429595593466461,-0.5222609027612213,1
-0.22514166359869447,-0.8413960022398319,0
1.9630787033338415,2.0560902482819428,1
0.5452219535015563,0.48176139207367574,0
3.182855236737084,2.108875391860654,1
2.6072314158055123,1.6796300381532385,1
-1.2460755517956659,-0.5893810311246418,0
0.8101150589241995,0.6468584359896732,0
1.0165776019795634,0.34232502283808597,0
2.17225278191793,0.10918239730723742,1
-0.2571028833563334,0.41022744676510686,0
-0.3950581693226151,-1.055648790458819,0
-0.8256275677580369,-1.1206541211731138,0
1.2121166397720422,-0.316345511569187,1
-1.3504996093684258,-1.4378540494550776,0
1.4401989326890865,0.8570556844506254,0
1.1059794047239433,1.7609645163441163,0
-0.45265793846470936,-1.056768397246318,1
0.7596809462037335,-0.08877050737634183,0
0.8556934449276523,-0.36412337782457654,1
2.971885378125552,1.2717718323475091,1
1.502293204722956,-0.35192384041529096,1
-0.023076587988652753,-0.9412064201908074,1
1.5997183786497613,0.23070884802187594,1
0.25078660766527583,1.5422915740604373,0
-1.5585810960629114,-0.7081662321661764,0
-0.9788499400402034,-1.3390486523847196,0
1.5980275516454783,-0.257873217347924,1
1.3759181230164959,-0.31004386008317125,1
0.1304699711840919,0.9090376469180732,0
-0.24492208279140718,-0.25952918964746075,0
0.7042145778055193,1.165506100588583,0
-1.3226163330105036,-0.6325388799810365,0
-0.4966826547030261,-1.7902258000659756,1
0.041357644416338095,0.46423253472794057,0
0.15578354608717923,-0.42287034349321223,0
0.9060703330576768,1.0474575444496859,0
1.670216177569691,0.19739918229831532,1
1.240165087974529,0.5145407963749667,0
0.8825898858578344,0.43287647352401015,0
-1.2219101033663817,-0.7360897384593089,0
2.3695351879385806,1.7747327976332523,0
1.2683407543943201,0.7073922492084336,1
-0.5827168188754226,-1.2126391496320232,0
-0.36203325292941524,-0.34967328584728796,1
1.63191451503713,-0.40614618762652144,1
1.0278817686902162,1.3947595348576447,0
0.7054612135005143,-0.07284794342515481,1
0.5481499502370392,0.6467368374179225,0
1.7318001541876173,0.947980521772426,0
2.301662023092974,2.501452979602314,1
0.23376232116500512,-0.3514631100570285,0
-0.11600490195110025,-1.1658043128305007,1
-1.0102684841733605,0.030897804015278568,0
2.2158643359200894,-0.6254155926348995,1
-0.7222491277268048,0.07445489483339603,0
0.9239741200599827,-0.4456974994969196,0
2.398053145339297,1.8886848688420208,1
-1.0736149827917811,-0.26456984548505635,0
0.9944000243127418,-0.2153191088570953,1
0.094131649999174,-0.4909342554424688,0
0.1058482577848876,-1.1785184608720212,1
0.8750906476556833,-1.2257378258320926,1
-0.6885448377573268,-0.7366502209891869,0
0.18142819798743615,-0.9733509953769156,1
-0.14006798960114117,0.1680093523966982,0
-1.2876722503993698,0.1516299152674563,0
1.737492587293874,0.4667029835037797,1
3.447318899837442,2.579302333585347,1
2.796185996973753,0.7598031398821612,1
0.32791113833579855,0.32631867927160213,0
2.1216938563193377,1.1338211229550266,1
-0.042797717024319226,-0.9782746340714117,1
2.379388881797478,1.775675910785536,1
-0.4803349209657488,-0.0002209775057678505,0
-0.7827534613124635,-0.6021328363335171,0
2.0739899927159673,1.2283069013447923,0
1.4705267389192025,1.0659684414501862,0
0.11451602929297744,-0.818237123624383,1
-0.9938186401282854,-1.2843871710036248,0
1.7776833509950478,0.12866763664402966,1
1.4425507398906499,-0.13012558020631332,0
2.158758072754106,1.8343802879151707,1
0.16414359143159962,-0.9233532415745495,0
-0.8524877777418006,-0.5492032468806703,0
-0.15119772939965923,-0.9189315948636765,0
0.34176088096200347,-0.5475549896139149,0
-0.3501035709716464,-1.3148973601752487,0
0.9212904131701177,1.2016245499414675,0
-0.5016179473616954,-1.2426850535385825,0
1.5728711830608744,-0.06882448682068715,1
0.004360859057862987,-1.0087158403415064,1
-0.05568611946997781,-1.1874669984249244,1
3.522343704005994,1.703218000243116,1
0.7615054212822991,-0.2776780721532627,1
0.2391345025881798,0.08707064788031954,0
0.37829994829084546,-0.5554296304649308,1
0.9022475058210875,0.055960920214707825,1
1.7453701805167903,1.0299742034273776,1
-0.274883187548397,-1.8481338574305946,1
2.5514449907563317,0.8910585682901718,1
-0.42242923822206596,-1.3183994344785563,0
1.9178022418590912,0.15240167257272486,1
0.4992846818940597,0.6060673826273268,0
-0.06259457190924178,-0.35043772631808745,1
1.3299989332838411,1.0988674844288895,0
-0.17151554821177584,0.8737349995900683,0
1.1408419287644107,1.1407654144445083,0
-0.2583800423235429,-1.0632895144899674,0
2.8754982431457843,1.2710917771817705,1
0.4966440488030569,-1.001104414432403,1
1.5762987444033185,1.8637771761020732,0
1.4183474388168582,0.7534542270525602,1
2.463812019575374,0.9513658110451504,1
1.2654190614525143,-0.5191158116230062,1
2.489073561119815,1.7808556812975507,1
-0.018559748516518537,-1.1348509863804257,1
1.9726401411896979,-0.41308185549949167,1
-0.0010236679825505186,0.5979810968231172,0
2.3844118054925802,0.5781916353033782,1
0.17507129170219113,0.12468155674554408,0
3.1096832671897126,2.0059172806224854,1
0.6477243496652931,1.4310878129809526,0
-2.1164760920741976,-1.6894074669173205,0
0.029312201705154424,0.7279384503371313,0
-0.2238231325936006,0.5129737640309154,0
0.5955685562051711,1.1578592006475792,0
2.3705170170252874,1.8648745042566843,1
0.5834059706145294,-0.4957048659709099,1
1.1100984266632954,-0.9799624929058353,1
2.5824063799793766,0.9897007033633748,1
1.984440770713614,0.7239481719396147,0
-0.1253639585626587,-1.1229796854253422,1
-0.2994625238548623,-1.325262608935468,1
-0.38682803262506266,-1.1861178908635475,0
0.3600141802483726,0.9339083065427559,0
0.7032580903264526,-0.47251788433001274,1
-0.12245092336781947,-0.22892374531196974,0
1.4813122531291403,-0.7512257794783815,1
1.3895781195847179,-0.5366835397170576,1
1.2102331688576018,0.9205155798950324,1
0.651747218750689,0.3061855907925065,0
0.7977035617260597,-0.5634708981257293,1
0.7876943997402797,1.4742443722819492,0
0.728591934233691,-0.04792166104691071,0
-0.7702857035001224,-0.3509061837311737,0
-0.7835266442803215,0.5020092536316002,0
1.2121741694996164,-0.04609036095240581,1
-0.17328867757577546,-0.7022107904903917,0
1.808960942923321,1.7788264034708283,0
1.1364431723422297,0.7282144991439871,0
0.5615145057525623,-0.12561297146736702,0
-0.47863944810612624,0.055008370445505494,1
0.37950496162735475,-0.27619555677398144,0
-0.007981912707730743,-0.8124770634032599,1
1.342495469312715,-0.11646511322528247,1
0.03000448517334564,-0.736957838933799,1
-0.14870950620047102,0.5585752187697606,0
1.5557393823005414,-1.7264252028090759,1
1.2369653043043618,-0.14076293296613868,1
0.10338249727535087,0.09007411004781449,0
1.6526954175823947,0.20848111437689157,1
1.9314295751431594,2.1296444240478594,0
1.1981127593398528,-0.17623456858829423,1
1.516885018574444,-0.8737697678763485,1
2.724880441678672,1.2984328151086026,1
0.9080370875766576,-0.09440702127513771,1
1.5006367415678288,-0.8503880057120633,1
0.7370674560667787,0.47495569554692874,1
0.792428281402318,-1.0604513227233119,1
1.8968640870531464,0.2917147343879082,1
2.1424003346916956,0.8732288661563402,1
2.0111510080933765,1.4957002737914078,1
0.8239044806649088,-0.039437656624536965,1
0.308393308318752,0.08894784372491076,1
-1.0728504571172581,-1.6261159943037127,0
1.5231630132856482,-0.23989239277099553,1
0.5942502046266901,-0.05546680717608353,0
0.5113500396520098,0.4752157716088024,0
-0.34382038988869346,-0.8648103795362805,0
0.2879169814699779,-1.5405229847470774,1
0.614262271786989,1.4170092074674125,0
0.9294649796427906,-0.2313290765678558,1
-0.8886657930726588,-1.0082420363160793,0
0.29473674880840217,-0.9462947638322723,1
1.1931873345880455,0.9550087528397735,1
-0.48567767650284355,0.11316275566996399,0
2.814130019595634,1.575281753707916,1
0.6662798861479329,-1.4865933068934847,1
1.449257930484514,-0.3307002938508242,1
0.40221260484505994,-0.8950840081933634,1
0.8902087711485722,-0.014218172305538523,1
1.320682712677478,0.31294840083459435,1
0.9314637434325257,0.6356232337502006,0
-0.310941995715893,-0.5812727139779669,1
1.463009595323818,1.2006695022657246,1
0.4946007317949373,0.2615623557067211,0
1.409152690737875,-1.0306391332918112,1
0.36470472914648877,1.2518294475206704,0
0.7721220333282939,0.8540398944938702,0
-1.797879055728538,-1.9551048282646055,0
1.4475040498173568,1.247601394522988,1
-0.37962493605804715,0.2743546130983222,0
2.085041400755382,0.591596660133391,1
-0.5334052495263649,-0.29119236491095035,0
1.6917229035893162,1.435121765180389,1
-0.12293179966997236,0.6189361590283172,0
-1.1591298085335857,-0.5458056968177933,0
-0.21724278184562795,0.25735503358967665,0
1.8131029625243786,0.4907294078520992,1
0.7469054026906277,-0.34660821278000903,1
-1.1122646397502454,-0.5656960834114922,0
-0.6475765913026181,-0.542511182607223,0
2.133044042478523,0.8463263334793403,1
0.7845249267121257,0.6357850732602011,1
-0.4509206403535822,-0.8261639069990622,0
-0.5164409198465356,0.3077931791474027,0
1.187272744983065,-0.08012915592985266,1
-0.012639106304806252,0.88188091090114,0
-0.20298257828925445,-0.46682919739754786,0
0.906997371426234,0.31667975662515707,0
0.20026915010573798,-0.4346687595538554,1
-0.6542956720025953,-0.3954396650660711,0
2.7259360350963333,0.8729808472294587,1
0.4721494286718794,-0.24286051988204518,0
-0.5460184572843266,-2.0988776605796975,0
0.8864700116366404,0.5131383511238279,1
1.7396954468927088,-0.7229825563835701,1
0.9963407549408082,0.4994116541366036,0
2.861456094826352,0.9015313340558245,1
0.8839810615416004,0.36510296684330823,0
2.3840064891214596,0.9828827668274233,1
-0.059979667736669136,-0.1465056474013498,0
2.2193029362993504,2.604543087238405,0
0.9567776255342838,0.3068447032496459,0
-1.4510554245034746,-2.4161848532529224,0
1.3355991194377819,0.639458163021601,1
0.22596292205384938,0.09161888846757826,1
0.03823731581672206,0.053052049917396045,0
1.0753325710478074,1.5029263290274484,0
0.19856937041705974,0.616502857520833,0
1.2612303309666995,0.7287408355221592,1
1.8899823305462378,2.1558651909570274,0
0.5508173317042367,-0.9751108927072006,1
1.8419453971576618,1.3811646486339884,1
0.9288358762644096,-0.2891597681644959,0
-1.6649512412585028,-1.326721676210486,0
1.3747492186636052,-0.7915199185125067,1
0.34396337546493144,0.415763851459969,0
-0.31468884980175993,-1.0374503696417703,1
-0.32062775445420666,-0.9843102494518038,1
0.2864324950707052,0.8556323130191714,0
0.734393774817143,1.2736139112736102,1
0.35787704374169976,0.9363354509678707,0
-0.6153260294000983,-0.4842715346339763,0
1.5051734976648807,1.6005119846055607,0
-1.4174135410749926,-0.08376240205362487,0
1.7775213214769927,-0.04946325909977511,1
-0.29425413646799403,-1.6002521747034184,1
1.322098783814302,1.8666479088357049,0
0.6188835503437732,-0.21489183107806506,1
-0.5693697709146841,-1.2977602914145503,0
-0.5575037662510436,-0.29727704867657667,0
0.9331778434683802,1.3875057638109993,0
-0.772948620248382,-2.0388118155713957,1
2.1791949088512195,0.6393402816873994,1
0.5741770735313834,0.14080475056292552,0
0.6303522466917355,-0.42500568833417385,1
0.5461309248838052,0.888194430159863,0
0.25314823690066357,-1.5033002084737324,1
0.26788895607019825,0.9551101876211652,0
2.4366885327270107,0.8565349569887655,1
0.30278587651658456,-0.17060401173730882,0
1.4693794231426933,0.3408608043883054,1
2.3843100443691094,1.4971056335962445,1
2.0886439599027575,1.4437621972502845,1
0.19165015751204306,-0.3905635249237048,1
1.1974935247621508,0.4725481189814227,0
0.6569699398793338,-0.8242811168645553,1
2.0415009493857514,2.1969195702465747,0
0.372652530070052,0.5700968305549479,0
-0.22667234411607318,-1.4799582753038634,1
1.4589702809438243,1.5615541042237673,1
0.652643422128808,0.2275941431788121,1
-0.18423917031153292,-1.0859479642038816,1
0.8055756831849598,0.03938256363179868,1
-0.02182610573292369,1.5904565921158011,0
0.7017523775104546,-0.7554742334622675,1
1.2029039147035872,-0.9118098328522782,1
-1.1271262542178115,-0.7019702708249609,0
-1.08059835835359,-0.6123163130808448,0
1.7850454650278897,0.1791194787907476,1
0.8638961946645981,0.639314102048988,0
-0.41808785186702746,-1.1545762246982894,1
0.5120025630054771,-0.11718782298063737,1
-0.1034123515262297,-0.5086868146473088,0
-0.8245526199075112,-0.615847965996111,0
1.1130277340841275,0.046324855370248316,1
-0.2130180037160507,0.17381719756910502,0
0.2475796272486671,-0.5770797651595688,1
1.9220189436804822,1.5748982802852614,1
0.9046437545460848,0.7208398067606056,1
-0.026017733045194575,0.24470129631567397,0
2.0893546638659455,1.586022891798258,1
1.0209199931313762,-0.32113347465691267,1
2.0349734219382305,1.6375040413753459,0
-0.5147056176476671,0.7641836943650894,0
1.6487905406043792,-0.9505398621389202,1
1.2996678674497666,0.46451314464692545,1
0.5112237995658068,1.36073851393584,0
1.8303360408912424,2.604093172469304,0
-0.6076547234679907,0.432874378866778,0
2.2070941770875683,1.1697903028078074,1
1.5769477477075953,-0.22327794985843122,1
-0.21219402688899888,0.21331962610232066,0
-0.05201635817216063,-0.8595090502148511,0
0.5451879904035625,0.4394729792402658,0
0.611379152956121,-0.4264906072743428,1
1.183006623966469,0.8236871720997918,1
-0.623211002358162,-0.43859770547450755,0
0.09280115506535958,-0.9993399503018735,1
0.7931169120033792,-0.1256766920734096,1
-0.6773057087781388,-1.6318875352956106,0
0.2000092252869391,0.13343862315625019,1
0.3862714694092435,-0.41155558446519575,1
1.7931790880651706,0.9097742691692194,0
0.1729840941335342,1.111999776559429,0
1.5206739910484006,1.775325377332531,0
-1.2922560594300692,-0.2995755952270602,0
2.627861928596853,1.1179848535034802,1
0.47894330585012956,-0.19204218410986265,1
2.0726428833389883,1.3158888700669813,0
-0.13403953505036437,-0.5952919522900166,0
1.5826423478541471,0.5599831998752067,1
0.2789613129846081,-0.7779928892736254,0
2.2135672018677406,1.366109687640499,1
0.8082478169923982,1.0340718948328103,0
2.2935502037285467,1.4955154484308888,1
2.7285850544162518,0.6062947118679658,1
0.3417108903662039,0.291792295349993,0
0.41918751201358817,-0.7955650855877083,1
1.9075248839322059,0.8185004120234944,1
0.5749048704276662,0.380716867848375,0
1.2803146786139707,2.3981078004461165,0
-0.45906092180846597,-0.5073445485750576,0
2.774549983280151,0.4787903019755795,1
-1.0708437378376503,-1.115343641942391,0
0.8011148727877423,1.6559876797295532,0
1.0217543027530989,1.58854509853652,0
0.04622613993653195,-0.2098279601492215,0
0.2726053667949338,0.8075013391322705,0
-1.6083247893115784,-1.300579378648094,0
0.1841588959328131,-0.847273546997437,1
-1.0659545367891192,-1.9739342384453262,1
-0.7472036906234446,-1.8018622345345927,0
0.06427054584433983,1.1072832805123043,0
1.2522000243755975,0.8218055500714607,1
2.4203869340889446,0.895613446066203,1
0.26200654687832015,0.2396374302016133,0
0.7295583948718564,-0.0210225598025912,1
2.07807716976783,0.673173399992419,1
1.09874448313997,0.8978527789301315,0
1.1522004181258023,0.7878538686261195,1
2.499746008004667,0.5491453500165332,1
0.025223158561110237,-0.7874262256737603,1
-0.888088312296361,0.5443178392793773,0
0.17527769300507615,-0.3433326675692904,0
3.8411336314521742,2.479890438261405,1
0.806176566749573,0.6658969267248631,1
1.0965243722657934,-0.2733957325048101,1
-0.6757558262682899,-0.3515595718722887,0
0.6925073893639991,-0.10376452305372086,1
-0.8465105919669729,-1.0456226315991577,0
0.6101446252521988,-0.1274333913227344,1
-0.028963480965707333,-0.06800870124417945,1
-1.797708582233894,-1.6555891485431236,0
-0.12920291169721,1.1343804079805908,0
0.9200725072134889,0.8571893571365065,0
0.19425191611478754,-0.8845078097813253,1
0.07932575844200304,0.20602401685211033,0
1.39498942710639,-0.3156798517872227,1
0.951878640897421,1.6903265088109187,0
-0.7223454022008592,-0.7890977260039648,0
0.9420834445982649,-0.7878841336363772,1
0.8770881635627139,0.42297499589561416,0
0.15278742168108395,1.077871151955545,0
0.08618416612265833,-0.15886044562446186,0
0.11992732567823339,0.3186857870492763,1
1.8113232957499255,0.46616643673081726,0
-1.4693120125185681,-0.8848911506989144,0
0.4395071623751987,0.33708365519128347,0
1.8635048860457288,0.5768633878237573,1
1.605845372858849,-0.2647629414220775,1
1.7333799892187607,3.134253154808753,0
0.5987326745188961,1.1476706357102349,0
1.0203536493913121,-0.7456418786141821,0
0.5731814219092869,0.10065536683262101,0
1.6872941133064732,1.0859629318039026,1
0.5783733051412713,1.5410550306007043,0
0.6459382703735553,0.807569484357498,0
-0.5652655245753575,-1.5668920138121474,1
0.774964052856858,0.5931330140080744,0
2.2323925640379167,2.3419463048508526,0
0.3557527008080459,-0.4433413264333805,1
1.0303230025218137,-0.49232093541003874,1
1.1417294630101464,-0.3368452450709122,1
2.353155208068052,0.9489923106573037,1
0.31528949441531073,0.47069833552294194,0
0.32308168646253244,-0.9387872705624264,1
-1.2941772633102788,-1.7767800664069797,0
-0.1848256109375005,0.3125322085388353,0
0.5643195266028544,-0.25172841994918305,1
0.3866793065559848,0.38616017931657487,0
-0.7862341725495573,-1.395654528216908,0
2.753485833034884,1.1000336558424426,1
1.7426500468976815,0.6782594849582726,1
1.4202948936935635,0.7617754158386755,1
-0.10717063313524045,-1.1847523410090208,0
0.02568356414689288,-1.3883603957670807,1
-0.0041925490703891965,0.48480420379214295,0
0.5740197154549078,1.0441011484736828,0
-1.1934758539642967,-0.21775159623114165,0
-1.2532532944708086,-1.231450658746153,0
1.2957489765602805,1.5222107331146277,0
1.4192961757245601,0.20128037742899302,1
1.8989990727782384,2.257065897449021,0
1.4020401091175108,1.4078305446501647,0
0.03575801752552321,-1.0525288998273536,1
-0.4155019263902136,0.4795422592196355,0
-0.30940954584434865,-1.94617487232926,1
-0.8706231939736531,-0.2806329100633901,0
2.768339903533012,0.9434548483785679,1
0.965843132292632,0.29315105569487315,1
0.8750828958695918,0.2850069753448227,0
0.8610168548178843,0.7939858891468798,0
-0.21305691746489439,-0.05229867425265893,0
0.3463582182124979,-0.09938573029319987,0
1.0694291392344486,0.05039062962821369,1
2.758231227671547,1.5916654354357038,1
0.15157790374153118,-0.1585458548494173,0
0.9600968791986588,0.4171113415567042,1
0.18714091555056872,0.6147261198246339,0
-1.4825657124864862,-1.7812869174810653,0
1.5552006614963483,1.4291674531526892,0
1.7348184693260738,-0.281487232394846,1
2.1901509403011987,0.432408925200242,1
-0.4456934970831179,-1.7554284794837693,1
1.6872097788903937,1.7208040796769395,1
0.005710076923453055,0.4323755688092509,0
0.7661775805294909,0.48161612525875147,1
-0.36245926474272805,-1.319868468564895,1
0.6265571957963376,-1.549937713782571,1
2.2755879474383747,0.8558006784652251,1
0.17390989997907363,0.03353754111160008,0
0.07425375192321222,-0.27608080850604083,0
-0.0038306339360289023,-0.25605167761726033,0
0.7464462906331303,-0.6828463508954778,1
0.19284621794391738,0.47157212106308755,0
-0.4377302725488361,0.5638354829663661,0
1.7982863405657366,-0.25098980699963025,1
0.551660373173888,-0.1340039714307359,1
-0.2436437008613057,-1.0101708181957847,1
-0.7021432114075129,-1.045000573529207,0
1.6542120050518272,0.6559132341521239,1
-0.6483423339760692,-0.8834948988760009,1
0.056221454817727334,-2.2192678155102974,1
0.24070932421576982,-0.3670245298797507,0
-1.064756394028399,-1.137166987763099,0
-0.36032400051487423,-0.5538908960146303,0
1.2991227245883097,1.0376766968225044,0
2.1556040638755833,1.2998831797571788,1
1.5785813158582376,1.2077484350435246,1
-0.5841991946012888,-0.8176102086106022,1
2.2730727121718797,1.3906101392863413,1
0.6109196198047159,0.21297785136770156,1
1.111692765202566,-0.8351444943700013,1
-0.4846604836204804,-1.236095968384654,1
0.6464095635964807,0.5621443727876889,1
2.839746617058002,1.5824601136322243,1
0.8844817376104186,-1.0350619017266365,1
1.7288057942868065,0.5381433905795869,1
-0.9385054120786321,0.044636507255041,0
1.0702042059637753,-1.260464848028328,1
4.537222970532167,2.1883426105720605,1
1.5076882348822342,0.19527095157811597,0
-1.039612283271713,-0.6002474920184699,0
-0.22769306385014512,-1.009798729391394,0
-0.25722763454381,-0.41163545334000884,0
2.084563852449196,0.24173456080685685,1
0.6125214831416912,0.33575386650096845,0
2.1213655553276953,1.3772107220419736,1
0.04420491117243038,0.3866256271396923,0
-1.2133671186613755,-1.169144125276841,1
2.323880352808315,1.148405106905909,1
0.803223545312566,-1.302919551556967,1
3.4772957884418005,1.3377719732245006,1
-0.18739630247832892,0.11034103750440996,0
0.9803872042937728,-0.7271697520783328,1
1.1104763513511886,0.6314981368417568,1
-0.7274279978940498,-0.6309914754587023,0
1.551534231931419,0.9527219401518119,1
-1.9104435063208756,-0.10252804620496286,0
1.06827835627009,0.7457345557757967,0
0.6199916248020103,1.2102481660742663,0
0.19052432244011053,-1.354018625851078,1
-0.37488026979255235,-0.3369685577506517,0
-0.9253214400930906,-0.17235885139630563,0
0.6104495400369014,0.17149027576156728,1
0.9296945822673013,0.4217107724053983,1
-0.8941444196261994,-0.5428693218108507,0
1.2521294028293892,0.522766027706597,0
1.540896845342453,0.6203484951626926,1
1.4123196086769911,0.29774342728115444,1
-1.3410295342687075,-1.0168225010326868,0
-2.016691019189654,-3.0259364432624536,1
0.3957985996074545,0.4515673881542355,0
0.4654757970445348,-0.7849411430286655,1
-0.946201457522899,-0.27508730611889143,0
0.008501915956888192,-0.548850881900229,0
2.3803378369832258,-0.1548077782800605,1
-0.6892879748377724,-1.2651522650602662,0
2.0161295079184613,0.1797608749577216,1
-0.09744206369244343,-0.7414203091535141,0
0.3316810911408691,0.016591042467898352,1
2.107252531369552,0.26989104613408793,1
-0.5485028036521649,-1.5661785404455706,0
0.36683576998702394,1.0220043774824972,0
-0.3593409540422312,-1.1817227205218275,1
1.2592408959981372,0.6430167195568557,0
1.9716276571047195,0.555108205624237,1
1.1571656524469787,2.0792575353019007,0
2.364073845911752,2.256239802166018,0
0.6468865298414422,-0.8605271964258975,1
-0.8802245527173724,-1.5105599394783078,0
0.47009150549513423,-0.628613201627446,1
1.104358236268978,-0.4847946382850052,0
-0.7898569367830848,-1.7542792958060682,0
1.0550742311975745,-0.02620109383748604,1
2.166193608384533,1.065166526856939,1
-0.09461326585203568,-0.14699290184269215,0
-0.08777086559032404,-0.1463941369419503,0
0.4133606204294169,0.6094646836417227,0
-0.5469409411023062,-0.6448774449600525,0
0.3785177949137669,0.19229845518694577,1
1.2346274259255503,-0.005832764949993605,1
1.8769536542319998,1.370410334932931,1
-0.12110821361220177,0.22618029528641195,0
2.281529670966277,1.649593414236697,1
-0.5642419444572837,0.4173991457034127,0
0.2360603316891111,-1.9489165434522278,1
0.01730148857688748,-0.6869560485727982,0
0.7980502726471762,-0.5166055773159398,1
1.3249134733598262,-0.33680227364668947,1
3.3633621786638486,2.456802239984971,1
2.5937499536974307,0.5336463042619781,1
0.2654315999597553,0.29655298084464504,0
2.0527342036242437,0.6583690564090836,1
1.080910834753313,0.11655568909173208,1
-1.2935805889180514,-1.8742491395466259,1
2.482680877893653,1.3579352972934893,1
0.6181560099180156,-0.6809349119262391,1
0.4201773525437817,-0.15095773148313554,0
1.8801593499150173,0.36185708726834537,1
0.8625541776791346,-0.3194781808211874,0
0.7516977444860968,-0.11187864825072305,1
2.194429754500198,1.8772414250995715,0
0.9972816688012589,-0.5491152734983555,1
0.24612316914205712,-0.46181321414702625,1
-0.389536226000905,-1.6034725723663712,1
1.3446880182560426,0.3914882062891663,1
1.217563546185596,0.1618701800086636,1
0.03245185599091625,-0.5222901579155017,0
-0.05653572219696157,-0.9077657770386413,1
1.058963262963356,0.23823740109463024,1
0.47863832839979403,-0.1182431350368916,0
2.455416554629404,0.29215877611783686,1
3.033557709039872,0.10188098307275718,1
1.0774812127887463,-0.9507986405446467,1
1.303510960564652,0.5024736744872023,1
-0.6653478979054036,-0.6805540507385721,0
0.6015307917263137,-0.5564368117866404,1
1.380188348136954,-0.16349569969435143,1
-0.12023281390558359,-1.5733204399690222,0
1.32073584828403,0.4693174089315433,1
-1.2131724473770886,-1.044489868903867,0
0.32419478760943726,0.878421044334866,0
0.9473704710343831,0.5327263507995107,0
1.045309340464198,-0.0397094023867782,1
1.0563526660910874,0.3675518454862601,0
1.3741587802421549,-0.18093855997853425,1
0.9277718337622385,-0.6139302893153289,1
-1.039371823319356,-0.033575914586651406,0
-0.1813898502266229,-0.7552053676644316,0
0.9785060803649192,0.42853880437099207,1
0.016663143101720092,-0.7762766903447894,0
0.6107089720883441,0.5613393399502149,0
-0.7223347488591702,-1.7237995450308612,0
1.1625276820185555,1.875611865766958,0
1.7134907973134783,0.9192286867258858,0
2.853543254856528,0.9415410027364658,1
0.41001506983308256,0.2142587674566551,0
1.2350154203508854,0.6612979192607089,1
-0.3363983593714286,-1.6626576246299603,1
0.4716927253109675,-0.27919060730021006,1
-1.2556382098945935,-1.8860549327875127,0
2.224682765104879,1.5425256554837388,0
-0.7199518171415176,-2.715174967250712,1
-0.3088756299534735,0.7234605584514723,0
1.9947675011369481,0.96249057484096,1
-1.4426828569322394,-0.7240546427401868,0
-0.15848786918905922,-1.38432749274735,1
0.26025476999668357,-0.2579735424280784,0
0.9027014004367148,0.5898428590917251,0
0.5149493147776633,0.17564416419498843,0
1.0155153200713607,-0.48816009801713717,1
-0.3596979027729884,0.2724561166976008,0
1.108326901181747,-0.32539961248343574,1
2.4197023801744972,0.8484135551479589,1
-0.9057862658011702,-0.8689516300394209,0
0.611807934403313,-0.6537187521993645,1
-0.6109923322905669,-0.4611739482520101,0
-0.1790462866838527,-1.0077227169324536,1
0.1872721526450329,1.173822611337924,0
0.044101161960043274,0.18180667284877242,0
2.104638680351882,0.7529194961188981,1
-0.0665437029748912,-0.33958435148538824,1
1.125295298674255,0.814829155502754,0
1.1504243451826914,-0.9324856933259258,1
0.7060007113399431,0.3318920187214137,0
1.801736418217406,0.7583042986357819,1
0.10842116614726671,0.5566388261588473,0
0.22980992359777005,0.8061681431351133,0
1.822245934771163,0.6731705537248199,1
3.390655694580582,1.4836606796988767,1
-1.1255156238837656,-0.41854313882509225,0
-1.462060207305625,-2.569902932766885,1
-1.2081746173963375,-1.7291586020287117,1
1.9085203380789886,0.39981694068541185,1
2.036150326767298,0.4009236225708059,1
2.639351525604982,1.179205205132617,1
0.8864434526350916,0.055372240824839686,1
0.324106923487305,0.22727322652996917,0
2.1620316172171656,0.8668956981611876,1
1.1012111337872772,-0.041133138672127194,1
0.3149295211229271,-0.26840903517116144,0
0.7189074412971936,-0.7551701166409849,1
2.249316553187704,1.6821399017707868,1
0.2884513735334126,0.042843726430726724,0
-1.0110756575348248,-0.866032400237554,0
1.0785329673182968,-0.45117723625769945,0
0.2615598051590864,-0.8510512533561764,1
1.146237176211791,-0.3895891992310451,0
1.609148141992577,0.002925291345011907,1
0.7317221275248698,-0.351983616513551,1
1.194396400141161,2.033921445333018,0
1.3099822876848475,1.4225859479273153,0
1.622858522918071,0.154119266513649,1
2.671385674143848,0.7205349591191876,1
1.324915966775428,0.14980296192224418,1
1.2403858141152089,-0.5618462892831638,1
0.344937015538634,0.2689085777357311,0
1.0585075679444667,1.2737483311436262,0
-0.9608588797085618,-1.0463844692763735,0
2.0499169714139027,0.4019719962642325,1
3.5395139342882738,1.8433231460361525,1
0.7872639896169612,0.693365013751336,0
1.3385491134590028,1.6183813588243434,0
-0.11283868608475588,-0.10923747170094143,0
0.30772869543208425,-0.8589729822771414,1
0.6844577143388368,0.6734169115541572,0
-0.41687338754506187,0.07715882140751885,0
0.9313094087818028,0.03703430625644347,1
0.9480385081509698,0.3157078406227393,0
-0.49453423765940013,-0.8324748262895554,0
1.2121380917875197,0.8656605197938464,0
-1.509952453274013,-1.0120925720947442,0
1.2654639787896105,1.7055187199458954,0
-0.24711747723964692,-0.9261834980925884,0
0.6836666727740374,-0.7471277007486438,0
1.5533934990770124,1.5712180627673724,0
0.7811304977380101,0.6713969932544697,0
1.4906605368083585,-0.045736048663368,1
0.9924965235699742,1.4814371961816968,0
0.928283331524293,1.2447499765161727,0
1.2661529669740506,0.12190857508881547,1
-0.3117273506964364,-2.020229760774335,1
1.474775142878989,0.8395864018349113,1
0.20758704600385441,0.40470927284055785,0
1.6360580543647316,1.3655656740999782,1
-0.126969097155649,-0.5807119630917893,0
-0.93021556778207,-2.66320583377534,1
1.1196962462452666,1.1604844931638474,0
-0.6064433843460845,0.09258974757716995,0
1.8056940821390248,-0.21133150308737844,1
-0.037064818283528034,-0.8598567809910079,1
0.8875282001327974,0.6373567102555658,0
0.4485016692444225,-1.5303782701673316,1
0.7285988532529185,0.5469590143935177,0
1.0735859695791667,-0.1525649432832128,1
3.9339544775469575,1.5782918036411113,1
3.0572641222055346,1.2211396769093563,1
-0.19295983171070077,-0.1435812969075232,0
0.2667005188754723,-0.5405614763674959,1
0.9921793131074745,0.24536275916404202,0
1.4536846495929354,0.7818151558395764,0
-0.23809429307510932,-1.5519085674762167,1
0.12402298741350996,-0.29442323130452763,0
1.4098297758009533,-0.6448307307221814,1
1.0510075324495525,0.20452926442998004,1
1.0420861832800832,0.8106688187695629,0
0.06151864762771386,-0.8283250560301311,1
1.3170423268926092,-1.6646660033027347,1
-2.047007467701725,-1.364817601444369,0
1.7692014924031525,1.205928187280714,1
1.1777522639390217,0.8869162593606221,0
0.7766767980130006,0.5359300580719716,0
0.11918615990794708,0.297412133970156,0
-0.15974132327147952,0.4241811912811658,0
0.21385014920509468,-0.3667412045155642,0
0.8999138229972297,-0.1749904448785133,1
0.4236282963874508,0.053585340157815714,1
1.4959441664407127,0.09317822840683695,1
-0.8004312926063857,-2.4548464629633004,1
1.7055415013277178,0.8537949861778835,1
-0.5193428796663746,-2.144933015806304,1
1.7409140045558338,-0.29407999991498335,1
1.0923460664001265,-1.119270801475866,1
-0.05689179258947452,-2.0740207507244786,1
-1.145668030454572,-1.418454768553783,0
-1.0036444207019672,-0.6524213530057413,0
-1.0962667840524378,-0.3295059687032463,0
3.129705480198761,2.4771021073653747,0
0.6129443265701887,-0.3135745670864671,1
0.8103576392949724,-1.0771599101379459,1
-1.7336629612732042,-1.618411687492636,0
0.1645540594915158,0.11662411488643534,0
1.1662523433041865,1.6902593993213684,0
-0.336771052894371,-0.542632963606822,0
0.11362941313883379,-1.4719701060749375,1
2.3043918066430624,1.0282418201448034,1
0.9640375128148235,-0.5730459479675118,1
2.5441982199685844,1.4245777251158152,1
1.4144442278042764,1.0134716227884806,0
0.6710253085160949,-0.23947797139627372,1
-1.4854364701190355,-0.9025930652907923,0
2.3585006576763936,0.0941405804671232,1
1.9120102860248571,0.6846005470021391,1
1.3574916172580347,0.9589073178962692,1
0.7912086516347138,0.5376262823286886,0
1.9365401240836313,0.38765891624666127,1
0.5286424590981014,-0.7330303915624584,0
0.6185640722517494,0.4024903789891523,1
-0.5460459651185838,-0.35226864183204104,0
-0.9915781881317264,-0.9664576296896402,0
1.2955081558761745,-0.3820571623387169,1
-0.8207259940458165,-0.7857112454569937,1
0.5718986661155365,0.6264573794913381,0
1.198911214343959,0.1278269422069603,1
-1.371042247849443,-2.5464673755336276,1
0.8134813089295487,-0.329256116610002,1
1.1701845678946092,1.70456928952386,0
0.8538683180201032,1.4632799330641988,0
2.377413244395571,1.629495388530275,1
2.557289126042205,0.8488764158047007,1
0.2980655543325712,1.207068346496667,1
0.2034557737525725,0.2147032728118235,1
0.3912033047983076,1.019711651359578,0
1.7829127277627528,-0.7920765714769964,1
-0.11273039283616955,-0.032991188430405036,0
-0.7742254195103772,-1.6184458161195217,0
2.598674747484318,1.6580545373580151,1
1.9210022809667535,-0.032324358682032595,1
1.4769020535743458,0.893620186311769,1
0.65669342993877,0.9570508543059721,0
2.853678784046118,1.9054061645996703,1
0.8218695054824037,1.3099005621787587,0
0.2531514523525986,0.03953111474214962,0
-0.1716423205998689,-0.6971586134904889,0
3.178541163426318,0.3827799329677874,1
0.7858496283885382,0.8661245337595037,0
1.7776839274720944,0.2111566330062613,1
0.2867844723835706,0.3622772523122034,0
1.4822126109814762,-0.22884932278419912,1
0.6039721890817221,-0.8380207999056123,1
-0.8586253959958929,-0.4002894129975209,0
-1.5741427565285675,-1.5919957878607232,0
0.9738094564730729,0.16320243762800019,0
0.10938973493210871,0.2757504760626459,0
0.9328046764839768,0.6890466388087572,0
1.5348115811045537,-0.5088343106086273,1
1.5189118392727239,1.8728041183453565,0
-1.522404562558203,-0.4158882284940291,0
1.665284645769442,0.25737787473299917,1
-0.9442777104304995,-0.9185440360905665,0
2.8314222051011826,0.39796907626366446,1
-1.0072348963425064,0.03146700452324854,0
-1.684998093887224,-1.7929561792990496,0
1.4485963053838922,-0.011653963940594201,1
1.0700598996735404,-1.0183815132992484,1
0.6369069314857035,-0.33030002904742495,1
1.0038406748045041,-0.13076751536864947,1
1.126959365785944,0.7290020322864816,0
0.7800804380269311,-0.5703095787241528,1
1.4075435404601557,-0.11237037948087349,1
0.5384154165972739,-1.1729389779408406,1
-0.32558744314685495,-0.826882774096217,0
-1.1520893058865191,-1.143876567477633,0
0.6483883097293718,0.002825831145664734,0
0.5757721534181702,0.9841590613941916,0
1.4011198490311436,1.2733770728070684,1
2.1623847441093735,0.04955135597354102,1
0.7803799074338053,-0.7978356654580647,1
1.5438152032065253,0.9060150371529473,0
1.3498227876975506,-0.469974174781252,1
0.10496298254966474,-0.07071803083626717,1
-0.032264390502644645,-1.170646890396686,0
0.2744330576953875,-0.8145167792360206,1
0.48869097830244423,-0.3043394981259379,1
-0.054863776476463955,-0.02550943707157065,0
0.8574042143333435,-0.6027180550724797,1
0.04409076501756649,0.7412983850052645,0
0.5143765213073169,-0.12621274052224837,0
0.1748331879391225,-0.34134728950468757,1
-0.5306098682211627,-0.8559148372051657,0
0.05006623671662581,0.17424166866232263,0
-0.745893458897399,-0.47918193347439514,0
-1.4281374918223517,-2.23746099437076,0
3.1674249837490853,2.8570504200242564,1
-0.48744103277978057,0.08579080305424945,0
1.541145228456334,-0.061671567661498485,1
0.12709423684848842,-1.0460148517613357,1
-0.3121779699479863,-1.436180705887315,1
0.4331840087934089,-0.7588400487789111,1
0.2737306010288221,0.35382518449326933,1
-0.027599278793420945,-1.1308823612322805,1
0.7787737802866755,0.04244399691979876,1
1.868039004098215,0.10922440411062143,1
0.32774152565096665,0.17860366447398998,0
-0.38266132714394097,-2.048939109645574,1
2.2078612625810212,1.5435796875364405,1
-0.2627350351230908,0.777979869541736,0
1.5476967226792582,-1.1068259057836742,1
-1.239515789773604,-2.128891738899965,1
0.5390515400903709,-1.0550745613552368,1
2.347300593024091,1.1744282893087385,1
0.32606245362992536,1.698065708945942,0
0.9627437369104661,1.084852491679534,0
1.9264875109678166,0.9780869173985001,1
1.3362984899077384,1.2711717892488303,0
1.2007211358305658,0.524590697990289,0
0.9359985640636248,-0.1868292591997281,1
0.6075248466682711,0.560768913687445,0
-0.13961940994483177,0.16847501828311356,0
0.7413665370486684,-0.4368760528148251,1
-0.10362580990357606,-0.8193821380155728,1
0.1238042358129881,0.57029883584711,0
-0.08110797483733759,0.8324268399205704,0
1.061704725623524,-0.17473116535356567,1
-0.8978411670991174,-0.8664958104358543,0
1.9890295364162474,0.1701466404809179,1
1.3314386606231399,-0.0024047105991144785,1
0.8147192197821851,-0.1690816616058405,1
0.8637512281863411,0.2731542818791151,1
-0.06984834517238947,-1.0153852152142289,1
-1.3655402387555278,-2.9388846760075116,1
2.26180775585328,1.583106569712084,1
1.3337806193468493,0.4003677178868858,1
0.725548522036376,0.3605250864036572,0
0.4574125040518321,-1.1421868731332288,1
0.31555386869340646,0.24609903150780865,0
-1.0916438543159153,-0.9090547714127003,0
-0.4886189009816194,-1.4800566812080056,0
0.08478862482495297,-1.7770265650590296,1
1.4950200525131778,-0.014174822981430356,1
1.3057531233035924,-0.034213895917677664,1
0.4925294863374081,-0.7184307605734127,1
-0.6060401397500703,-0.7340645414548453,0
0.17396506217479527,0.46804284220574827,0
0.14443477510044042,0.35825845586604543,0
1.6938723499631543,0.6030226464410088,1
3.1329958962245095,1.4947936072146881,1
0.6603431870998924,0.7664447815624328,1
-1.482886756914324,-0.8582778656415905,0
0.39547810705332803,0.43531654921278456,0
-0.8420009093021349,-0.3122150519003597,0
0.3487438858311315,-0.6489385289745371,1
0.8464728690908906,-1.731853828811953,1
1.0004143202667457,0.5963067242970999,1
0.5295255355948255,1.3047140270626816,0
0.24174066051103982,-1.1162315036301684,0
1.531691671177466,-0.6320172470889026,1
-0.868069709644293,-0.15671143273562638,0
0.41961364192823614,-1.3614171499318635,1
0.6039537984983017,-0.22068895808841002,1
2.345622921879701,1.7709309983094683,1
-1.1093857832304184,-0.6451384055546296,0
0.279007895136434,-0.4308520618892038,0
-0.2818388571091047,-1.5008224712184828,0
-0.20928169689133372,0.18442491042476958,0
0.22782387815470206,-0.6572353289768239,1
0.38848492954765057,-1.8431626696939527,1
-1.612719414023847,-1.0271114149473421,0
1.6584921931268166,0.18381623063935948,1
-2.105938672574122,-0.9894305718833142,0
-0.5621424095169821,0.49074183022235857,0
0.9320949135784697,1.0319908630765016,0
0.8971719678512436,1.8297229466848435,0
2.0028628873751324,1.7107080272418103,1
0.48973934559643456,1.6899111008739869,0
-1.0269177022760982,-0.6449239318096633,0
2.6189520202320757,1.4207104605538088,1
2.1394024773130047,-0.05285917948193044,1
2.2274150397382653,0.245460179403142,1
2.461884402228312,0.7215717204044848,1
1.1616942914478927,0.4626812467608125,0
-1.0585037126528698,-1.989276796201466,1
2.710603329808727,0.5319422467906122,1
-0.52174927115588,0.015506007223196637,0
0.4456377063163924,0.7335341651712943,0
-0.4927531650831366,-0.07296717742164646,0
-1.2025618845769606,-1.790363123689651,1
1.5257313601176437,2.3134075453025007,0
0.7277104436120286,0.46893657396462163,0
-1.2413715536362195,-0.6979280141307448,0
2.1052706810890927,1.1843543966928034,1
-0.3520014037176894,-0.966693226318218,0
1.6467111673574544,0.4894104276597282,1
0.5414827872756605,-1.1726956324298476,1
1.7085700959661076,-0.07330286197274113,1
1.4941243308437404,-0.7520377741944095,1
0.5085383947598628,0.6074427082244638,0
1.6720634721800243,2.0542228746152844,0
1.399632912998373,0.5615773255288119,1
0.6861120325638446,-1.301790815010032,1
0.41108077148798805,0.4364272999480159,0
0.032821649279791365,0.2582623095295574,0
1.2233441675683612,0.6439875928435936,1
-0.8921211747862394,-1.7344538313045468,0
0.42133205315557537,1.2183781940683858,0
-0.127799948995029,-0.5644408533444022,1
0.2654652216617841,0.7161365758802518,0
-1.1522958375257615,-0.809537872096705,0
0.09503180638838726,-0.8713845552826849,1
1.501208577179586,-0.1196733627421495,1
0.7977607652676588,0.07106820654097777,1
-0.9058884254970513,-0.618737246142299,0
-0.779286430891885,0.6365057843352443,0
0.6295882796574674,0.2578382395493573,0
2.8898211283539865,0.6792944115044391,1
0.46160815065467004,-0.5977756435945799,0
-0.2668164092701779,-0.9178077147661124,0
-0.8268700773245359,-1.4343091726813306,1
-1.9427520456983678,-1.078082856238749,0
-0.7868278482403425,-0.38375879993628365,0
1.8668746836795282,1.0855791205873178,1
3.858316596687052,2.044222336826102,1
-0.03755428370209968,-1.7080569946124347,1
0.5258968884539893,-0.7618976023750602,1
-0.6754286874291804,-1.3566396670797218,1
0.5786215433220565,-0.45773191968118715,1
-0.06317461341694475,0.019072486755981274,0
0.9072105213946623,-0.011175185676199349,1
-0.6708181908011195,-1.4282404242748215,0
1.606143313165873,-0.15869538388339258,1
1.9164363696129758,1.8578597736114357,0
0.35417221787140724,0.07538134744361545,0
1.1186517342056195,1.134530328627077,0
2.15550937544115,0.9991822353579456,1
-1.333025635827258,-1.5312933529140786,0
0.8248040595934856,0.3589564061369926,1
2.3758965512709542,0.542052666978195,1
0.6505494416758916,0.9594385220019527,0
1.428842114914716,-0.8502305386422817,1
-0.4463106424728218,-0.28318760134309284,0
-0.5217825053676325,-0.5382457726881911,0
0.49739451570953996,0.13048276948344906,1
0.9844159094113668,-0.4282244864460833,0
1.558119137751003,1.1483284172426715,1
0.12776772204185596,0.11943363393090765,0
-0.48521760170205924,-0.4537023240370999,0
0.3388004546389445,0.01131573649156941,0
-1.4955421840002918,-1.7485560951393448,0
0.9001008416483637,1.5785897315722055,0
-0.15108367762850516,-0.645712153763438,0
-0.4372142337870835,-0.7195353936198378,0
-1.086091007935206,-0.5277008246562094,0
1.5828925724898961,0.4882222865565486,1
-0.8249340393928112,-0.46569446923707525,0
-0.7927928353408638,-0.044219990494993644,0
0.20280475186348568,-0.016222164046548845,0
0.20935759211764282,-0.3805982142293262,0
1.6644899304593705,-0.4693935578299059,1
0.5806341105970326,-0.3769450758522328,0
-0.60066644251914,-0.3200719363226214,0
-2.054206706742956,-0.5576181313973461,0
0.962967462568881,-0.4787163994002511,1
0.719127741487473,-0.4798444740395896,1
1.3102560850002853,0.740345101727172,1
1.3263902375172365,0.31323240068021246,1
-0.3080430195490087,-0.7207795353777962,1
2.331310858026624,1.7668544275346099,1
-0.39886969111675274,-0.487523500652693,0
0.0036313948952542735,-0.5201091587696289,0
-0.4829004958818813,-0.7286643653013936,0
2.703173452014134,0.5042609138728209,1
1.2555138615891865,-0.3033573961133543,1
-0.42603263314178497,0.04765750511270333,0
-1.258413981078717,-0.957544228775158,0
-0.31055097936396225,0.10296115579798532,0
1.8742174613716656,-0.14299820445572833,1
0.14158082709559006,-0.6587543796978701,1
2.536133030944158,1.7867699424115113,0
1.2889270855626984,-0.5687658922302712,1
1.1574593311909167,-0.8664980828975836,1
-0.28012311568483805,-1.256448686349334,1
-0.3179622640236506,-1.0005300600444729,1
0.3087995941652666,-0.37887538240234864,1
1.158681549219043,1.0462281736857215,0
-1.387423977989533,-1.0414446864531697,0
1.5831431994914427,0.6718205288872032,1
0.6909047079371249,0.819137515661382,0
-0.04848962027494481,0.40578200782841617,0
1.7250505318629248,-0.15440902536337225,1
-0.050230049159600165,-1.0500245298300663,1
0.031810250063062664,-0.20535721434560245,0
0.4616339925450961,0.3305101796891389,0
2.9568372125259716,2.2766223186369965,1
1.3837588794766678,0.9023307839891485,0
0.24649730500760447,-0.486590250531957,1
0.15873044077263698,0.42855753722229306,0
0.10940104232448686,0.32280552951835206,0
-0.3396253567484914,0.7810705417164986,0
0.8903297292431175,0.05684347478912656,0
2.02368215925531,0.4434570209299336,1
1.8364271574488398,0.3164606347748736,1
0.5170283756817724,0.4153903395414621,0
0.14930249625390588,-0.5567813521482384,0
1.9157158446857272,1.0932604300606883,1
2.054713715181853,0.2733582427457225,1
1.8627950160055404,0.8431685665513484,0
2.744329067859482,2.2379171124805066,0
1.666508372929823,1.5848711837885952,0
-0.24527311220590087,0.47657224781311547,1
1.4646466709325248,-0.035906772871045316,1
0.6207633790935136,-1.2830355650979028,1
0.14299553312301821,0.07333531355640399,0
1.9776371917480648,2.0088119687603383,0
0.5050191187429236,0.006307267714516171,0
0.0376920809008463,-0.6595709907768239,1
1.7870646873000728,2.088649847507133,0
2.269585671735808,1.6580092855558795,0
-0.08698636328254428,0.1370846404202376,0
0.2860952349799386,-0.20697657207293804,1
2.0325516641468306,1.5220470956637409,1
1.5428546966987164,0.7934703112285414,1
0.5277573370431958,0.8396109205393749,0
-1.118441728720527,-1.3358012978127538,0
-0.44071378944778017,-0.9353411499200597,1
0.1800924755358242,-2.078038371091413,1
-1.0844764038068273,-0.632143448066781,0
0.1615922733930906,-0.281919923152364,0
-0.43887923584832733,-0.7223305253938214,1
1.5456886222270019,2.013437736806155,1
-1.1524838093267327,-0.49740166563338906,0
0.908849518635868,1.0445565752140713,0
1.2791346794289982,-0.011924311545193664,1
-0.3347625115272954,-0.3513527802290296,1
1.6914538755968036,0.9543538911797096,1
0.6992262707925159,-1.3843912445795188,1
0.6690974752552556,0.8403364583980126,0
1.3254730068328417,-0.3540158008414505,1
-0.10500745407748246,0.07937216504117414,0
0.990462091918269,-0.5583894331853304,1
0.8782601591847872,-0.35091550209157835,1
1.3507336671145966,-0.14631987902026491,1
0.19783531035328328,-0.4368822282122965,1
0.7545148162730873,-1.2705387130369965,1
0.6835470693108326,0.6252797972335988,0
0.06697474552867666,-1.5438835480221544,1
0.011318591255188212,-0.140789486574427,0
-0.6398392314858188,-0.44227398583656446,0
0.5934345191196283,-0.2040433249543798,1
1.2770309228693368,1.21460927124081,1
1.330847920216621,1.012365453895824,0
0.9994744255012051,1.3286007851818964,0
-0.49413042921254413,0.030038798764836765,0
-0.1624318356571217,-0.09913422955767043,0
0.6793354431344084,0.9207268842140978,0
1.56686076671016,0.009858790615855692,1
1.6425756966168483,0.9330446532868728,1
1.197582968508892,1.241129097976252,1
-0.36253983177379123,-0.415676720161555,0
0.835040114822655,0.3977955710676641,0
0.3986536435615789,0.19950245022688212,0
-0.7296117545632579,-0.7298665411726323,0
-0.1432300971379835,0.035314733543244374,0
3.508191677030635,1.8583329940332987,1
-1.8692888745020584,-1.6613711544693142,0
2.4030879217809353,0.6839084677055894,1
1.0727703070597376,0.12260834246133233,0
0.39082182826967227,0.533968261656259,0
0.6108598889257121,0.7602028165792399,1
1.0699389799328338,0.3758855692820031,0
0.6147972847683184,1.2015810367617796,0
-2.4089455955818164,-1.6032809333861433,0
-0.1790923827128329,-1.346953102926667,0
1.639742109882767,1.1346107257781695,1
-0.23264301767962411,-0.5056037041170247,0
-0.5625558431570209,0.35515971054278433,0
0.7994007991427327,0.2310710352019203,1
0.7638375819590799,0.11370218254064146,1
0.3571303351505668,-0.40527980448056894,0
-1.8154033874890787,-0.909676397849906,0
0.4537783362754562,0.8241462477652146,0
0.2543446959465319,1.0328969834210062,0
1.4190973643184865,0.050379085193084136,1
1.6706271373221149,0.2625633900587611,1
2.146475099710213,0.9911944657372906,1
-0.15036065708713217,-0.6067765929972722,0
1.0059925988479006,1.4143354194922704,0
-0.293659721669223,0.44041707003421066,0
0.31284493648896705,0.8266242381419672,0
-2.204544829502786,-0.6518583113198226,0
1.9869386095095445,0.4802916192048236,1
2.840372210559777,0.3833417790063805,1
0.42465717907528133,0.5759207811172217,0
-0.3426579153695065,0.7494829825728484,0
-0.07466912879003006,-0.7686245096324492,0
0.06112896158600318,0.31083953306708456,0
-1.3959693925006702,-1.6430423210082583,0
1.5668681539906824,1.1902152543862015,1
0.634132579861885,-0.5043196438035606,1
0.5239954338673727,0.9668179504833423,0
0.8704109340579015,1.627200406515708,0
2.030906649692603,0.5746652340665322,1
2.802563322468716,0.02984151968969567,1
-0.28136584528203357,-0.1898206588576776,1
-0.6020259975691935,-1.01004091218086,1
-1.4695711613319178,-0.6028957357771099,0
1.130251385903802,0.11872232983298721,1
0.6182136669273564,0.5033838497348547,0
-0.36356456536873716,-1.7907105303022206,1
1.9033836558161366,1.500767798578185,1
1.152967090236208,-1.3771523564779191,1
-2.0079245784938085,-0.7695501291155766,0
1.2940222638660608,0.39341733795322975,0
-0.2696663791372438,-0.01105869624432048,0
-0.1810814040200155,-1.0163058271695427,1
-0.5502350846330473,-0.7386390524086698,0
-0.4756188047513039,-0.7019456120159498,0
-0.7430780209373515,-0.7419126318049968,0
-1.5080279424498537,-0.29619463461079415,0
-0.5590224509850645,0.12654049747594,0
-0.9256569985728347,0.2232353871916991,0
-1.3066041260222856,-1.0279985222199988,0
2.0986542570574995,0.6473943072162937,1
0.05502216390037984,-0.9851239130213114,1
1.5763254445706054,1.1111813765641205,1
-1.2796653296415854,-0.6212606522566791,0
0.09625207575669557,0.6760919573039539,0
0.6391337674316788,0.7528742223802689,0
-1.07701747826303,-1.2468176310811676,0
0.5761471365047064,0.3237047431530608,0
-0.1846180213879094,-1.2901135167102213,1
0.2620891761554699,-0.10221063042297017,0
0.6516358415853538,-1.038535358940511,1
1.4613218328565287,0.25464750870541547,1
1.4268972286589052,1.1954940726339025,0
0.2372363913197134,-0.0861046708846824,0
0.06627623589394084,-1.4192267626173973,0
1.1249684907142157,-0.6787637585325648,1
-0.25843503746117924,-1.1828011186206335,1
0.20530488106316597,-1.0000252967765382,0
-1.6321590628092468,-1.2969491475200239,0
0.8330388150193916,0.7618556515113564,0
0.251631990783583,-0.3400030384097386,1
-0.6460076459612437,-0.8715584967433578,0
1.4812921977357179,0.8672849501635717,0
0.4422264887119678,-0.4220440873253501,1
1.7411822932116152,2.3835839767496467,0
0.45370337536677285,0.1572493255861701,0
1.3973703949071439,1.5826249062327973,0
1.1947152635304592,1.0681350100725857,1
2.416161807142256,1.5656746340779835,1
1.7474506892789456,1.3118833550114897,1
1.1871266545102894,1.3020252708019775,0
1.228112313106835,-0.32311750948745466,1
0.19449354091563387,-1.5303647741919117,1
-2.0727498407743328,-1.5334869634517845,0
0.8396321594939534,0.18666233504730287,0
1.3040527333691079,0.200228090871333,1
-0.5611290972545799,0.2352785797136942,0
0.061696959445020835,0.34455760711109723,0
1.8535739363590413,0.941020760502855,1
0.2232668080441499,-1.2047883127912824,1
1.5362323340132862,0.6162829389304777,0
-0.032573461753385886,1.17221662297792,0
1.2486859936381542,-0.3249603449776138,1
1.3333021781062622,-0.025577845025025574,1
-0.10245543821117642,-1.1962284138129105,1
0.3522109710887381,-0.20107865194270985,1
-0.9476373484652659,-0.34256761888731774,0
0.6696506637728463,-0.32650830410933646,0
3.375324968408055,1.7470792197346798,1
0.4289530467214956,-0.8216401167433732,1
-2.7950186545969484,-1.9864435720737863,0
0.9997206914425603,-0.37394388735837314,1
2.6824195421556505,1.0956226022647326,1
-0.2816856185757772,-0.8773086327048998,0
-0.8932976143338504,-0.7588080538218979,0
1.9519640014776978,1.810644429213951,0
1.6969914793672647,0.5552816287101529,1
1.5474354624822204,0.7082447717180053,1
0.594430847141316,-0.7225576374257984,1
1.4635728223562174,0.5887520948016924,1
0.06835459210688241,-0.25727297315769077,0
1.2151345827777478,0.7345988690618818,0
0.22856481791610372,-0.17364519605694348,1
0.7335417075519637,0.20166379297108158,1
-2.367038730139079,-1.3932321207919163,0
0.3180868733343971,0.9483037869768638,0
2.18778472275498,0.9140996808093548,1
-0.8967364391782291,0.1451275705759033,0
1.1597054253325523,-0.05949540959038983,0
0.6787577115101127,1.633297118775306,0
1.4194715612082534,-0.5533158627036717,1
2.237693500654381,1.4650844974286328,1
1.1515971141608574,2.3644860162916475,0
1.4877444203885446,0.0070925211789886,1
2.1944172394819663,0.9951439928426369,1
1.064903537426285,-0.07718041931864263,0
0.32031461565332586,0.27038529741677353,0
0.5869582457791787,-0.054182890013968664,1
-0.2816136226450659,-0.3837016354738837,0
2.2734836467518473,0.8493502121585405,1
0.24647788426850628,0.5053979241235226,0
1.5108013608393993,0.17138899061826846,1
-0.3027618898854725,-0.5568258093783948,0
-0.7744572711503084,-0.16134793512340811,0
-0.5198935802127987,-0.41354745894422223,0
1.6754563324456657,0.13181589441086877,1
1.6985552830004906,-0.3010201338819472,0
-0.16385619820203182,-0.8590912518042875,0
-0.09016491559493264,0.03951080151741792,0
3.6471273853497834,1.9686305159256996,1
-0.11485594422717861,-0.697956709184619,0
-0.6562154127320274,-1.5811852579826244,1
0.10965757271389208,0.8191630120429162,0
0.7615008777619341,-0.2535543322154621,1
-0.20593481639447078,0.44537415907626304,0
-0.6203410793967907,0.31674801616108783,0
1.2222774989704588,2.2314999260359487,0
-1.3263339347867322,-1.40976264113325,0
3.186952304403224,1.4610007073470297,1
0.6335999369388376,1.1679730219165256,0
0.5705623787699423,-0.8148280974728163,1
0.2612454890170281,1.5203063631397966,0
1.4891531052910902,-0.16621247170003728,1
1.2768998314042437,-0.25045247881054283,1
0.8466055992818615,0.691234539070771,0
-1.0466421358098763,-1.9596597557960627,0
0.14656256634614973,0.3519340465119547,0
1.6001849827945775,0.7913147303110226,1
1.5746128088626237,0.3181838744070613,1
2.845717392861798,0.42024339145442124,1
-1.3046654685277015,-1.8923480099582846,0
0.4030757498056936,-0.4408536414347942,1
-0.3128449979409768,0.4843999494171535,0
-0.8755145903256791,0.5019110332976173,0
1.0731365757819722,1.741490916552766,0
0.7421786472414227,-0.5624123047034748,1
2.0458221251463184,1.108782036982057,0
-1.6166376471087243,-1.7183292865221853,0
-0.4794089177346874,-0.9166374636267062,0
1.8578918730707832,0.17111087458036656,1
-0.2479218422854459,-1.0612013119435033,1
1.4644590480018866,-0.16361534053555296,1
0.9642746144083485,1.0791260748095235,0
-0.4102130431809543,-2.5252854538998886,1
0.6687761940688243,-0.21372335568455791,1
-0.8476156630111182,-0.46703540417892314,0
1.1851505553524146,-1.0133785890693288,1
2.3247556332573307,1.1181223462243903,1
-0.22779388054171792,1.3161808005510487,0
2.627324744694201,1.469411921120626,1
0.8927923223353886,1.0077641035417493,0
0.6092209766900726,-0.48631686035231936,1
-0.8661129722475299,-0.8352238199191114,0
-0.5715914886636597,-0.9922190680405827,0
-0.04594256152009892,-0.4720834840769507,0
0.9142016978508569,0.4187314617333017,1
-0.7927341642062589,-0.9330105110678911,1
-2.1944770546707044,-2.3681760545350152,0
1.3218411168429272,-0.3836538166513558,1
1.2400593034187872,0.9195431827187005,0
0.5243340306495864,0.5566950792359218,0
-0.29117617835432763,-0.5553425148071373,0
0.46555762816103385,1.1567314816389265,0
1.9526737017876998,2.1846430822235665,1
2.3807317876911815,1.3885283930298635,1
-0.31200522126209407,-0.5864379081553118,1
-1.0489976427646797,-0.5340224341219919,0
1.8527676131643682,1.4226058194587967,1
-0.10425627501981934,0.6342297635131533,0
-0.7814640626813634,-1.0705554145510834,0
-0.6199859623826386,-1.3033304002218735,0
0.026602306259917666,-0.12927597299630894,0
-0.6620003122270877,-1.5668714774986328,1
0.45967844201375346,-0.7198211331221581,0
-1.057018214687102,-0.9793647144183659,0
-0.3070356445529776,-2.1189058056908077,1
-0.28079407284629704,0.3415853543019922,0
2.6794581593495543,2.063207941678593,0
-0.5368663764624582,-0.602000212108409,0
-0.17424585121372096,-0.5680792005758245,0
1.8625494626530137,0.6612548937343352,1
0.40006576566459495,-1.161015507759525,1
1.6173200682025186,1.269184887746068,0
0.5279145885980162,-0.40399594229593183,1
0.07824033950546598,-0.2769907571491652,0
1.753983802044197,0.8952742336605374,0
1.9171974206783085,0.8936720016451984,1
1.4405311812645827,0.5622884043871982,1
1.8824485903823636,0.6166825601687191,1
0.2757646302919076,0.38274173210028606,0
1.003730903448626,-0.11091909963068604,0
1.3100929072722776,-0.10737583283097893,1
0.35593197596792603,-0.647452561363496,1
0.1607174915392826,-1.4383653915851522,1
-0.334747763947022,-0.42328496236911317,1
-0.6643143002908499,-0.04043196691657974,0
0.8828895843625094,0.16459685386087755,0
-1.41550939726635,-1.3902959301206854,0
-0.9627279661630859,-0.3986051659711609,0
1.0226469500493767,0.6076383465874562,0
-1.475496442013452,-1.6487106989076947,1
3.1263558949850028,0.7828364410445054,1
-0.6697693385119086,-0.6559942134010329,0
1.0988578167586283,0.6960542710302087,1
-0.8104832781592984,0.0051582838033657485,0
0.255657452268855,1.0581774292496453,0
3.576697630750081,2.397072834880822,1
1.2967128735808777,0.6803786788124617,1
-0.9841222238722575,0.10287365912564807,0
1.127448061077616,-0.8942471295048297,1
-0.5765034780341629,-1.0912388106262139,0
-0.8046543031628273,0.0029566385141165056,0
-0.21301350664434776,-0.14815127323462068,0
1.1325010633618842,-0.6812254090805693,1
2.3975421813252966,1.1176076813054099,1
-1.051393813247875,-0.8850916900786235,1
1.170813640560707,-0.2569849036354036,1
0.18070207173860112,0.541118664246467,0
2.0728449038709438,1.3009966989033854,0
3.0053479668282055,1.5761917827290814,1
-1.0512326374873469,-1.305214900842679,0
2.241275705395294,-0.2142403965272627,1
0.9332484754313473,-0.1849461475015702,1
2.4857582566674266,1.7333549157699528,0
-1.2383615770116303,-2.025968844822904,0
-0.5152870989272764,-0.2959511471676785,0
0.21076293579254385,0.1580129772798294,0
0.6707526149221804,0.1937478949171273,0
2.4283928273049087,0.9621576791771724,1
-0.3715556845584298,-0.6194425741698415,0
1.5467379021200998,1.3845300410532226,0
1.1513450474775588,1.902248166605906,0
-0.18796412916094268,-0.6026794120829221,0
0.30984217369760236,1.0512814534470851,0
-0.297912421426654,0.5246489922794763,0
0.4072663338261131,-0.13927464876397144,1
1.4039525164345257,0.3075430137836961,1
-0.009334797113721871,-0.9545047714206644,1
0.6660565199492171,0.2485424953262817,0
0.6571998705056173,-0.49758835734276796,1
2.174164581004285,2.175250894242514,0
0.37459129486745013,-2.1663625340018973,0
0.5710969140744633,-0.53170232638125,1
-0.6184982913234874,-1.2191137759618946,0
0.4614801318228893,-0.16846124128924808,0
0.5066932914423158,-0.24724910572741973,1
-0.041007761049186554,-1.416669295522545,0
-1.0471905208820618,-2.0479520589810405,1
0.2030511788879905,-0.3023210848168217,1
0.7544392954266497,1.0752789962769596,0
2.6145949838384004,0.4324381591642813,1
1.1551783956091488,1.0138267302798927,1
-0.2634834325390034,-1.6441746554525158,1
-1.0366290492240313,-1.7960299043322794,1
0.033504553437956996,-2.2717950391131825,1
0.6191878673147357,1.5872079729122917,0
1.195063686592464,1.5543674540652626,1
-1.088009797330301,-0.1625200537610775,0
1.9968009887083222,0.6302033963446488,1
0.30385919214554125,0.8275360778987422,0
2.0898583754145332,0.31278165162918525,1
0.9495016695387114,-0.7810809340690983,1
0.9111719264694196,-0.2023385204447366,1
0.20850947507969816,0.6909954604222875,0
-0.3461220988081428,-1.5091802652355806,1
-1.135707695614357,-0.6868059696997124,0
0.962768520490635,-0.3539773979560235,1
1.5199182944259875,-0.6972289247386968,1
-0.6172386195717849,-0.06085410143886162,0
1.1621293358245042,-0.5338769356595916,1
-0.5094525800630558,-1.7343927024323624,1
0.19458975473076665,0.545490851351948,0
-0.8529514205306671,-0.3332611079378685,0
-0.07401433333531449,-0.653689368896476,1
0.9125889259606796,-0.4560868904011636,1
-1.103239939952436,-0.6218031069392849,0
-0.21253114319173028,-1.0701257689203825,1
-0.4381449891135797,0.5898678729273193,0
0.14555443236115592,0.566093977470856,0
-0.4313604255466954,-1.193001690791464,0
-3.0845364545901885,-2.9303772523394613,0
0.8309396214449885,0.6887088362685994,0
2.884570326513778,2.3978471415120977,1
-1.8515005906184565,-1.260913041169073,0
0.7518495460152287,0.7155787425921701,0
1.2510489650658028,0.20817212730768117,1
3.0866771687414634,1.2798385852406233,1
3.3658231345838177,2.299842883668848,1
3.172068416741423,1.5705935015806198,1
1.5005193700461903,1.2003623604303728,1
2.692258676734772,0.5472206848358538,1
-1.8340950957259048,-0.49146979849750255,0
0.4179390040176315,-0.4255364063118733,1
1.1641433960887244,-0.06673209711341284,1
-2.2267814613152335,-1.315681486319888,0
1.119406907480551,1.1636033775671706,0
1.8142200192003073,0.5607927150741635,1
-1.4131224528034063,-1.1039425642792844,0
0.5985559104084398,1.1559903517583745,1
1.1921685840107363,-0.4078238674017127,1
1.7543444055138415,0.4385048906128713,1
0.3753115155169269,1.0779384453190382,0
-0.28335888034686607,0.365497576333603,0
0.11188939253894085,-0.5260523219329319,0
0.4466475498817171,-0.44942005139668634,0
0.7425362017893297,0.6549332068761315,0
0.4503044125912875,0.26098025250341633,1
-0.33894364398971205,-0.5361116413453747,0
1.0952494046125172,-0.7433757035136844,1
-1.0549869133185064,-1.5335141210385255,1
-0.11186627218166552,-0.5406387168920184,0
0.33666701023117396,-0.9658489165589883,1
0.9286125223170552,0.7209116193509385,0
-1.032561787669122,-1.4575072568116383,0
-0.4061941980071472,-0.34860993690946096,0
0.2834264392507696,-0.5551103707170061,1
0.4315331008172791,0.711845102014892,0
1.0435849962986241,1.109802703684976,0
0.9877287581663602,0.45039454689140423,0
-0.343967516473425,-0.06531835676813276,0
-0.08946507515320734,-0.6004294996132777,1
1.3885248564468824,0.334538953356002,1
3.1917532228621974,2.093108654452229,1
0.12629016406047985,-0.2500575682857698,0
-0.14135990154161485,-1.2478710850219712,0
0.43211350366558965,0.42310416378578036,0
1.1568483608939921,-0.11893683260476735,1
0.015606900188250929,1.801682115794194,0
-0.6345953514818886,-0.05672970286277187,0
0.04391866663811571,1.0361288692777986,0
1.2217022107429136,0.23494317085080962,1
2.04647828604649,0.6700048461702094,1
-0.22036652177900468,-0.05852500012218073,0
0.8064050846166754,-0.8040605426249725,1
-0.4036147517262785,-1.5138759767955066,1
1.3024476724570255,1.6718253118717474,0
0.38776377569344544,0.007219999819629271,0
0.010186758431698792,-0.38593838074056197,0
-0.23810342272120652,-1.172913955556581,0
2.6438665398120893,1.0491634614478367,1
-0.46716647653549886,-0.20459272263434075,0
1.6958349347036918,-0.3971186539912964,1
1.2722446605749556,-0.37955174556595356,1
-1.4054855770512438,-1.2413300764967272,0
0.37396271133357606,-0.4089754118189928,1
2.641984861680741,1.2735072973117894,1
0.8484097839686467,0.49666065728895137,0
-0.41579005367946653,-2.596602521623671,1
-1.1566017035588343,-0.7115682367474794,0
0.1932097966491848,0.2673951108679849,1
1.6147716892786081,-0.37037800693757505,1
-0.10781266088068486,-0.7122045282534218,1
-1.0757460653684825,-0.39153056673032083,0
1.9869372427378513,0.5846532924096444,1
0.6485370257240185,0.9150966910361201,0
1.7405484703199676,1.8394287517612524,1
-1.7951630551272983,-1.4309796679994142,0
-1.1372829280428682,-1.3215317438151706,0
-0.1755014570893024,-0.5930191233568913,0
1.1527505357413266,0.39203559994953957,0
-0.5804228970788127,0.5667770045826168,0
-0.6504116744767107,-0.7793198848332726,0
0.6124926293927163,-0.6043004849376773,1
-1.6061772371902947,-0.5829587004462715,0
0.7905728157540766,0.0874798001400341,0
0.27682625890358464,-0.12026958666121387,0
0.5073567471329127,0.7800173684260299,0
2.8800428070497253,1.992861209494918,0
2.7249829554982794,2.137829237369426,1
0.04855603235656274,0.030748655209655296,0
0.5617835785965646,-0.04559725388112695,0
-0.47896487696411016,-0.5051006742741718,0
1.578287761704758,1.0558053842858206,1
0.9809507929296027,-0.22364525480365896,1
0.3116413929980679,-0.2844018658052817,1
1.363418772482082,-0.174438674932895,1
3.5420387251398724,0.6618894008637384,1
-0.4510247789232935,-2.481684950448279,1
0.48043617610553,0.7793783663810993,0
2.3037307270834937,1.8633505025399364,1
0.23339361934168087,0.8323164156622644,0
2.702614224395714,2.0231200995318215,1
0.23651557205454363,-0.18655827401632888,0
1.1965227283572493,0.6249354497830455,1
-1.1579210013494254,-0.7402081383518065,0
0.9190618502153458,0.39519762477100373,1
0.028683584790739625,-0.9613532409453927,1
-1.7978267045015826,-1.664117985761592,0
2.7979824521720085,1.0400361774904026,1
1.4080354950261078,0.11328217030707896,1
0.10328922955144235,-0.30435453335118706,0
-0.8195635154972487,-2.055498982812665,1
-1.516972860306535,-2.313683249189677,1
0.006142843850748048,0.26835293146379785,0
-0.5682617379735444,-0.21970916669852383,1
-0.9261764042900918,-1.3899522263822257,0
0.2047324292773578,-0.7905722346135424,1
2.859259403850579,1.4180661278206697,1
-1.694392498888116,-2.4448269803649514,1
2.9685567977054164,1.9693670095914617,1
0.07938876967517723,0.018659345732345577,0
0.5306481734892197,0.1624453723515276,0
1.949326843805301,0.9963801409590296,1
1.1288553674649482,-0.3673510183233312,1
1.0470909296693818,0.29103041206449975,1
0.37330447464856253,-0.390147704768402,1
0.34009939732192457,0.5107042925562506,0
1.9672969061653576,0.3094192509280068,1
-0.008118514149670648,-0.3658366347738353,0
0.024809030397021585,0.21046350426442875,0
0.4615363584531898,-0.0033567512717658037,0
2.706061191554885,1.941631974261727,1
0.8835947621358257,1.78072653225267,0
-2.2386094269230443,-2.208002405821116,0
0.19524381615686764,-1.22109831233314,0
1.3744744682675447,2.371487267378239,0
2.9785237843783086,1.3488828176655148,1
0.34384706074713867,-0.9664038751488855,1
0.48152733796578623,-1.1142728146948286,0
0.9632217512414676,0.2393324705132328,0
3.786000058888477,2.4894728346267647,1
0.6295364343926731,-0.8787972497363443,1
0.5979685198196334,-0.9333207286868995,1
1.29861344456561,-0.22350519652970038,1
-0.35929345792929823,0.17096006122549443,0
0.24581883922851278,-0.348188455786408,1
1.8382238431931148,1.014211556645097,0
1.7184959549208785,0.2360098653559426,1
-0.4378514455554945,-0.7977016165540386,0
-1.0900751986136366,-2.715608926318365,1
-0.8287707447778043,-0.7681850173590921,0
0.8957618121304484,0.7039411259552985,0
0.1992708069204701,0.08557202432520292,0
2.95971220815881,0.6044825501153076,1
0.7243581109155728,1.1314131548888846,0
0.6665588993610251,0.478238247289104,0
0.5020248093458521,1.0088277836712267,0
0.7602510018671697,0.7724987577943491,1
1.6658560002165879,-0.1568941978676328,1
2.231092853617547,0.8324573676638718,1
1.2806405230625386,-0.1444288699433319,1
-0.7674091699546722,-0.2189781858413204,0
1.1077947703791606,1.125109028627964,0
2.366175292747961,1.73132743487974,1
2.7205844858142334,0.9844065340555948,1
0.507302609960803,-0.04192732522273679,1
0.9332780772032183,0.25364722246008425,1
-1.3837785189742708,-1.876030292400094,0
2.7972426434750215,1.1608731606226754,1
1.8038287939431663,0.9926873073075141,1
-1.7841399178683761,-0.9845508070726724,0
-1.0325483731434768,-0.6737438235054866,0
1.7179238596243769,0.2323862547402599,1
1.2644327705368599,-0.1198529199241064,1
-1.7245831863536591,-1.844080815980723,0
-1.2132583111219588,-0.6093289767827197,0
2.0500780216959984,1.4588448429120675,0
-0.2138111872472471,-0.38114850107483045,0
-1.4158572612293012,-0.6468726861996468,0
-1.4458585087178306,-0.452333815630584,0
-1.0872966603758816,-2.0450429093686497,1
2.7796311672860785,1.5079427329155002,1
1.0569849661103732,0.17250754788190872,1
0.6683009154153174,-0.4029203610429806,0
-0.22259906046709915,0.3049813834776609,0
-0.22071969376389022,0.5957323502274305,0
0.41145647013434095,0.024002050812346094,1
0.5426364857612792,-0.05110819190005017,0
0.14356108312083146,0.4313901908556962,0
3.515628123315939,1.5573712093834375,1
0.8651233845924404,-0.0700874714303054,0
1.1996857913370824,-0.4301059827814106,1
-0.2975221894068613,0.5675877002889335,0
1.736569821967004,0.768522229533439,0
0.42539001140404276,-1.857914447132147,1
1.6898274812335299,-0.17325524349566246,1
1.6817633188652525,0.7677069856613769,0
1.286663518446598,-0.7500354936453777,1
0.033258353530380536,-0.670439886485676,1
1.0950511198013186,-0.8123233253370125,1
1.214586377600974,-0.20845037601354613,1
1.5618508655091008,0.2952299173211729,1
-0.345968467480412,-1.448167181179665,1
0.30592021400046027,0.7134411224927503,0
0.8845764809670182,-0.12375166618778413,1
1.388405974853197,-0.7024314574434204,1
0.6838761265944134,0.5330829173198581,0
0.9489866479651671,1.2441933515362331,0
0.47504212883707964,0.5324941842016657,1
-0.02926871429972645,-0.254758180138912,0
-0.03407462863493249,-1.1943933015653228,1
0.8700443749959907,0.41059668181242087,1
0.3097153314495399,-0.49096118896788954,0
0.45164687803064335,0.750714206591454,0
1.006265113439745,0.846037219320617,0
0.08710184575752547,-0.5178184969839312,0
0.7351326522645767,-0.8239359906515074,1
-0.08283577086124601,-1.0636893999099313,0
1.623059932630149,0.99075057691587,0
1.4422122498566128,-0.3321476274476266,1
0.4612723281392306,-0.6064278993159188,1
0.682356171681277,-0.8432410224887812,1
-0.19957268567613573,-0.981892998268865,0
0.44050225628647566,-1.2454747829133863,1
3.3058457960661336,1.2777443105626132,1
1.3662325799626214,-0.9848504287671859,1
-0.320975554246632,-0.6048233348366922,0
0.03405580218353323,0.07288997840538948,0
0.006045929134000816,-0.49757065226996416,0
0.8556296618237682,-0.46579765374658766,1
0.09486023916786701,-0.7210824992979248,1
0.7700707865665763,-0.36543042051845565,1
0.422289738364936,-0.18172193495245775,0
1.2172216621218337,1.0809141387905161,0
-1.3428349249154008,-1.1423555824884248,0
-0.15649383000616046,-0.24888543495437093,0
0.07660838963389453,0.6291026111146295,0
0.8379572666108956,0.1484818552984913,0
0.4512368770583689,0.012470034019840433,0
-0.42076226769654024,0.19269208441991242,0
0.486168719912194,-0.3201227019112792,0
1.1970335068013744,1.4776635953912505,0
0.695918369988727,-0.7333932927694211,1
0.41148362942175853,-1.123630337878366,1
0.25300936132908547,0.6989181450289176,0
-0.04116722503761573,-0.28881418306998774,0
1.5120533478242666,0.1666212587116966,1
1.4851514566700654,1.4985295744529292,1
0.6351675116750487,1.4206598003781188,0
1.020872839395616,-1.4258136162756656,1
-0.3458978192496298,0.07019892531769316,0
2.5950254104506048,1.0377399899056465,1
-1.5124970055560913,-1.2040936633142612,0
-0.12261556875294209,-0.9842996128307491,0
1.0509535507004406,-0.04805826401395885,1
-0.00958762483244291,-1.1040557968855085,1
1.7917506917170505,2.090925999086955,0
0.17329064038396247,-0.29204871520423736,1
1.2246200455972593,-0.8828668885448377,1
0.29605726495761,1.22249900355162,0
0.325924009677529,-1.3517339625101803,1
2.6492169362492093,1.1388629172419327,1
-1.1714745559704511,0.433156404782509,0
2.352538945565481,1.7860940330792696,1
2.7987779801468253,1.5162116626377296,1
0.7259515508480714,0.407630403735645,0
-0.33123419286654604,-0.4334807274236055,0
0.1372695900834495,0.5168984512881375,0
1.5314238325596439,-0.193585246415477,1
-0.036427493365220706,-0.4713011340880948,0
1.9106198182716727,1.2384226250188843,1
-0.512778761985108,0.48849596705095744,0
-0.48261368795397164,0.438914751090563,0
0.9097231664386933,0.8947123534683381,0
1.0287031641400393,-1.26919317177016,1
2.340147137986466,0.6270909450766049,1
2.1451114716537,1.043232876875713,1
-0.9902202562231908,0.3081571515147131,0
0.37968895908878875,-1.0181758405811245,1
1.0940563303859276,-0.2831523653180228,0
0.06702200782031421,0.08266633436220806,0
-0.057734176818322,-0.5280882438012396,0
0.5582404586543961,-1.0760557647547895,1
0.27390190488727173,-0.016398621401360274,0
0.7579650671939232,0.5221727196604465,0
-0.5677788895122531,-0.3734984703231521,0
1.8015941973111682,1.1325618725259992,1
-1.0772075904077403,-3.197559924021402,0
1.0455458496084178,1.4489284487917322,0
0.8682836778886127,0.8730612844537035,0
-0.6891480900453737,-1.8200357415010946,0
-0.8298157359564483,-1.5729357554874825,0
0.4473337817332063,0.9526533946699245,0
2.412377089445129,1.3849160221708332,1
-1.4001208148737363,-1.7990251795591754,0
1.5481214612095489,0.4417943170945878,1
0.5654127940065571,-0.14705181885542698,0
1.9052503670961722,0.8476367674315322,1
0.8962674976416632,-0.7528848323691679,1
1.812226371928083,1.0151681228180456,1
1.2803687158766952,-0.40408405808385484,1
-0.06608641882468165,0.05249825872769915,0
1.4323604800602283,-0.9009531517028855,1
0.515445789229271,-1.0342545595392358,1
0.05843638114194949,-0.2688544630509155,1
-0.032796569444158166,-0.05588623564156632,0
0.44924982893321475,0.39205920939711414,0
1.570259929039003,-0.47283819923819737,1
1.4429209154900362,-0.10265190426522695,1
0.9979851635373387,-0.6326599419050024,1
1.2938406170956103,0.08943214929852848,1
-0.1282113752991667,-1.0125720029482683,1
0.2751108519618941,0.452658387227251,0
-1.0387670744194963,0.130485525251371,0
-0.7632925739768046,-1.4783991666328127,1
0.8853972458185739,-1.4396844429464182,1
-0.7262662429303283,-1.2780821641443545,0
-0.9322815248398274,-0.7899100583725351,0
-0.6024406560754195,-0.13149423277246639,0
0.5042196010540727,-0.6556394142492017,1
0.13037154292851286,0.3844341450528562,0
-0.7817070886016205,0.20027079486049343,0
2.6556045882473316,0.691012567492071,1
-0.9097595704404096,-0.13069188658995634,0
0.5560564108600876,-0.3587540965049267,1
-0.7392939503496085,-0.8461351350422843,0
1.6355914027485574,0.05124505526237866,1
1.4980839768208396,1.3174238128977869,1
3.134084337198315,1.7552542913286378,1
1.5106302051787486,0.592490760280289,1
0.4363579289717017,1.0449581403742696,0
0.009429404232662012,-0.1823224586943734,0
1.9775741882337057,0.06734610994450115,1
-0.5594425712321789,-0.6320006340672444,1
-0.3946535060855972,-0.15392656376570799,0
0.4682692382729896,-0.4422893244512487,1
2.009993002587979,0.07751815652551541,1
-1.824186105063422,-0.784140840514413,0
-1.7547246632610451,-0.08911937407071728,0
1.4955153508057792,0.660792079836651,1
1.2735046081116788,1.5826459971109321,0
-1.0596478623922667,0.6926508216518804,0
1.9866175973840035,-0.30493249208821666,1
0.319891334286794,-0.09508274551231849,0
0.9310604596458547,0.550203942607538,0
-0.007435761597093858,-0.3324233510575018,0
0.178207200780788,-0.14754051890244135,1
-0.54413449851217,0.09621331318638855,0
0.3375216287088589,-1.0056712286934013,0
0.6640724040398142,-0.08388965757077478,1
-0.502214563730437,-0.07298205998010696,0
1.0493307371586245,-0.020423898943187233,0
0.6837163087193036,0.5468729174950752,0
0.09289449436868709,-0.23387193574959272,0
0.7598486947288449,-1.288514499051627,1
1.8061953570924452,1.4602162859878263,1
0.7667346113567481,-0.48608606191108833,1
1.2417474015289869,0.6439138421613136,1
0.5596225202735381,-0.7721995125922042,1
2.516252566109883,1.5856326004638344,1
-0.30045877435024027,-1.001841216892563,1
2.713977541396104,1.2856448984690965,1
-1.4161134780894338,-0.5983374548431146,0
-0.30468991979023596,-0.0208196053995724,1
1.4337163106525723,1.931040999533657,0
1.6407287883134993,0.7462328240722907,1
-1.1474388796629678,-1.6106247605150037,1
1.4984676059257307,1.633211757771707,0
0.9117336966328662,0.41566659343418005,0
1.0879619716576936,1.4688463298239238,0
-0.7010997468459065,0.08767191997822302,0
1.0063782206725713,-0.27893933616845756,1
2.3582986435289364,0.19442103925065074,1
0.14478484848700177,0.5426996463551147,0
-0.104472001890033,-0.08037839243720829,0
1.0428460478347135,0.5948486093286283,0
-0.5543230537129621,0.040660669317397154,0
-0.2879759809133373,-0.6076432319582927,0
-0.4489862816982557,-0.541356381566443,0
0.37956295682575036,-0.5782270879942382,0
-0.023444563921171335,-1.2582122229404609,1
2.586105096633381,1.8934210798340652,0
1.7681485207656324,1.0707801730780526,1
1.5819329524222592,0.7194341042287916,0
1.7839504897427938,0.49589286517136305,1
-1.5222575870555344,-1.460803916865738,0
1.167359112595225,0.2561435228024283,1
1.5475837921979196,1.566429084705689,1
-1.0037594857130878,-1.3015593114559592,1
-0.6707724730493353,-0.2921231858976916,0
1.5522853418866038,0.33302032635851375,1
-0.2501482252156757,-0.10138071291420307,0
3.08907229416143,2.071261217721169,1
0.8962923575015502,-0.6567115416389903,1
-0.9631517613631619,-1.3512690705660826,0
-0.3639743297037581,-0.21585165954580784,0
1.2995826787097122,0.8558836933997647,0
1.0595473728959446,-0.2722444405707883,1
-0.3420136228039046,-0.6350729247665674,0
0.8158157587829642,1.6257512075643181,0
0.026301808622912537,-0.46479470594771893,1
0.998831093189866,-0.574440615504113,0
2.1677620154505863,0.2998863420627314,1
2.278167048166446,1.0632085942300398,1
0.5677536234344909,0.040222442237261034,1
0.7262309766242232,-0.95222293652094,1
-0.07488452346051347,-0.5702321906815748,0
0.869476277508727,-0.9377599297017478,1
0.70707016551425,-1.1934609491171702,1
1.0587675946783996,-0.3903617346828939,1
2.380832541222605,1.8040464607952913,1
2.3115808299220815,1.4881908878035264,1
-0.40666243266028607,-0.28197488753666755,0
2.012739829257762,-0.03865107375022003,1
1.5361330569489644,0.5266826329932435,1
0.004325072127319694,0.3665928096805926,0
-0.4091088042385976,-1.5095917942480284,0
0.08211069091226242,-1.4144137162208301,1
-0.4289559223896601,-0.05437331292625001,0
-0.06099459863018475,-0.9366201611696513,1
2.0202702780513753,0.5516661961588326,1
0.14525887409326615,-0.30895869198927356,0
-0.6939323665989156,-0.29700163281552105,0
1.2686934327496264,0.2055119169889946,0
0.20371157862676284,0.2447192566229981,0
1.874741638317389,1.625682543116139,1
1.5242811154605347,0.26867646628853187,1
2.0516429620649337,0.7785980376578843,1
0.6377959882886461,-0.94511922326128,1
0.9959424105463723,-0.6130226113350026,1
1.7601302923827506,0.690582313982088,1
0.40470104952291297,0.9777343718652873,0
1.081053297348967,0.7601180514513431,0
0.48951580409522444,0.12739866694735083,1
1.5623581870402137,0.5011201960621756,1
1.2835171564392422,-0.12602066903685427,1
2.986041074086191,0.6557231900296123,1
0.20614087125629493,0.1307495295191574,0
1.062065541520163,0.15340201761145886,1
0.0012603462457666636,0.3019935290304285,0
0.7579283832770736,0.20569448754084171,0
0.5224878315151825,-1.1553464309686616,1
-0.5024527603331929,-0.2799600421476932,0
-0.9090274000624289,-1.0371509289538472,0
-1.173572864055935,-1.8974128720518741,1
0.06875190926411394,-0.22363696063285032,0
1.3541572029188762,0.5909955965783339,0
-0.07543985839892264,-1.4755436947060494,1
1.2290290657200555,-0.8511535272728008,1
-1.064577454327931,-0.010447336354509139,0
-2.111489512199632,-0.6675523917956829,0
1.3096052818554573,-0.4174879370163375,1
0.07959894838234116,-0.8407230018734937,1
-0.4072829707036697,-0.5900294833016472,0
1.8635882694343109,-0.13156907142633956,1
0.7639009666257542,-0.8681632313545158,1
0.5474044870857511,-1.1018463922283708,1
-0.3763601426740159,0.810063009910027,0
0.1386913369656999,-1.059743902240292,1
1.5822498547046635,0.7894210173654248,1
-0.3696566230972846,-0.1961436764580753,0
-1.670777542537241,0.29211905381199194,0
-1.4422184004148195,-1.2446884313661208,0
2.127863752766549,2.0989150897859474,1
0.9432795022453,1.1472478278645293,0
1.8528970262198654,0.8596476245161404,0
0.31525732375394266,0.17616087350983464,1
2.177050444704073,1.299965177509227,1
1.437354483829774,-0.3715980810780847,1
2.1573456390863974,0.6404632683742372,1
0.3822139860263243,1.6159337568535768,0
0.23709416952178314,0.23485647875003307,0
-1.3618067927305761,-1.0911022662985344,0
-0.6055974576199666,0.3830299748264184,0
-0.4226253579962032,-0.5723758812924413,0
0.5481565365056135,0.28214824829835766,0
-0.0907007441391392,-1.8160236038329403,1
0.553514711579223,-0.8252936154318942,0
1.9772532080224057,1.1490560226984545,1
1.63929560945313,0.3713232199275406,1
1.3933792299966168,0.2924577135291878,1
0.5212911183240586,-0.03187238005200114,0
-0.7085660927432398,-0.7391562915241764,1
0.3715417005466912,-0.5086688566628154,1
1.8969957421371029,1.2329798201945472,1
1.5300107866482817,0.03244167729378763,1
0.9980032384121675,1.724442413645532,0
1.7251768380745718,0.5495832851853187,1
1.7648968871902573,0.8496136028059683,0
-0.2774294028416109,-0.5600520813321993,1
-0.1444777841094483,-0.8038867210305444,0
-0.37589309533452797,-0.6975613221662325,0
1.3583408607231173,-0.20066375226801736,1
0.7915894266051595,0.4906882294215599,1
-0.3201326612145772,-2.342763397702892,1
-1.4828854027964802,-1.0280751873217189,0
-1.6760666062743035,-1.0041281771440724,0
-1.238512349355623,-1.318241434680548,0
-0.9478271307167042,-0.5179868325666382,0
-0.36584816729193453,-0.013658786782418438,0
1.7615390662035084,0.7851146107061163,1
0.08801789898463674,-0.6542402031637797,1
0.14794407870571538,0.759344246831341,0
0.13034615641287428,0.29534769006159783,0
1.1410737378164635,-0.19273738362311912,1
0.0700098130164783,0.5291785409983006,0
0.7806353085534486,0.4782168119945823,0
-0.2863480166244001,-0.6876019599623768,1
-0.669829528176285,-1.0132283060479246,0
-0.1819922675314803,-1.1256903382681955,0
1.9192257940471982,1.2296938509191808,1
-0.5409954538464758,-1.3114993300374698,0
3.0746790430808675,1.382069701574701,1
0.602476942382819,-0.659941269940455,1
-0.24388401598634127,0.8050941250858937,0
-0.3321530069711002,0.7297459880305266,0
0.8429308440442572,1.0872804660974071,0
1.443284252450848,-0.1968788823157279,1
1.3780386900007333,2.9746889465271966,0
1.014095506778275,0.6493216713293617,0
-0.24628132384288812,0.4073145057533292,0
1.8077458716029553,1.0162668976316325,1
-0.49326270185079807,-0.07494295148893562,0
-1.1534637101092737,-1.100694098444404,0
3.0206664000053793,2.7744997209505167,1
0.9323782001305005,0.4433306656614321,1
-0.42032699864034656,-0.1633069198269338,0
1.9905544931913095,-0.3928731186784825,1
0.420428527175176,0.11847336513834592,1
0.23342564283751566,-0.8843414963256608,0
0.4674850932846598,-0.22599927711241752,1
0.9562320778732891,0.1883026366247272,0
0.035719973067100785,-0.2924382432649374,0
1.1255377447446495,-1.115900022023328,1
0.748152787859153,0.9417071361326377,0
1.1483978516645017,1.6626898937063415,0
1.2644739387108488,0.3783805093370084,1
-0.3858211659807566,0.6477639842454372,0
-1.0740098318797935,0.047308449201294546,0
1.1262444837185217,0.6330179661650125,0
-0.9451813120704561,0.055192075238837505,0
1.654316648216332,0.7512438756715915,1
1.2600452032114469,0.2798433828532653,0
-0.22242126067249846,-0.6684639156376185,1
-0.742660429056168,0.4542997377092224,0
1.5858808414770262,1.1985024285541859,0
-1.946780508113478,-2.237870072764029,0
0.4609700090276635,-1.3359184909483945,1
0.5245120815011768,-0.7721873861187079,0
2.8323186688853355,1.9989476415798417,1
-0.2518147478319693,-0.5102672680595732,0
1.7883257776759938,1.3944890374990175,1
1.4570017351992561,-0.3832062208123669,1
-0.6528819123350172,-0.5384124550976347,0
0.5060274162082546,-0.8565935028909458,1
0.41553298333508937,-0.8439909649570554,1
-0.7367907284757041,-0.6535445814785003,0
2.720500914709074,0.16171756382043698,1
1.2268052106795448,1.3306220896151855,0
0.06133616807663493,0.4789878078957088,0
1.2159347623585561,0.3527347998501953,1
0.9549619985223301,0.8926841999135793,0
-0.5882963696192175,0.029677701224158463,0
1.1243018075004798,0.19883870827472927,1
3.4263183662138426,1.93375298477705,1
2.0559264402383306,2.12913431151058,0
-1.130853736848492,-0.3313158556792552,0
0.9751467190571008,-1.0048058686934391,1
0.33957345339086675,-0.5072170641135454,1
0.5441337618059209,0.016925929105077363,1
0.9043749233343032,-0.22798019388950694,1
1.1235420560056097,-0.48857906006170576,1
0.4135670149202532,0.7157330885432764,0
0.893298719012744,0.35342551733889443,1
-0.9405883650561364,0.09329622192149775,0
0.35897513603288866,-0.658518628948446,1
3.0266790810356565,1.278456547549695,0
0.9739609221996376,0.17503829930579712,0
-2.0647508347597374,-2.1090172242682,0
0.25235211520607476,0.595250615430684,0
0.5978389660851258,1.221346247637053,0
-1.2567159411401865,-0.5229824681031283,0
0.12842695523352488,-0.42454600203242415,1
1.1515406406861513,-0.2925305019704915,1
1.4684310618103138,-0.2470993261002926,1
-0.35238859980518383,0.6340508658299769,0
1.6056736290477025,0.265593396828508,1
-0.9859957777017775,-1.2037697840120722,0
0.3483500255376669,-1.1797484612356486,1
-0.059323758934225035,-1.4398343899138644,1
-1.8521772433966417,-1.5355026587196443,0
0.7512936632081879,-0.7679612376499166,1
0.3576477185973239,-0.314508085092718,0
0.9713603166790413,-0.8516313204976911,1
1.4365605017398642,1.5097448718813622,0
2.4831065817206843,0.5902603173472015,1
-0.4714206469544865,-0.42566305471333715,0
1.9551711965083403,1.4801453464740113,1
0.44980925967920227,0.9901032810315764,0
1.0247310639431593,0.4175902312439077,0
0.3341579113791479,0.19942350139476137,0
1.0577974077012775,1.0745734525992534,0
-0.009209011616020613,-1.284053263948541,1
1.758682407708216,-0.11004304411649328,1
-0.26509965865240703,-0.15352816617346773,0
-0.3898109529289209,-0.7463717093026644,1
2.2838110939507335,1.0376719602853297,1
1.853318913212313,1.4589708778878652,0
0.5906689025201469,0.4154215100678224,0
-0.10866393906265304,0.5234406447575005,0
2.557199568244073,0.7824017902831992,1
2.26529932811873,0.7046035367079672,1
1.044735849438742,0.6466319484717913,1
1.7632798889069548,2.1285941878184,0
1.2838467683897123,0.11263784619942864,1
0.33055643167450904,-0.07686475353153988,0
-0.4858051907892437,-0.560134524078723,0
-0.41874129222136286,0.17848428996043023,0
0.9748697004831098,0.0819077766176538,1
3.4344249648580503,1.2875661339861801,1
2.4473770526621794,1.6139336207576618,0
0.02679861456760537,0.025053653500430734,0
1.675067698934384,2.285603521170313,0
0.7902568947055092,-0.022827769937819115,0
-1.0891907309322264,-0.7887056162269888,0
0.6525538639614936,0.6760324047628682,0
3.263773807991301,2.1537934412821853,1
-0.0856210032356779,0.127924031579684,1
2.3989583466398203,2.0487119644324077,1
-0.23116261189505125,0.99979294406445,0
0.20234672716644286,0.6531257341854096,0
1.6860698314424165,0.9411453005558512,1
-0.666981420338982,-0.14577146719628406,0
1.4673701850822138,1.0169112872894812,0
-0.21801818134216747,0.7065004197716981,0
3.055518478170966,1.3175703254732818,1
0.7965888540754336,-0.4624230379427333,1
1.9677155252446448,0.5057351963801544,1
0.17511299652899814,-0.8509812281964466,1
0.8631075338087713,-0.01688346188044483,1
0.8397890724328474,-1.1333016820691275,1
3.161489234775356,1.6543242370664821,1
-0.4276287665832452,-1.443530112374723,1
2.7220002065407662,1.6509079801327784,1
0.18523225434512347,0.05096533980841202,1
0.7894286412118692,-1.5079088607532545,1
0.10716458304914189,-0.8990052323675425,1
1.1425982874479983,-0.31758089757278296,0
2.4237289819596377,2.211669074090681,1
0.5889641499238242,-0.025592859936764474,0
0.5041995093707463,-0.4179548209534529,0
1.0427446722163298,-0.9731266525682128,1
1.3343023597208177,-0.49066238170210713,1
0.8501653751511337,0.6515366402705328,1
-0.49090768253825723,-1.2210250348939686,1
2.6649779979185233,0.8041194226903597,1
0.5453200386622674,-1.0895739819648464,1
0.24425456410735602,-2.403514669533936,1
1.2844050652343584,0.538379909699962,1
2.5196141570568233,2.3878911852411293,0
0.802714159538117,0.41696604809612514,1
0.19747120478871646,-0.0445130626714845,0
-3.249326802794763,-2.4237546461590544,0
1.4372784225412476,0.17556613427540654,1
1.764710158328024,0.5957898286901622,1
-0.4779158377684324,-0.5514460951556102,0
-1.2133216094124797,-1.476227800477099,0
-0.19034994285194762,0.6278336720465513,0
-1.2406301382816205,0.30936046994840305,0
-1.041987307094589,-0.6888108857774531,0
1.4824290778890772,0.03233910450669397,1
2.598138235320477,1.6800524591925197,1
0.5959367393845226,1.6437850542612027,0
0.7255827329171787,0.2863111763482528,0
1.3750612454027793,1.0287155056573503,0
0.7609114919747189,1.9717073471529645,0
1.9551226857024846,1.8680651899328133,1
1.0081241338542881,-0.035115246040455836,1
1.0723914974971025,0.21719821372826056,1
-0.896077364514783,-0.7574775141690827,0
-0.06020895305612579,0.4183958536683571,0
0.6442812877723408,-0.35197081198156394,1
2.6193102580571797,0.9544621405743474,1
1.7907992242940889,0.3892223750109678,1
1.501928950195556,-0.289153647780191,1
1.3153876934140483,-0.48512213189694603,1
2.3361519492044422,0.6288293064770991,1
0.7990608532584326,0.22632214712731288,0
0.9068286053600593,0.9986133112489354,0
-0.13524317265111932,-1.3384120781131221,0
-0.9957271019187728,-1.4293318979493084,1
0.1900351498146138,-0.26180997753970925,0
0.1091621512250238,-0.26358731362476445,0
2.2938414535119733,2.0198154761073264,1
-0.5647578998464854,0.16016146762085862,0
2.33333480696069,0.7220591872314926,1
-0.3295124151370527,-0.016773518252115715,0
-0.03201675161141188,0.9775740012087514,0
2.107815829546924,1.0511478746896386,1
-0.603566904371818,-2.0815438732392044,0
0.9552545129862104,-1.528309035709275,1
0.6692383599610472,-0.2963752089062101,0
1.054184016760294,0.08422378757291903,1
1.1426200514980855,0.7656930445202523,0
1.0479745997232466,-0.0621427714067426,1
-0.378762489163985,-0.5783364382831571,0
-0.06087607904673753,-1.0912381122786932,1
-1.2899554452866098,-0.9262510060254805,0
-0.5562209333840837,-1.8762480636118442,1
1.939526345572351,0.0260756879993385,1
2.455268385276965,1.1263100094780145,1
0.9116296633279984,-0.6460954199332037,1
0.29481490234588337,0.12053370956416105,0
-1.301156537498246,-1.5769772449256245,1
2.2450700271243806,0.7730988249007319,1
1.6089233920152253,0.09786013599078618,1
0.08637058644751774,0.21961160390144763,0
0.77356117577057,0.46993349660511685,1
-1.3410294347649554,-0.6135167337280036,0
0.14592447460005073,0.31684873135484876,0
1.5134053003835877,1.1132292801471366,1
-1.495673721767142,-0.970682705413084,0
1.4676383944915805,0.4521525702606618,0
1.020300955173644,1.256669397793914,0
0.7140857210478969,0.6744485605586258,0
0.22399798718483152,1.0307308386559286,0
2.480966381869546,0.7269211536742324,1
0.4551674757098984,0.2587813845445323,0
0.9637629603872518,-1.126635284925956,1
0.487379108317312,0.4204763896447511,0
1.6589387384950836,0.6450029148323263,1
-0.32327924745690134,-0.1670756337026383,0
-0.2769935406314641,-0.5855266702871099,1
1.5610924393306747,-0.4404403928218345,1
1.991516870738197,1.741421323748077,1
0.20206061245188917,0.5214439837426913,0
0.9947906216031789,0.0594586421723591,0
0.5832054610890272,-0.4552284640415907,0
0.5682654143864887,-0.5118964531405005,1
-1.1796099576592378,-1.8851913063239767,0
1.1097857091967058,2.2528764647326875,0
-0.5275379960479873,0.05212732689118456,0
-0.2961583032717769,0.44392763116798345,0
-1.6629886499976232,-1.5988084039875798,0
0.7493260777177548,0.4168097986855909,1
1.8074527141463834,1.0461730783326741,1
0.6407209135289288,-0.8478605937247177,1
1.1134329403184478,0.9086534639657321,1
1.6285812527769494,-0.6084392868522046,1
-0.9494149618411291,0.08798390000157405,0
-0.9842751551519526,-1.7327089950125008,0
0.257527944096101,-1.776293565914373,1
2.0409714352647077,1.331301611533816,1
1.2637066619420154,1.3006463713355287,1
1.239696106430869,0.7253056653018377,1
2.2619911542037983,0.255607817910555,1
0.9772411668941824,-0.2887048756819717,1
0.9654553883126982,-0.21912046703329352,1
0.37486208834852536,1.2004342414424534,0
-1.0659787724464516,-1.3150443528459077,0
0.14382263654605953,-1.3655204593086345,1
0.6629193497419676,0.17688571238268003,0
-0.6187334816485032,-0.9567597968299312,0
-1.1767386930353374,-0.41825597842020973,0
-0.0106742413847716,-0.049047138643088295,0
-2.192664386581769,-1.908559544871314,0
0.5293569594364383,-0.36673350010923195,0
1.8520836503306315,0.31709067801891044,1
0.8331114457376882,0.10328907101358221,1
0.4851013837242826,-1.8719688223671467,1
0.48718449980743606,-1.7487207302382666,1
-1.740686001604577,-1.345664702159294,0
2.695238679248311,0.8023716818996286,1
0.4109621758453724,0.7391990410276101,0
2.3531061269424,1.8330274355064862,1
-0.09355787658611259,-1.2063525748580235,0
0.7165832384854401,1.2807171760946812,1
2.6164753305555166,1.0965289548838932,1
2.59675204016349,1.173096563730537,1
1.85350459638879,0.3193521563859264,1
-0.34115552528184256,-1.0904475842564996,1
-0.36237517571364597,0.0649255807187912,0
0.18578476533514454,-1.0456217623870456,1
1.6132147724624328,0.763787621865592,1
-0.5658927907975596,-0.7122078913207991,0
0.8108737760502615,0.176628358883983,1
-0.8885670438442287,-0.5190896720117159,0
0.5938671301962994,0.12600021860889057,1
2.054995392074441,0.5110605436324853,0
-0.44873316123307794,0.040200612704306915,0
1.070226009107041,0.9411288593469932,0
1.9863276040459028,0.6208233806370228,1
1.4243302169933671,0.6640027672393082,1
1.3039011895815358,0.42614086972562526,0
1.5101153341287201,0.02675579167069707,1
3.3357483823071545,1.5460494541315926,1
-0.9384035040937533,-0.8782124772621893,0
2.8788228151839337,1.6730306320279424,1
0.2915471695208737,-0.22370601338977156,0
-0.026459382726813807,0.01688236322463412,1
1.182432694817842,0.9112411607119337,1
-0.03591395586019299,-0.6406188988533055,0
3.134290919909472,3.253490563512549,0
0.391433359194969,-0.4463576227630498,0
0.29380736244745287,-0.3877484398086242,0
1.6722168509425144,-0.24561430327611816,1
-0.744181759546748,0.02128413954870069,0
-0.0734052445440283,-1.3628619180585442,1
0.9216163749633712,-0.48976404325916917,1
-0.6329767707455162,-0.8157078718665599,0
-0.6452265935059732,-1.1472662741062347,0
4.126987616484414,1.8705960090433265,1
0.8123670481193479,0.02975353446261942,0
0.18390467132978996,1.6084116260322463,0
1.720832113520687,0.75190005779183,1
0.25177911840297906,-0.8710721190554687,1
0.7947486042091729,1.238882460094131,0
1.5788185037658538,0.9648315440008417,1
0.8560176787199094,-0.9148511180171536,1
1.6170215286280312,1.381735816407425,0
-0.0787428758629009,0.10741949133837571,0
-0.20492556812647678,-1.627467811393241,1
1.6342090996570917,-0.6213652436453339,1
1.2369841051364796,-0.021813777257024707,1
2.1949503670779142,0.4438604198559481,1
1.1224227502458612,0.36902827229009433,1
0.9029533924130426,-0.03729262228654762,1
0.7602780829372452,1.0582585760368204,0
0.09088712893689706,-0.38538886705072184,0
0.24051030930886796,-0.19606200782028269,0
-1.6927232837322104,-0.9086151380465911,0
-0.10553328722674937,-1.3349832266441595,1
0.29364124685328274,0.14351164757941778,0
0.0798479198691344,-0.20547145251913795,0
0.7277307155302992,0.6189821809262961,0
0.5594507674656662,-0.3288663226974574,1
2.04505623567145,2.370305255397143,1
1.2403572267019671,-0.5224871417076647,1
1.1841212880428642,1.8925859133602323,0
-0.3629809427216969,0.014249882997166936,0
-0.4694878727348094,-0.5510004657829626,0
-0.1060036675215889,0.7124755755813477,0
0.9372605521666773,0.5639611138837543,1
2.0412796903531545,0.8497568604068889,1
-0.7794084967034627,-1.0950639831778266,0
0.7462713862614921,1.5468218045743052,0
1.1181117170526857,-0.5820030204809467,1
-1.5816237153996808,-1.6773930412031222,0
-0.1548129796719119,-0.027377325672710565,0
1.135194350208903,1.1764131662978723,0
0.6741389550744191,-1.0534497631956505,1
-0.12787900536910535,0.8303015589496923,0
1.3673700206335975,1.4506171801909271,1
0.06520714487410552,-0.31513297246863514,0
0.8756551774454906,0.39280706101222407,1
0.8787668899825171,0.7241100568167521,0
-0.5206498043181262,-1.2577258384953147,1
0.071541158273561,-1.2139528202704752,1
0.96059932850064,0.027317747244913464,1
1.8974505766168892,0.4888395996627387,1
0.9982440268223904,-0.7602773518817629,1
0.5506972375232373,-0.49865451543215283,1
0.39155959233290794,-0.8456036356116499,1
-1.2607000577038316,-1.3612055145791804,0
1.5649422498227377,-0.41439364334501017,1
0.19223917641812874,0.12059704712988187,0
-0.1495243083440193,0.3219735942621857,0
0.755363630156872,-0.32274666358230936,1
0.9829647027939322,-0.4052606431600496,1
-0.3148499213742542,0.35576226698833646,0
-1.1883186977831715,-1.4673984690454682,0
-0.31987542674081487,0.7996469803585042,0
2.0147646690137195,0.3943183968928234,1
1.0580437999100452,0.5350028439114484,0
0.8218846339985671,0.5317333434563625,0
-1.044341950912654,-1.0655924829198806,0
-0.4950227204109081,-1.813097889087007,1
0.5632258663366714,0.0640736517098556,0
2.963178428114963,1.1128759918119862,1
-0.16769614271325226,0.20970492818659062,0
-0.6513188739328304,-0.24819719345477445,0
1.268160294687638,0.7135666669197851,0
-0.38163043593818247,0.011061353122201207,0
1.4460441571965634,1.2215450193778519,0
0.13872789941684327,-0.6273787530952655,1
0.6687377642521031,-0.7892949359810857,0
0.9727643923297762,1.0682878109493248,1
-2.4413027475012257,-1.9955907850051524,0
0.8073114711634437,1.0051570728512171,0
0.11095606392015321,-0.6122196535110765,0
2.427723946976588,0.041305422593963324,1
1.695521883498069,-0.08531658873390743,1
1.468797985193293,0.9214355850735243,1
-0.5212633264529469,-0.8434158123902228,0
-0.26393896749185153,0.47143719627648745,0
-1.0481694685146021,-1.255780013248669,0
0.7979289204927007,0.0643275032174652,0
-0.3988685326873936,-0.3622723299755918,0
2.3762887748661683,1.0797215325082714,1
0.07862408214036908,0.05641224748115383,0
-0.4688720532272243,-0.9626251158534942,0
0.4687166368197156,0.6672953867950402,0
-0.10396000742201747,-0.18956519449682463,0
1.4408189027869034,0.5202905274146279,1
-0.8934812964842617,-1.469861460334045,0
1.1061149378724375,-0.12859816115729156,1
0.9364018187580295,1.8576184220179939,0
1.970560797840494,0.07323253119577788,1
2.270168694390547,0.7017189825210556,1
0.5183468326702075,0.486165069098232,1
1.88343688780349,0.6208682910312558,1
0.34762823217407435,-0.7668543766073647,0
2.224813187112135,1.1986027570774676,1
0.4379363169309528,-0.4980322070466574,0
0.4009011120910307,0.8749814995866381,0
0.18064302555676512,0.38675261974426195,0
-0.303872722334288,0.2565339582581663,0
-0.04510157386101121,-2.4599972028652353,1
-0.7100767666567918,-0.3393507242224717,0
1.7565401600148383,0.726106152534574,0
-2.2104029318703584,-2.470973168032332,0
2.293433857782098,0.9115769937534752,1
-1.778145827545899,-1.982284775727256,0
0.5099417799810098,-1.2822447752393034,1
1.3323901768181428,0.4043722826304551,1
1.7305116124966065,1.8415414815139166,1
-0.08123569885096504,-1.890536758044033,1
1.060028156104018,1.5595733083482726,1
1.3977724249307066,0.3888480010427904,1
0.14107882714426861,1.3211256219823428,0
-0.5092960792425972,-0.9363673464634097,0
0.24377848952653192,-1.6205205552206687,1
0.8311065079234499,-1.1276115249184502,1
1.8720000339376193,0.4284599197136804,1
0.4189312998337972,-2.371261942551029,1
0.4176441088474162,-0.37705581499500845,1
-0.07293839519744144,0.6215412952812454,0
1.0828076295230455,-0.17234906146132065,1
1.2788613243800186,0.2726403913296244,1
-0.2507054897252285,-0.30078332644259403,0
0.3923543264715361,-0.6425829377674114,1
0.9900620744708516,0.8044952873785681,1
-0.981696399368124,-1.7326869053893623,1
1.4220995177257938,-0.4953738688071599,1
0.7370806697800107,1.5439065939755774,0
1.7034278814303416,0.00664339224027824,1
-0.23460244113733397,-1.736436801902654,1
1.5696184769920476,1.4929264332034304,0
1.427413882139436,1.2751783844950748,1
1.980348214733326,0.2689702086495393,1
1.4372588075073711,1.551689227285994,0
-0.0956893184864401,-0.005853213287642788,0
-0.37397769472155695,0.3607941148655476,0
1.402793419599476,-0.04976936537149461,1
1.6001749526527207,-0.3668005234998915,0
-1.3465486398289248,-1.0831780894516656,0
-0.05011363786600698,-1.401388428902357,1
-1.241977774217738,-1.9315753242821627,0
-1.1450893731762086,-1.5980064235001703,0
0.721764600736703,-0.07093472117603376,1
0.7914977587114566,0.8112994534681813,0
0.7965816884064659,1.8340577431854113,0
0.2787082552557546,-0.34567630705416635,1
0.35595802545871025,-0.6434869339271388,0
1.736531991809953,0.6337192672679478,1
-0.7428544803307077,-0.4273389695394636,0
0.22873880365432508,-0.9293997820377619,1
-0.7265052453396468,-1.007828071570453,0
-0.4233821091969796,-1.2666035827734723,1
0.2992355355227497,0.19145611015511035,0
-1.0333732685004982,-1.1800865514144983,0
0.04935446992428618,-0.3699845636098978,0
0.3629908535352142,0.45624320214309977,0
0.17654742319130423,-0.7932872267165695,0
1.184115867710545,1.2973498571884272,0
-0.6203659851182002,-0.5434970583271557,0
1.4210658462346926,1.7816245790156753,0
0.9523110151237962,-0.8207257251206539,1
-0.8596022718085418,-0.7669494831139475,0
1.4200979166453989,-0.4668233190937096,1
-0.2521568137718443,-0.4288330180117141,0
-1.2185577356458432,-1.505351365907635,0
-0.5128519954551591,-0.5736259426453354,1
0.4196992093691617,-0.5284411904318205,1
-0.15771139590550187,-1.0809757186833133,1
0.7786931778803191,0.3794856551837533,0
2.2431226722532065,0.9280815177965279,1
1.9184613064715417,0.40506343921007026,1
0.299436705917792,-1.4946819768727249,0
0.43801926841548616,0.9159703802628265,0
-0.5020301879298759,-1.2580905647062885,1
0.9905613289461417,0.4059493422654376,1
1.6954774475493881,2.0289002723022618,0
0.5506442929789169,0.3474155736097022,0
-0.9876870798914672,-2.3271027159772615,1
2.1530184422825376,0.45659313777072263,1
3.0576449031233253,1.699371030113078,1
1.4984797012023232,-0.10461843583763474,1
0.29632438116582277,0.9256638210828463,0
0.46269517129217647,0.2648615847328833,0
0.7712146277129068,-0.2867787429886729,0
0.30197811128770014,0.33362929020546356,1
0.3599088148306517,0.04543401724800426,0
1.3009659335489803,1.098292535462574,0
0.8054438249487306,-0.015427577688751547,1
0.959446269386454,0.5358564532245813,1
1.591025304891603,0.20666213690364235,1
0.5568605497650605,0.8905537122053768,0
1.0309116445180817,1.6396887528867916,0
0.5052344017936866,-0.3274373087918196,1
1.2304851577227138,-0.4832347175546684,1
-0.597539773110111,-1.7245309305529322,0
-0.08678771198477551,0.3852853063265535,0
1.1519626179150013,-0.8422247485843187,1
-0.08714766150481901,-0.6091964034484101,1
2.0270400284279386,1.131179536581845,1
0.862330646747882,-1.1906104303637972,1
-1.578487915981208,-2.9803209403738284,1
-1.8766330685275885,-1.4572496013549285,0
0.3939431186412305,-0.1652146414252944,0
1.3859648843150298,-0.07611297618772843,1
3.7597461094429327,1.7443188448423068,1
-0.09673357036885401,0.11956281440367639,0
0.7411096220232227,-0.5500551298260808,1
-0.7397170701389757,-1.5328780568787297,0
1.1752512702101785,-1.1101148037626198,1
-0.47526253232116145,-0.5314152713054778,1
1.7495620906117204,0.1984953892482256,1
1.0543257027504034,0.9805153364679162,0
1.678198504560071,1.3934227895254254,1
0.33424424026931954,-0.8529935576924716,1
1.1344251838374124,0.24206150223745893,0
-2.0799981988087124,-2.058267566948867,0
-1.8936531293751766,-1.2183714899478346,0
-0.06839262043895622,-0.9464043079037541,1
1.4585451489675072,1.0819490422778058,1
4.379858489069169,2.5441152525313853,1
-0.5029215145561886,0.531407190118574,0
0.07841535102595,-0.6233297811442864,0
-0.08202238277664375,-1.5164582585432143,1
0.5164109205002013,0.10305894129710198,0
0.9003347551913828,1.0142438293872427,0
1.2198367514707835,-0.02130928615068348,1
0.3058281465070374,-0.9522785487661691,1
1.071943060107198,-0.6711040233674732,1
0.2907634040089395,-0.3130289285666382,1
0.3759687591584914,0.032966765020924,1
0.05847027658843112,0.6658624783888054,0
-1.4371736668923851,-0.9912139951695248,0
0.5926848949292298,-1.594648288364078,1
1.2098850443981615,0.9684316751486661,1
-1.4510015527058338,-1.5206374825915758,0
0.7513406392633635,0.34674847317536356,1
1.5078461879689018,-0.6263865502141338,1
1.805887512777548,0.1988052255238309,1
2.626593483099553,1.2969256576794725,1
1.059434696982177,0.3871236007599428,0
2.2380418814850724,0.5934214085089035,1
2.631326404120954,0.5071168789518697,1
2.4593284776064444,1.0500567456867096,1
-0.6497718508345064,-0.9528856238518266,0
0.7099946771272665,-0.1961576193915017,0
0.4492317354096077,-0.3429988944408435,1
1.034814855630101,1.2900062585219856,0
-1.7319668522145828,-1.3267416020689629,0
1.5229366200067833,1.0588151186708896,1
-0.49112082028513665,0.3710553866985992,0
1.4213700242674874,-0.4063585960578095,1
-0.7378262988630013,-1.2853325131254842,1
0.37796259465247345,0.6222205680242187,0
-0.5552024435941201,-2.5817406547106945,1
1.5619743517793694,-0.0029190103076414827,1
0.7387712518998854,0.3516221498094461,0
0.32734905218517524,1.2185472394501473,0
1.6698104863641432,-0.2022106729164395,1
2.3749799271390115,0.70371231903618,1
0.6339537606279871,-0.7479938293627879,1
1.526180326384015,0.04634990752202075,1
-1.92811504443373,-1.6181616642775398,0
1.2078348129999978,-0.45841043852198354,1
1.4197019212368098,1.1810360063121943,0
-0.1074367555066003,0.04643169751159995,0
2.3333114251753786,2.7581610274875232,0
2.338853171737987,0.3701063462389456,1
0.14889512440722164,0.2723235238395528,1
1.7770712837519365,0.6616933572939716,1
-1.2947275510949212,-0.4599930087848927,0
0.5476783906148253,0.7228246921863418,0
-0.6508653286160946,0.4997562594139022,0
1.3230005487397543,-0.67951093653677,1
0.45540598011537015,-0.7692046619060546,1
1.9865055746966007,1.408146347293735,1
0.7884190171217826,-0.11329074976143885,1
1.5935079497588742,0.22928262629193977,1
0.5252845536752462,-0.30427491398509665,0
1.5794504191286516,0.6459943228253783,0
1.9821687985540442,1.068786519911032,0
1.6671070590346317,0.5139850202323532,0
0.9348969233116522,-0.13286288687812012,1
-1.4511368663110626,-0.35548043583547523,0
1.7448319743504945,0.7576854958709415,1
2.001318809849609,1.6103507902042404,0
1.0928635132175533,1.5672381664656247,0
0.10929068748433783,-0.010086310898128604,0
0.9398534076229774,0.15213472077918705,0
0.7848660266466472,-0.3584179562637075,1
2.5467483172530363,0.018031340829517285,1
1.5500666160022112,0.1531389882390467,1
1.091630914975066,0.13935213563914883,0
0.9489256149095309,0.3689215943829022,1
-0.045881147583174506,0.010378223021761923,0
-0.1280175415858944,-1.4012529721383065,1
0.24069262350956405,1.0109961710097515,0
-0.4189438835774875,0.09883007974832436,0
-1.0828380388267993,-1.4635589382824332,0
1.680538503274624,0.004598738836565732,1
0.733522547412506,-0.36928458580176143,1
0.40815994133367883,-0.30617929594804966,1
-0.4875905445572194,0.4712199947518491,0
-0.7941102384108633,-0.48375182746889034,0
-0.26360977192373414,0.3709613686575427,0
0.9922308100731089,1.687659902504917,0
1.1812468610283544,0.6367287842839692,1
1.8248113259036138,1.1655645324960158,1
0.04859305433783723,-1.2467532710699782,1
-0.9509631881381713,-0.3401488036271083,0
1.8212739833035128,-0.2664671779306141,1
-0.48646517442925186,-1.1160270767744054,1
1.2470346482221522,1.625207915252554,0
1.2136126987014757,-0.5725989682118717,1
1.893760325361515,0.6699412827199168,1
1.1559908398706373,0.5630399379381563,1
0.9330870505286064,0.13033048482065984,1
0.6071269423827248,-0.43103844596342494,1
0.9998640333889144,-0.23143132527910132,1
1.549156456559759,-0.08102049640175023,1
1.1750099779301817,0.5424245017902839,0
2.9058909862278313,1.925414317108255,1
0.4052053358582589,0.4595801256209641,1
2.563773804921923,1.285314617914896,1
1.3245556011048476,0.3681116451632975,1
1.0821122221259476,1.025445400068978,0
-0.04374907664443395,-0.8157283008812356,1
-0.5395320280761285,-1.2776770452165942,0
0.9653764842587061,0.381676788494013,1
-0.8709947471585097,-0.29669834569182313,0
0.974286447690055,0.5038997525399872,1
-1.9268342769386348,-1.7064593532066228,0
-0.231557312046553,0.08343004984263432,0
-0.5981643312325216,-0.5554670334713594,0
2.1654431233979468,-0.18456673150267988,1
-0.008729164365197616,-0.3649936550619157,0
2.149697561627746,0.6338005621200171,1
2.40553147440942,0.8048496385273279,1
-1.3167729182879422,-0.15924002911840363,0
-1.8925720074177743,-1.601769230336582,0
1.020709173830484,0.5995586408113571,0
-0.19989767160408056,-0.8568147592827922,1
-0.1686931004314114,-1.5051737232369475,0
1.8341218117021096,2.3480738141497706,0
2.9920952240561114,1.968589232429959,1
1.36054631601616,1.0029675632141746,1
-0.2763083618035897,-1.2493405438812395,0
1.7672570259631049,1.444312575788331,1
0.5745778633596981,-0.5225165384761702,1
-0.10430533861015744,-1.0625174340600978,0
0.7954539520246174,0.643937406102263,0
0.2518803559960505,0.1170045111316064,0
1.1111167951645613,0.8500879539535905,1
0.4066880747849888,1.0248527407485346,0
0.11013916565739848,0.11759880333515492,0
0.09545268005879431,0.5463907263688803,0
-2.010884817391993,-1.9288546290283357,0
0.636627220849925,-0.730851670905606,0
0.5272759829228126,0.6293709742010839,0
-0.6914748629095011,-0.5857335117967934,0
-0.6861826392970333,-1.262047505421612,0
-0.8469032088842626,-0.7419968820876648,0
-0.7530621955160549,-0.5106812852163132,0
1.0847328609805076,1.295185432181522,0
2.018311563420624,1.0661915507631448,1
1.4178272411376502,0.9055287808734948,1
2.407443079711336,1.643193014447886,1
0.1567713335423353,-1.6439246518599189,1
-1.4329802824520266,-1.1241346267866135,0
-1.8906897622012502,-2.4633768073704956,0
0.9196764751319784,-1.7098806446058699,1
-0.9379634570836709,-0.37342532909357223,0
0.35505686288533145,-0.4732451365866321,1
-0.6362275643049408,-1.4881841386115164,0
-0.5493565788678169,-0.028186495597503188,0
2.006013922155448,0.7812885417081896,1
0.9095738308800791,0.44698309001709113,1
-0.3807457467511579,-0.3974615871642078,0
-0.11828394441276768,-0.8116605837300296,1
1.5051053060185222,0.9419436216149176,1
1.7062294236252478,1.2725275341737237,1
0.11931746552425482,-1.1209935447813693,1
0.39401951533363244,0.5146783928049108,1
0.8100576228094406,0.20190520209554638,1
3.0398005889105786,2.205302342539776,1
0.5807429551693357,0.1760169762407249,0
0.3981099781395635,0.7336619601014811,0
0.4237357445175781,-1.0208914451110689,1
1.4578839373195267,-1.0140784348120557,1
-0.5447720421007286,-0.18908911863120623,0
-0.4516499395732101,-1.7663506114109622,0
1.023319477539868,-0.40878713029490066,1
0.09259664886409547,-0.14717987424616227,1
1.8680636182987542,0.5118350881867453,1
0.43773880777250973,-1.2190327034012034,1
-0.2519362123032355,-0.7694425025893878,0
-1.175629987806023,-0.47349962694994097,0
1.2551852365860627,0.7809692307816799,0
0.974071078474537,-1.194318524838692,1
0.0938819064451762,0.031143677653903024,0
0.5443357354481275,-0.1787470328816047,1
1.8154990901577228,0.09734368692625293,1
1.2165252467044707,0.39075986192868933,1
-1.1121011062745414,-2.0778019196323565,0
0.8753181586817815,-0.9890962163732254,1
1.4339757440069196,-0.3651921009255255,1
1.3306409793317844,-0.978354032595325,1
-0.8182463764290996,-0.9498751775354216,0
-0.865227995898878,-0.05511844929306538,0
0.12293901992810666,0.15846732287390686,0
-1.8173947592878121,-1.0283553769859157,0
1.8898687313155085,-0.9128965987611376,1
1.359770846507762,0.6799721476732962,0
1.1589494801973605,0.7146287720419354,1
-1.0628909887999451,-2.208092882622058,1
-0.14807626637229812,0.536840006202821,0
0.051997704617589596,1.3409405410440465,0
-3.3964369099067726,-3.5219882671034295,0
1.8134135065426547,0.03585415230875928,1
1.2242052958637384,-1.0389131061540449,1
1.2745897547728087,0.566745200166598,1
1.5536751814126757,1.318073080635131,1
1.2234124570061538,0.36316140469620434,0
-1.4591359877353998,-1.1262466274414331,0
0.5828259037399667,0.37482806717032174,1
0.9719353730690111,-0.694680367485209,1
-1.5803528325045524,-0.7279426330213397,0
0.27032503441550665,0.9248313150289171,0
-0.1743604226595241,-1.325539368054739,0
-0.017466727502335244,-1.319948735376679,1
-0.2522630029857934,0.5097438089426921,0
0.9146038767909038,-0.04658449396360919,1
2.261222327585698,1.27621683779294,1
-1.0973325277200368,0.28228051234034807,0
0.09555281917744418,-0.9875106078866143,1
1.575052589462898,1.0857109662035134,1
1.0384999303768585,-0.4061840927515743,1
2.916691343124053,1.4961161657867403,1
2.855982720943986,1.0656643848629648,1
0.7090257282170556,0.3014816349648302,0
0.8612649159878356,-1.2916065874769131,1
0.4669085264830872,-0.4310979122236388,1
0.9439786318865331,-1.7964296873222543,1
0.9155432226757889,-1.1072213049161457,1
-2.4330066229589944,-1.5376240387578208,0
-0.6235148038702691,-0.11571354525947741,0
-0.6653541145443029,-0.0230454572631127,0
0.6704711828132526,-0.013176263149459504,0
0.7942977830296559,0.37492029536130583,0
-0.9009931508908339,-0.6700666295480059,0
-0.8461417598686144,-1.0414436037278285,0
-1.2017874931466503,-1.0954957140746697,0
-0.6172573346540674,-0.7791229889697007,0
-1.6510245811653648,-1.6472762579230766,0
0.5350893617624972,-0.43236692586980635,1
-0.0939408475987799,-0.2149431745410287,0
0.4394813728050907,1.0081579456527978,0
-0.041444385287732866,0.3909457083690885,0
2.2890501409278787,0.730992858018445,1
-0.6024200502066082,-0.3257179401349369,1
0.6050974808294727,0.6302202807233056,0
0.5304002980585061,-0.5408396811917281,0
1.3178876712949552,0.46016143421863465,1
-0.3863062363494887,-0.42686225643693765,0
2.275784065789191,0.5562784732020039,1
1.7021384082517248,-0.0819954206228496,1
-0.8808310033397081,-0.46581265161957447,0
0.4330114050052676,-0.18510982360134928,1
-0.33737282377002675,-0.6105332487642587,0
-0.5429012976139189,-0.5882359094084887,0
2.1032436959351313,0.6121907387287113,1
-0.5024893828322199,0.2635845743385772,0
1.4972375809477259,-0.048988828959576805,1
-0.333650183955525,-0.8692682107434547,0
-0.7958576984324727,-0.9654898667295723,0
1.0356216037828074,1.700412402764942,0
-1.2670554797333253,0.7789803800527415,0
0.9381464905853802,0.6897351279495996,0
0.7459184941033399,0.19185863625391053,1
1.3948492138152233,0.06993417778475078,1
-0.737883293078643,-1.0171985114558095,0
1.0585729653753033,0.1785796457067608,1
0.5589085504443315,1.3552226025830851,0
0.5187450759904609,-0.660599513021065,1
-0.4663967131765142,-0.2518693574968875,0
2.9733449468186928,1.7250424438413208,1
2.0845399873080885,1.3506551398210827,0
0.31505059584238965,0.7907339949898091,0
0.46651396159297076,-1.6726273437501218,1
1.1096199920895418,0.24854456942415123,0
-0.6086626260971157,-1.4485136324703662,1
-1.3703531283160486,-0.6732241417244491,0
0.16259707011630342,0.35481216230395046,0
1.3951740688393102,0.5578666326419075,0
0.44097323667581145,0.6057208223854781,1
1.2119361633195045,0.12489519052720928,1
0.8305383898977097,-0.1939781176028589,1
1.1653512158886856,0.13234351135937172,1
0.9885131625727523,0.020671982673862433,1
-1.1124898499906701,-0.8530158964438697,0
1.4315899411823747,1.3457646921965263,0
0.6997733440210561,-0.15916627570352437,1
0.8068712579254331,-0.7164940808882502,1
1.8370343008569545,0.6685340440125874,1
-0.5508268928491302,-0.35394434953886367,1
1.858269854358697,0.18482639059326225,1
0.3018431573737038,-0.7362783505567453,1
0.004365762991211053,0.29773081954917596,1
2.195705857888604,0.9790877872876833,1
0.8060007647358718,1.2535639998063317,0
-0.8449833054279184,-0.8907807198908905,0
-0.402899253761217,-0.2892249042719568,0
-0.41517202929165076,-0.7231583532998208,0
-0.7734326552525541,-0.9959948189831989,0
2.287850228058531,0.1529246597351108,1
1.395547869791733,1.2893328131457404,1
0.9966707336310263,-0.5830501113300229,1
0.5759241679962772,-0.3039780218515837,1
1.1205939043164217,-0.06666852829574733,1
0.383890641266505,0.5841020554698241,0
0.9887428388140622,-0.8199531155791947,1
0.7809983750900569,0.3668271520926916,1
2.200652983120015,1.6359522503544919,1
0.12636954147379093,-0.21765092048162177,0
0.5027518599839375,0.2136783175300453,0
-0.49392715056027686,-0.9078814160427948,0
1.7778048209137562,0.5995646249436808,1
-0.12323356455614576,0.8881051484412662,0
-0.4399082979897475,-0.31933264709036996,0
1.0427289336016161,0.5487321647844075,1
1.330177062123341,1.4375483787624939,0
2.3318406135339105,0.682957970787062,1
-0.2072686904498464,-0.051533339777517395,0
-0.5436391477276808,0.4499432169111352,0
1.2110117268298966,1.7404909401788642,0
1.487806563102383,-0.6144794855098444,1
0.9605123788608724,0.9610408987480491,0
0.642100973328539,0.9558871228692272,0
1.616761818498544,0.23766955736734596,1
-0.28911651014203255,-1.5306564616121874,1
0.9560815182081361,0.2892524424002443,0
0.9862854093756038,1.5805541503555354,0
0.32706983389742367,-0.7347558629725917,0
-1.0490146623153767,0.14442540069569865,0
1.871962843419245,1.355156886121267,1
0.9192940712465436,1.0327174041473801,1
0.43358010750650977,0.3970825549983387,0
-1.4449359986620525,-1.612069770788658,0
2.3785713733604332,0.14724867573377481,1
-0.43343819656447335,-0.45239807056979275,0
-0.16553833494156062,-0.43637445436999966,0
-1.2413691407887744,-1.59241959609997,0
-0.8994084342133498,0.33925650442702454,0
1.9758003823628054,-0.0982997962346721,1
1.7187994613055388,0.7504825801293684,1
0.9903316234857263,-0.030583112073625577,1
2.61957100057872,1.307292320075104,1
1.3927208080929474,1.5633646859375108,1
-1.80889893490294,-0.3861333191633273,0
0.38896776124523386,0.9964785899751155,0
-1.4700949575118651,-2.2593798380266645,0
1.6065044512315962,0.5604017807823479,1
-0.7140236242597169,-1.7042870130433847,0
-0.20518688356462167,-0.1490362327244091,0
1.1769671642514048,0.2248616732773856,1
1.719672445510033,0.856893463752934,1
2.0826102304731857,-0.11698996060237396,1
0.6841321812781124,0.12090631486601158,1
1.969433420443172,-0.8511990141410604,1
0.1873535993215739,1.1980470031167576,0
-0.7903306896439419,-1.07975117047234,0
1.9871446544096565,0.23367329237481366,1
0.763294087300147,-0.6788146775682489,1
0.17104787097862595,-0.1373683454655966,0
1.4120052184461054,0.6175089986433587,1
2.3881917494113507,1.396386609412978,1
-1.0938013777266715,-1.2250109243626053,0
0.6239675465889942,-0.3695618351586758,1
0.5079149692428149,-0.38554437726380086,0
-2.0414938092079606,-1.4195092235727385,0
-0.0686840003572417,0.5955055498524657,0
1.5074879320259196,0.22562174495493983,1
-1.921006094550273,-2.936665470406072,1
-1.7350174943218573,-1.9951054755857212,0
0.22890438861539963,-0.4054332118616398,1
-1.1732050180347235,0.08226120624453212,0
2.2646331329797382,0.8719861318358162,1
0.11053807809332361,-0.6656862641081963,1
1.5218806288467446,0.4291655209147504,1
2.775531678570907,1.481859867934628,1
1.6370426184089109,0.6089840018410255,1
0.050392576295431625,-0.5400802471410385,0
2.832082572595394,1.1430457753454477,1
1.0834174628527162,-0.11141570441319648,1
-0.29297874656763423,-0.16169065443987501,0
0.8546485857303747,0.40074828871588564,0
-1.2016516477996781,-0.9897180387270056,0
-0.069098354004548,-1.263151870466444,1
2.0132011128970277,1.3075138492203076,1
0.9901237479636341,0.30444629263208345,0
0.825479288218704,-0.7110722409637628,1
1.6542501843861674,0.9832798677258278,0
1.8432087699649509,0.9730834394890662,1
0.9994112943062965,0.5691919792003879,1
-1.4364594003745532,-0.581635664864746,0
2.2351141643571477,0.8591613866810043,1
-0.002820805288050221,-0.8845225757721732,0
1.5725230880291683,0.32625923061826356,1
0.586631328167972,-0.894745703086542,1
-0.2416305973963699,-0.2961971383607469,0
1.1929170422411808,-0.5314126635156007,1
1.7626052907298062,1.409617344713919,0
0.25191513051688513,0.7708043944064918,0
0.8897916268689047,1.1691566540922542,0
0.770979135885079,-0.9039768009891971,1
-0.01302478769024118,-1.093067815743361,1
0.9926777974615609,1.6700930016887594,0
1.6977477063043764,0.7202609288402504,1
2.0108646221507653,1.00868996531022,1
1.4397822330410597,1.4397409341892087,0
0.9604057248735638,1.3741884750949298,0
0.38748070051510747,-0.3143339495543689,0
2.581208410393323,1.915977876530459,1
2.726666600534095,2.0530217087769747,1
0.003562360023956934,-1.6352274087438432,1
-0.2018348665453368,0.2444188900395511,0
-0.1373683876034499,-0.8567288089610109,0
0.8665160122193679,0.061954542789816845,1
0.5415852094827467,0.2984163688240047,0
1.6452404783061376,-0.06358440368959656,1
0.9961465049718095,0.6014231755683224,0
-0.24884609002230537,-0.11207309630661792,0
-0.7028041591565635,-1.2287454134802127,0
-0.5488034667245354,-1.0927568102055716,0
-1.1439121610511864,-0.7216951625899294,0
-1.6714702038853253,-1.215599405269372,0
0.9124622730696362,0.11612651286048735,1
-1.357038803348163,-0.37646287761103714,0
0.3652704986558536,-0.08409242575841451,1
1.1564063565539726,-0.5859018065485078,1
0.2324029512387977,0.27660348574456634,0
0.5203670392912093,0.7039903667794852,1
0.6987940431116303,0.24031712588664958,0
1.4224776018684901,0.499051554475735,0
2.3518489490427825,1.3254111457130957,1
1.035665026854977,0.2928483868386098,0
2.0347693320533367,0.7571925187255931,1
1.366642216451004,0.7046056862362619,1
-0.32703703096829195,-1.407754110047504,1
0.8575731096150156,-0.03073042119232794,1
0.565716269771812,-0.2490898346274624,1
2.2694208874717035,1.3223728730655038,1
-0.010588478393220191,-1.8716383730196544,1
1.3814517180146153,0.39175329587534313,0
1.1407642482489913,0.705895030627281,1
-0.5351812059770477,-1.007364912736323,0
1.8124393990125436,1.3704329846756294,1
-0.49900989774683285,-0.6337088367247129,0
-0.15900250223242524,-0.37643588867858196,0
2.2006437077079584,0.9414313066772161,1
-0.7964039908231861,-1.5459069369254652,1
1.7500164723307616,1.5370941137924437,0
-0.5066846649614091,-0.6307079488684808,0
0.047744730349292386,-1.8030018550568025,1
2.047945207082754,-0.6089940042461341,1
1.8648818636501034,0.5398541985451487,0
0.7801915654633249,-0.5391354955851314,1
-1.0916999314066165,-1.0143596071578893,0
0.3116546685548082,0.5038880395232818,0
0.9120434242192079,-0.9936025469477,1
0.6624892192840653,-0.3866483740528575,1
1.6329654492976513,-0.1724406637067358,1
1.6863199275578125,0.6879376231200568,1
0.7015617727981481,-0.6879046281382933,1
0.6503611240424556,-0.7200948826930594,1
-0.27019587876787665,-0.23074684055093403,0
0.4283489310544415,-1.5126615573165505,1
0.16276111423806494,-1.2937351245826327,1
-0.8376188262910127,-1.465850015141193,0
0.8769639650139387,-1.0323970910117413,1
1.1329381940343084,0.5749674612626764,1
-0.8805263438408851,-0.5491194697427311,0
-0.5375779443706835,-1.0525796726066277,0
-0.37816688817756416,-1.0947331394500082,0
0.8811623820539178,-0.5501539381266115,1
0.22690438073077346,-1.0419866903850552,1
0.9997611805872996,2.232805068315981,0
1.6847108031582345,0.6406589923423434,0
-0.30236028473827414,0.8893785502641784,0
0.7945941508466576,0.8175547575827469,0
-1.5830483802500221,-0.7002568174562885,0
0.5223770743986662,1.2365058807022966,0
-0.8221053170118152,-0.6798281515703477,0
2.9444229717641703,1.8368383730157727,1
-0.3339968288151219,0.970428399381999,0
2.052125708851225,-0.08187123535977038,1
2.5166768775447887,1.2473348601856367,0
0.918999945005042,0.6980435332169437,0
1.2609883058035218,-0.029792195419319732,1
1.7643282727697398,1.510744705586122,0
0.21863782092079823,0.1795119457041285,0
-0.008894024560952563,-0.9737421160533284,1
-0.4961288034711305,-2.378389975419169,0
1.2481552121770385,-0.443911192342064,1
0.4444349535159222,1.4743219839776947,0
0.6855970330859198,-1.0003223242156516,1
-0.3728883533215179,-0.3813981192871641,0
-0.3740413872768446,-0.6343854431956809,0
1.5390487398799062,1.1039065468154432,1
-0.961739144871732,0.15707631003375525,0
1.8847701910292047,1.076834542071743,1
-0.13216609154762393,-0.9170894229219732,1
0.42523919822850187,-0.08559802726108437,0
-1.0041993077171563,-0.26539389823162124,0
0.10521123757923564,-0.30510047898643156,0
-0.42092445093028474,0.4932617196607876,0
0.2291781918503958,-0.953325854025529,0
3.004557459660009,2.0786219522770386,1
0.6087068046157739,0.5742904472229788,0
-1.1778718884431956,-0.9452871849554535,0
-0.23594661623054103,-0.9166202560776872,1
-0.5201107051194358,-2.1921916126413694,1
-1.0191370721301107,-0.509787204954841,0
0.014516698156387887,0.2731721500025975,0
0.8936507187806821,0.23305202181215867,0
-0.25463968600512604,0.06661654955694406,0
1.9250639843530633,0.8273492224178234,1
2.1240614122347297,0.0648320581530557,1
2.660788089725928,0.43436370721271766,1
-0.20272247089192974,-0.5509470578567008,1
-0.6749998506140273,-0.34050148539124353,0
2.07772614157219,1.7142552346471474,1
0.31674097005847845,0.18107331676018346,0
2.4112471430969267,1.9462959882071023,1
0.4044435262666479,-1.4986641612677973,1
1.6707461901147447,1.0815031291343578,1
1.349572593091378,0.9906870751052488,1
-1.7581280816502083,-1.5440214467419893,0
3.046742713387435,0.40845672808072847,1
1.662026204342447,1.76823694217771,0
3.011629694554022,1.2067237401457367,1
0.9568077580907791,0.1327628043363654,1
-0.7731852218794535,-1.2665774528902307,1
-1.6931182327602654,-0.24151690393518213,0
0.10614912796724639,0.07362712812359755,0
-0.5427502126408303,-2.6865031689400016,1
2.004252400986154,-0.08014160690842113,1
-0.2855856094465101,0.39710328954439816,0
1.1900266432217022,-0.7493736211543693,1
-0.2863233794569373,-1.0496826044005405,1
-0.23232574348338075,-0.5446293889097065,1
2.3320768417067925,1.0108694996496181,1
1.5508310762379949,0.7618516081191444,1
1.5465732241022563,1.7912135045624074,0
2.355664577678593,0.9328524556821074,1
-0.5937989612286695,0.23931680081947826,0
1.1021603031533609,0.7415578114886034,0
0.8722396236540986,0.13430718765382715,1
1.8800135796925275,1.2087813439350503,0
1.6868063928210035,0.8326205933127112,0
-0.18832321246409695,-1.267913277934354,0
1.8466456659574595,0.9355462054800654,1
0.7798113816605813,-0.6667679274984657,1
1.3288934660811225,0.8287765437694702,1
-0.41344299599192835,-1.7454313298783781,0
0.6515902875833908,0.7155747377854891,1
2.368334199879996,1.2324879320137976,1
1.4861850261347271,2.202312678107449,0
-0.39341545439444076,0.003838017343971832,0
0.3394444935114998,0.9052233784428869,0
-1.4473447972601041,-2.164886400925101,1
-1.3368936529350584,-1.7237376600011542,0
-0.6998617411603396,-0.6155354929350444,0
1.4377549762448318,-0.8558818578330417,1
-0.5552550327243634,-0.6122527564274387,0
1.745096164595092,0.5928616877781667,1
1.124223149199367,1.296459111225997,0
0.3262316504919003,-0.9121035824477737,1
-1.4901077566933087,-1.9091495434297825,0
2.124618876161145,0.7210556225431342,1
2.656085861681045,1.3196751616059097,1
-0.0809909491328286,0.46862262055945336,0
-1.151540431904036,-1.4294750075776346,0
-1.4837132068556464,-2.0215901876410487,0
-0.8576765526271672,0.04468695025956326,0
0.4808237192036787,-0.6271393350714763,1
0.5693221754229952,-1.4660930078822674,1
0.7550239395001412,-0.058565139182793005,1
1.383859471803368,-0.06873280816799378,1
-1.294555622474948,-1.3318868541522908,0
-0.04447027081250392,0.5333333030767474,0
-0.09208768615506258,-1.4086872293366723,1
0.01907435415515636,-0.43813258179441555,0
0.4014800957331715,-0.925550981432862,0
2.85388615537554,1.1430372105480886,1
1.8960101895878319,0.3045555550954172,1
0.5351005543562651,1.5814081954162138,0
2.299284984190754,0.7951648975735844,1
-3.243217466140164,-2.031705288529087,0
2.1295053244440996,2.231323876764544,0
1.7117116160597665,0.7463403398193581,1
2.6323539223022605,1.4242285869836793,1
-0.060457398331583104,-0.11117535985608326,0
0.5551964744923588,0.04379998940624498,0
1.371402663819689,-0.0026149075273636433,1
1.6906770435439387,-0.024661173537405115,1
2.530750139488773,1.3340992811559556,1
0.7078880708376641,-0.6587270767053578,0
-0.9387228480101619,-0.02447430136771263,0
-0.8582406508299371,-1.1683284940437062,0
2.610600270825935,1.7189628594616917,1
2.1138335767633105,1.1987595631926413,1
1.7107402986321087,1.9575434723694745,0
0.518064617252059,0.3043518929307477,0
1.1248886027281642,-0.5440862296713653,1
0.46554140257800747,0.32525520120509827,0
-0.5580902520354434,-0.9898140878690393,0
-0.3882287497323799,0.16134910122038257,0
2.1430358226801047,1.1232036838536235,1
0.3464631572788994,-0.9335139486390374,1
0.12245335045530914,-1.2970586428588535,1
1.5555827637668782,0.35349476394598767,1
1.405843742921505,0.21840287216400814,1
-1.0813441684339449,-1.5317552111720587,0
0.06926279733936647,-0.9245055592182988,1
0.009417678188915844,-0.05703691263924021,0
0.06666510211823942,0.42037490425604174,0
1.0169359877063802,0.8075166825257856,0
-0.4145968437730903,-0.6965701390144804,0
0.8669824265904483,0.044511376716353364,1
0.07267581835979017,-0.33614257693245764,0
1.461391132496726,0.6199348258049752,1
-1.0603345589674684,-0.32572911133424837,0
-0.7816366843424336,-0.7149959471902678,0
0.19979840420301676,-0.05260631525208685,1
-0.18361074201269667,-2.2270925183293446,1
0.5488665165979744,0.8298868344093735,0
0.975132371807824,1.9390345010394232,0
1.7293306006976532,-0.04868866437687085,1
-0.9626813159305999,0.1601823528749824,0
-1.0796119652502292,-0.3165342545656636,0
0.4117207122066168,1.4252352727218693,0
-1.0243913529683084,0.7995619052983218,0
1.6590843605973746,0.026377929592178495,1
2.314968575963724,1.7681262270075608,1
-0.9454519394036822,-0.13399575273264688,0
-1.072219983833415,-2.177961088772248,0
0.16105243486781898,0.7562233851093332,0
1.0459191642176173,0.6453643446633975,1
-0.47194541771317294,-0.6659784064346879,0
0.7447207032360067,0.10929656732882277,0
0.16974013344643768,-0.3969489739706068,1
0.9792715935141805,0.04100382571648776,1
1.1024861011070073,1.1311942382405022,0
1.6250396206543565,-0.35506790979629754,1
0.3562637871396468,0.357870654712578,0
-0.37086983149439035,-0.8595098999034215,1
-0.17728633708259917,-0.5540227536706787,0
0.2632458911045216,-0.08209507415604815,0
0.7678644551160829,0.23857758800974188,1
-0.659408308578115,0.7847766865955468,0
0.4935943820692897,0.08764468705225946,0
-1.1067742252795505,-0.7152695269753012,0
0.08313436251302964,-0.9762308044537363,1
0.7751945696516633,-1.134069623354326,1
1.3420867940379124,0.23763229149952173,1
0.8510456773637083,-0.16921144993238468,1
2.4659728873534186,0.8053322016007449,1
-0.5959246106200027,-1.4320760461249449,0
-0.18116327202618018,-1.0183830356752277,0
-0.8590826158576891,-0.4672113526705003,0
-0.06893767093230041,0.6717576813070152,0
0.43047272101186623,0.35053298491733853,0
2.5242259317220537,1.989916198565472,1
1.1595374524806574,0.1949964918207446,1
1.7749322420327454,1.3082151962881856,0
-0.8534727550589318,-0.8347949603135905,0
0.7601450412396487,0.03868796390989931,0
-0.5253288267430849,-2.145124980262393,1
1.8578622798026836,-0.5020488582227741,1
0.18876051023020207,0.5618406942577491,0
4.703548729389046,2.618316848075318,1
0.69683863030799,-0.41674525978072097,1
-1.1395350313130035,-2.628262148082331,1
-1.1295756090512603,-1.2313571341508882,0
1.6858292518156504,1.2210699359397126,0
0.16736436980438466,-0.26709412764561496,0
1.779922999247974,0.5543605942706045,1
-1.1487247184659666,0.4071710198244031,0
0.932346948535742,0.11715741307869786,1
-0.3842510649649844,-1.8806791991280896,1
-0.13128089440085983,-0.750321746760317,0
0.925303927996336,0.0140942658999552,0
2.138231412069864,1.0698325182628958,1
-0.16535301515819673,0.3915208374403772,0
-0.3851509817335613,-0.6702958059274522,0
-0.39563391494425804,-2.030481699631453,1
-1.6672663800483483,-2.314759722375227,1
0.34320220752957487,-1.2703749785644274,1
1.7239399343939952,0.3359563219411893,1
1.7880982580702127,-0.3927021793897077,1
-0.40845018435567526,-0.1682709137706216,0
2.6641237571791274,1.9959705052345724,0
-0.9481879466163187,-1.1522446766282415,0
0.8922373922332625,-0.5589957460147554,1
-1.3699643255153875,-1.421683181648596,0
-0.32581260700339393,0.5813830638382387,0
2.853456814198416,0.8793537582045431,1
-0.6510392131421593,0.6914013610692997,0
0.9930582078793986,0.5844021943659053,1
0.24595182425512102,-0.28640944616163727,0
1.6326934719715827,0.4963778668998388,1
1.557781085612775,-0.4509106632399832,1
0.06364838011156665,-0.5320184522064947,0
1.4600247235669648,1.2225360541792791,1
0.5494758080529744,0.8540934906805906,0
2.7827629287492033,1.5102248597173644,1
-0.988633084719615,0.4774361095197232,0
1.288217669418231,-0.6329502946216664,1
1.8323030702232292,0.41123552918814626,1
0.19378885300446336,-1.978444998243095,1
-1.6555266918640377,-1.2518406775791053,0
2.3053698999827597,1.5073429169634784,0
0.7611484227018771,1.2112433214088574,0
-0.085545850710681,0.5425478683837344,0
1.2899023292636445,0.30525017435783813,1
0.5377935330178676,0.3261804159000051,0
-0.3051771083827528,-0.6341925845856597,0
1.0228759922453357,2.1725246422454423,0
-0.3374714436380819,-0.45978092023791034,1
-1.089110303570327,-1.6637703523853324,0
1.189323444087913,0.14073496489427195,0
2.4433544975489845,-0.46777197293372785,1
0.9695241823420427,0.7527096305730083,1
1.230715121749506,1.1053672174997842,1
0.537479442744791,0.6238672900803346,0
1.6713396034726544,0.5125606698225885,0
1.263440243970652,1.2540956998671375,1
0.11642501109959173,-1.0500592886533322,0
0.2085721686767067,-0.8809713830691089,1
-0.09166186385415234,-0.07081510600269693,0
2.291368478092399,0.9097031938653094,1
-0.6157844555526586,-0.3953328501731566,0
2.2412261719692728,1.6322929355246791,0
0.717389302925171,0.6068191535984336,1
1.01996734177187,-0.7522000017155036,1
1.7514667107021578,0.9525745147578216,1
0.05842875088982313,-1.8794338818946685,1
-1.0884861601688338,-0.9172163404675564,0
1.0914651626677099,1.6699940201890064,0
-1.8392231311856384,-1.1275857527307198,0
1.1157791614854493,-0.5375193463251138,1
1.934418711647751,0.08325784248331748,1
0.41727083437138424,-0.22428412485061186,1
-0.8095804916499508,-0.9562775878886495,0
1.181028834366171,0.11482661908921744,1
-1.1221557956482522,-0.8297947686393065,0
-0.4705731798148767,-1.3055883075073296,0
2.8154289837574353,-0.07434219346611498,1
-0.4569407072640248,0.09804619598853422,0
-0.31711949527600813,0.7369167101375877,0
-2.3619538479759794,-1.7022608170851186,0
3.028223074479831,1.3243892611805153,1
0.3057522860112356,-0.951334816620651,1
1.5651277457424233,0.19214386446589996,1
0.766339435366098,0.23476421338882963,0
2.3653848769784624,1.2457401320871453,1
0.047050315869478165,-0.688032359925917,1
2.527910575509928,0.8843095186275317,1
0.8849219429635338,-0.5933878272031243,1
-0.8323941132246331,-0.5787158248550239,0
-0.8936882392775606,-0.932265405486907,0
0.32113947450897534,1.4071942173784087,0
-0.7812499472453045,0.39943155153185605,0
1.8874863274732836,0.364975103745444,1
0.789927001244516,0.6464598737168379,0
2.226520731090779,1.0198883613772185,1
-1.6719223901757216,-1.5431265637178735,0
-1.4580056006107385,-0.3787764230963246,0
1.532605201992315,0.45922731802318517,1
0.0035442682109976405,0.5808022243129927,0
0.932317195037808,1.0139212367749983,0
-0.37971632752550694,-0.26384221117795326,0
-0.944638440271853,-0.7336968507644203,0
0.22490615069047581,-0.9021289481157441,1
0.5767387150044709,1.4807566218765518,0
0.3852152114280013,-0.3774355142148668,1
-0.8131925569990243,-0.2811850959093416,0
-1.052522570568347,-1.6557340143065804,0
0.588314958164853,-0.2666956477465005,1
-1.1948487999133497,-1.6519850855722142,0
0.45982424998569726,-0.104850009393707,1
-1.1555511488298784,-1.690693545123905,1
-0.5053418515227794,-0.3142084664960225,0
0.6992774947110495,-0.5528439405416242,0
2.5171743631912227,1.6642867719613434,1
-0.44851475408160785,-0.6218048444527079,0
-0.4358013614286463,-0.31005488379142415,0
2.1129706662968317,2.2106430204795067,0
-1.0258454521295395,-0.4909207198455391,0
0.05559036000528099,-0.4726453899220561,0
0.25801526533199504,0.5292370770286453,0
1.2225327464290447,0.7743478997087528,1
2.664185465853519,0.9076740692902462,1
1.838705198058395,0.5753319154564537,1
-0.4070360262232142,-1.503820564702034,0
0.9119735803087368,-0.41994672015426177,1
0.94534064118235,-0.6604226151417585,1
1.112978996976754,0.6836154517359823,1
-0.3326909155934473,0.2655770655659517,0
1.100503519353587,0.09785958162889798,1
2.697420645519856,1.0454099476492305,1
0.6417596460434075,0.58169610249517,0
1.418647853684104,1.1440329361623536,1
0.4461624886492555,0.6215634768624994,0
-1.1012289018864354,-1.6120828684016495,0
-0.05696987524494341,0.5056174180934638,0
2.2729751051290963,1.4960082338540222,0
-0.8615041154856942,-1.6292363910514471,1
2.287875419681289,0.23619828343611116,1
2.154224132738477,2.259950038235094,0
0.02436137493646684,-1.3591831821427447,1
1.2322005015220325,0.1524308005339416,1
1.8230220494400735,0.9417223632957449,0
1.492004192936114,1.2790225949890803,1
0.953583639028383,0.4603037466257713,1
-0.19055831078703767,-0.07219887263655106,0
0.859485926784725,-0.5776229369256528,1
2.1605512515359293,0.7305010668773471,1
2.133274440102671,0.38205100428803257,0
-1.536059415515576,-0.4243560860444692,0
-0.24744920479825808,-1.5173704857269767,0
-0.5965510742707724,0.07700704792919258,0
1.3893137254259424,0.18553241832907913,1
1.861393312382815,0.7135902870524797,1
1.5663256803273793,-0.08803692607051963,1
0.4337863728972156,0.04610901795893252,0
-0.9951341775829522,-1.123316538937263,0
1.1850940216349746,1.0278366617082162,0
2.513309117379994,1.4094717191548032,1
1.4445695825218063,0.8343001744588505,0
-0.04935062069174767,0.26093715542744517,0
2.0863729184379434,1.0451679979104433,1
1.7119317763133202,1.574169938911776,0
1.9369762984923442,1.2839551903375281,1
2.0564154210294525,-0.3479297133102079,1
1.3769523040818932,-0.12565360364858408,1
3.3956975228812842,2.295414441793617,1
0.04308274662090486,0.1094382677125819,0
-1.629906558332226,-1.313362958451474,0
1.2016022410950302,0.49847986834203,0
-0.03090776790271299,-1.1983453716102024,1
2.8125823766075797,1.1599523161591345,1
-0.29706371261299486,0.27296610441375,0
0.4865792727068253,-1.3012251381329516,1
-0.08039782381676587,-0.7063837965078338,0
0.45891954752386543,-0.012091249007433308,1
0.5645072651623593,-0.41048301806072357,0
0.7003619222265265,-0.4734296013157325,1
3.977784549178998,3.023940190630063,1
0.8211037376822234,-0.3810739613480399,1
1.9372806618803864,0.10650111776895296,1
-0.5186428302381955,-0.33848467345246663,0
1.8737343155609743,-0.3866274499004229,1
2.4469575612865953,0.6672654865097735,1
-0.6725724615935873,-0.9063770232406857,0
1.1297160312315215,0.2875471038197915,1
-1.6029893832429718,-1.9214694208132748,0
-0.2988904290515684,-1.0648873865951585,0
-0.2588908300560464,-1.2486697147301296,1
0.6292191599597364,-0.1646304306124542,1
1.903421099762091,2.9117289029722984,0
2.0026942204535874,-0.44922490806835125,1
1.7707558099480813,-0.11680200720255358,1
1.894269762201841,1.2678985952112558,0
1.0148504368627582,0.16668211473371072,1
0.7064320220777565,-0.9149508560052323,1
2.6425498416463293,1.193702260094244,1
0.00782139624705347,-0.6331137261756538,1
0.452846802894488,-0.1225303941568718,1
-0.18349928766767215,-0.2815638388030318,0
-0.06844964995540925,-1.779914942849049,1
-0.5629617499357389,-0.9815495433312458,1
2.1674554838703286,0.5602667573423216,1
0.5856944313692818,0.48934833313707726,0
1.0325888882996215,1.133572700125742,1
-0.6408428122382687,-0.3624614783861746,0
1.9999353673324447,-0.1259768121652837,1
1.221050313225408,-0.7721990844710152,1
-1.6039955995774773,-0.32721187892595943,0
0.8317438368668308,-1.174919362759254,1
0.1658827798660376,-0.9171413458908921,0
0.6082466298364813,-0.08437451169697475,1
0.9286181008492077,-0.5862711421956752,0
0.02261106685797288,0.3340701732919987,0
1.9421310444054225,1.1243788793045382,1
-0.4296446769427373,-0.5893528647319207,0
1.448374869703413,1.0464037019635766,0
0.6772909470273195,-0.4061868007953778,1
-0.7628333088909246,-1.045940348592447,0
1.7717694559761608,0.6082529131513736,1
1.8891505486656106,0.30316456873371195,1
1.354855485544209,-0.5255090327082605,1
1.068972242616669,1.0507173086600703,0
1.3069600638499839,-0.24722842058923467,1
-0.6972549576552478,-1.1805973074914957,0
1.7155709205841883,0.27774983240146783,1
2.133869228810182,0.920484443178297,0
0.22630295174293874,-0.4252227234991954,0
1.174654821358685,0.9131795604067622,0
2.24256700369847,0.26838927631141146,1
4.2865603760617,3.150007222067866,1
-0.35995194548025394,-0.11496558548808707,0
0.44704935343565005,1.428140256175095,0
0.2093419008932107,-0.8683890868401467,1
1.0991441348138657,-0.8694477988859808,1
1.8303454689693508,-0.6900888875605636,1
-0.21167281164703056,0.25219762080138053,0
1.6047172316478817,0.48233580464891374,1
2.201483602496736,1.378738693600833,0
2.061097994302178,0.7970971835519537,1
-0.24181660689134055,-0.9390045379772667,1
0.6747980902449402,0.5711334698632433,1
0.12005896468053812,-1.172049963359364,1
0.9832443263416839,2.4273053414724393,0
0.25792955565805886,-0.21172214125740332,1
1.302302412850708,0.931871960291416,0
0.09975443676345352,0.8358655519571639,1
1.5398203235621473,0.05500697843978268,1
1.045687171611293,0.08282516061943565,1
-1.2219706794513117,-0.761457318227069,1
-0.39370196789740447,0.8775689806752933,0
-1.0118357211459514,-1.9101615900703997,0
2.5953610736051402,1.816662506042635,1
-0.09240595922130136,0.9983903373054343,0
1.6271997893829122,0.1784102855353947,1
-0.4445484099362526,-0.1745547926750884,0
-0.04625631905620775,-0.649557287318031,1
-0.599246526098011,-1.1506547612360152,0
-1.8772700025601115,-0.575451458262798,0
0.8953822281675785,1.6640567863751239,0
0.39908834756740813,1.256023422447674,0
-0.23458632979965333,0.2110913356205011,0
1.7371620571020894,0.24835123750225335,1
-2.6919686182495455,-2.111516122527205,0
1.5734785876536506,1.0901081282944152,0
-0.3188058232348725,-1.3148439685391204,1
1.5257054955470684,1.6682985175900578,0
1.1291658511004248,0.5539696994867256,1
1.1579206816479046,1.171440463389313,0
1.575657537862617,0.536994491088263,1
3.289809538558054,1.3306729535071313,1
1.7318721338882148,0.2192605113877482,1
-0.9217360298297429,-0.7557687559826746,0
-0.4317881816754477,-0.4665948552885643,0
0.20629989013900973,1.036427950994265,0
1.6006253730897375,-0.06273476279820188,1
-0.21188128404781045,-0.39733474369583477,0
-0.23650203756709684,-0.22132770316067954,0
0.02427205128838983,-0.825588971571063,1
1.5612996007191438,0.7371240834727828,1
1.2677905532914657,0.9163916756601072,1
-0.11144495719752748,0.24353320000895018,0
3.5761677129480187,2.177909440879944,1
3.506472301447973,2.1337054950898966,1
1.8631150416881628,1.4704582211421946,0
-0.4403445384818297,-0.8964741789355369,0
-0.15669327241035222,0.4408959936023842,0
1.3612369082309301,0.3786212545142674,1
-0.10886329828256129,-0.20020398449999702,0
0.8496712415190127,-0.4174236869922569,0
-0.9092870830560142,-1.6532831686770786,1
-0.2997482793365096,-0.610809201709333,1
0.40129204159445864,0.4881848720708555,0
-1.404809189822288,-1.255751451441646,0
-1.5163144357570348,-0.8989986711971666,0
1.028520002816905,-0.23883674233579352,1
0.7823986124764102,0.20199065238707178,1
1.9393194245442213,-0.29016772682940717,1
0.3635733907988356,0.9680779789079129,0
1.1050501735337113,0.22444263743000403,1
-0.5097063407830849,-1.117862718463705,0
0.19901894207566312,-0.48208931565810076,0
0.49337974336010404,0.5971148542632962,0
0.9355436073946215,0.23522804695415392,1
1.8906358847923412,0.16016436122717798,1
0.9262735033272372,0.0453497475040213,1
0.6709551186112872,0.7243595852672546,0
0.8439796956501063,0.20500432977887836,0
1.0724045577179595,0.35458786539576115,1
2.4900238502103393,0.17720396443625205,1
2.171911359282889,0.7175214778116874,1
-0.4907993434726043,-0.3805923974438212,0
1.9938024804781,1.466425559902686,1
1.0029299591751535,0.9698748774418547,0
-0.10765410924896963,-0.6375468968269565,0
-1.3873241439850408,-1.0795957608984494,0
1.44049280217107,-0.42317065276170135,1
-0.3910533375235137,-1.105969873208707,0
0.013173255749772341,-0.21735679509364192,0
-0.45164692390970007,-0.3791522314337352,1
0.4917403088554334,0.9196706245766726,1
0.28688719612103514,-0.0684860262835278,0
0.5275152008532307,-0.5622825183099921,1
-0.6222530350582421,-0.7600961728019032,0
-0.5259389470860711,-0.5716901428547668,0
0.5711347203247722,-1.2540628314331956,1
1.2954605443384544,0.2645198677340208,1
1.6223462897668732,0.030087079169878003,1
1.9446226448674735,0.28894685199815623,1
-0.33532203676932304,-1.6948243970322951,1
0.31833474377327,-1.7535815806052868,1
0.4021114480840444,0.10091108096284315,1
1.8617896796871918,-0.050987279137588715,1
-2.299908604082382,-2.1336776594670557,0
1.9988648348707052,0.7737419270230566,1
0.6384480020621192,-0.6793697670218193,1
0.6607282502061694,0.6188821427276177,1
0.4531378149211157,0.2694817412538384,1
2.147710884247106,0.9448116907299368,1
-0.030243937922240133,0.1713816149539015,0
-0.9607586119009688,-1.1335271474757904,0
0.17391240678827136,-1.1554846549595938,1
-1.804215541697028,-1.4081701960253514,0
1.039658216774152,1.2477261738069,0
0.5111764964839984,0.39860062725525974,0
-1.0728812899934994,-0.5754329299313787,0
1.2435375724008766,1.632948348730365,0
1.2090237355393338,0.8424132451978394,0
0.9688071346139973,0.1801007303442451,1
0.4819061419645205,-0.008025962864764105,0
0.712400398566988,1.248003211012552,0
1.0925378928846203,-0.7930429384962936,1
2.1158639893475635,0.31111177640028204,1
0.016722250948679962,-0.35309328507426657,1
-1.0027120315386941,-2.2597112942451405,0
-0.060182152406975685,-1.4356383768488254,0
0.11035936602998797,-0.12981651646876655,1
1.7113170325400198,1.0543951598400774,1
-1.7787073322572333,-1.3979254414937732,0
0.7382176075264986,1.232862808725025,0
0.6664344631935584,1.4077995695222907,0
1.1116287128425564,-0.5056945487314537,1
0.35557185514965944,0.7211474990311934,0
2.596003840567561,2.47130601324035,1
1.0619970055657346,-0.5759981156774121,1
0.24136175703791685,-1.0762648546387061,1
-0.4140711432601107,-0.23657378935009518,0
0.9106753696329095,0.6190608994097764,0
-2.061267814452659,-2.4744878867238174,0
2.5772964351382672,1.7987338528465857,1
0.8435467890065824,-0.7071428119205242,1
0.9857385151405028,-0.4253851160543016,1
0.9418876574685717,-0.14298734626697493,1
0.26645787583141,-0.24040819815101394,0
-2.382442041249585,-2.2751091089055526,0
2.3342256430504156,2.422294727986205,0
1.5444939177471735,0.8815845629097022,1
1.8420327086233155,0.32029807322815607,1
2.6831199935135057,1.5473245747634132,1
-0.3193711614356767,0.011680120253408838,0
2.139000492032079,1.2732926766380368,1
-0.5036039379157559,-0.6253149038671879,0
0.00036369917095657733,-1.1367590279023212,1
3.2388631580366516,1.1067092010370858,1
2.3113717751496665,0.20428035119116394,1
0.4463323205876457,-0.5899056026103311,1
-0.8700337572710048,-0.34933539730720253,0
1.0586027658918007,0.8708942289313634,0
0.7940899487238802,-0.9513176535990999,1
-0.012445888531901194,-0.3432788349585964,0
0.7960503952509326,0.6197768420824629,1
-0.6005245646570486,-0.18029582484563614,0
-2.0581728446840803,-1.7323142948564363,0
0.29476931473825907,-1.2843450414573816,1
-0.8926451895018435,0.357507647395398,0
0.721837325826881,0.9498590820740264,0
0.3230900386348393,-0.9870956731348525,1
0.1943206215773141,-0.7851520199791895,1
1.2803153688540843,0.5550288162474563,0
-0.3532142787751666,-0.03539948936398646,0
0.5780954708204717,-0.30210701509603044,0
1.8978307681717126,0.2809955777998707,1
-0.43291340649255383,-0.7427563264151918,0
3.0991565552684084,1.7167162688348847,1
-1.3244094115951426,-1.5261575936484082,0
2.5183249396997605,0.22448220443417088,1
-0.1828776639727243,-0.2909259209946957,1
1.468730811157865,0.684837764559295,0
0.07644969220936298,-0.052990684446305066,0
0.8920491780982418,0.6487882033609672,0
0.7491587912831973,-0.002280638617351342,0
0.6427745322670175,-0.5302665550232589,1
2.5049846654695616,0.85874276268263,1
0.4334483539330601,-0.5885970381474255,0
3.124840609157896,2.7976847488229284,0
2.68880984843976,0.20679759032030579,1
0.941329982306878,-0.09427237942054578,0
-0.31164013746064984,0.550462173153866,0
1.6070213375643467,0.204073693853737,1
0.7626857842855865,-0.5809183267421342,1
3.605268844327872,1.3517191250055822,1
2.0688348245927766,0.278566495870846,1
-1.4012312960289426,-1.4129022703642906,0
-0.9725512992988684,-0.8361448422244906,0
0.7216249482245995,1.0991889490058533,0
1.4678354704384875,0.6143810766672808,0
1.3419155635220075,-0.08260623944046272,1
1.8176946596971382,0.08322488218976254,1
1.0325406715299474,-0.9403097982591431,1
-0.31597861552347023,-0.9436451146526451,0
0.6857542773257318,-2.062702223666851,1
2.184972159323793,1.69748308512027,1
1.580038941282934,2.700841362074036,0
1.9087784775836938,1.033527604481799,1
0.7675431796597403,-1.1509853441264328,1
0.31197098239427723,-0.4559589580362163,0
-1.1966263006717925,-1.604690285347222,0
0.43173184795130826,-1.0388083954069696,1
1.9380087315033014,0.94010481490397,1
-0.3829132804488766,-0.4395910738548513,0
-1.4622852629361,-1.3521054041066543,0
0.6066765303585187,1.1545427444005363,0
0.8312400377771068,0.7395857548034617,0
1.1288492916341364,0.48444763408128383,0
-0.46433236686576196,-1.5744623349890408,1
1.5720416353521929,0.5960373878926291,0
0.2748591741866747,-0.9182063951071163,1
2.381679618721342,1.5571961289010323,1
-0.664336658628641,-1.3370238212074428,1
0.9215937014465877,-0.26301466782036853,0
-0.9395595404608081,-0.383678373562076,0
1.3910077610602432,-0.019273466097430702,1
0.31813644920998885,0.32074558467080777,0
-0.0062866721875440845,0.058157833175503826,1
0.052148891953240906,-1.3360718168455548,1
1.6228191363091813,0.6610936221886256,1
-0.27038848799399307,-0.5162245333613515,0
1.7838590476508054,0.6969132964547757,1
0.5091781485352297,-0.29993416808935547,1
-0.5264166450090099,-1.0440519306568536,0
0.6968341019037946,0.3851370481314648,0
-1.4606790281919968,-1.6057337371772744,0
-0.9065970189809397,-1.2683336398501248,0
0.21442452898584063,-0.08862671085689915,1
0.750219996933372,-1.0048684036332096,1
-1.234050701311345,-1.5006260048292728,1
0.6729340223273874,0.92668250655388,0
1.0314257500711181,1.6749728721957111,0
0.5244820924272583,-0.6356310047168757,1
0.7437741908872186,0.3968681295791149,1
-1.7605428978020812,-1.109463553033941,0
-0.6384329819094381,-0.3821107182607885,0
0.37741309226153785,-0.437070382034465,1
0.4662315091527442,-0.6036994530816427,0
-0.23087088897760583,-0.5032430286363059,0
-0.21482704150040727,-0.8116579845343769,0
2.5556212340491404,1.5898716426771868,1
-0.518936149463904,-0.8935326839943879,0
0.30037887352016257,-0.7623468322890044,1
1.9784742716807489,0.43691478611931567,1
0.026205042489449094,0.10677134481407849,0
-0.5223542191106668,0.0007775831095292327,0
1.962680773890278,1.4028816231471055,1
1.2031008884823715,-0.6447920525001831,1
-0.6962708257117813,-0.040283937587687446,0
-0.2864806153889702,-0.43670479355492736,0
2.7113928089704054,2.026215810769808,1
0.09730029586240718,-0.20041359159371125,1
-0.9549970218839579,-0.8124965856111708,0
0.8765537693867606,-0.414408462462013,1
1.138483776463131,1.0230699327613093,0
0.2501795351191308,0.12748569613871022,0
2.2136463086590905,1.2277510397555274,0
0.6185689394311744,-0.050361396741527835,1
-0.011436644234095406,0.11977723584153051,0
1.5386967727413894,-0.9351378869294664,1
1.4785727366147474,-0.2290515199343451,1
-0.0655087967164394,-0.2073982197293087,0
1.2404692034046392,0.5137238873023845,1
2.215312424929186,1.0508007789233451,1
0.10968203374633756,-0.08274339885558314,1
0.22397475839160771,0.32246188319673535,0
0.09704678136413528,0.6584777155986828,0
1.7710845383800085,1.1908277964232705,1
1.0095876382539632,0.6574948256315869,0
-0.29953455281345376,-0.7045714518840209,0
1.6216081275439849,0.16520757759377683,1
1.1075140912192132,0.5695156047851091,1
1.608129417403733,0.09277231270174224,1
1.8528256739487268,1.239307585959208,1
0.7042204402437799,-0.09577219263359261,1
1.3528114821403143,0.5865899221553738,1
-1.4131215780032815,-1.406932957127205,0
0.9758721981151357,-0.8681787134040685,1
-0.3958093400006,-0.0337822090893828,0
1.1965235278018733,0.7435445091509,0
0.4291967844548228,0.5197024047662804,0
-0.4969339400834459,-1.1367103547081363,0
1.0320684635059818,0.9319980237064132,0
-0.7128934508990817,0.302671530114184,0
1.7804286341052444,-0.31445616275644356,1
1.0072396892612452,-0.5624863809959064,1
-0.7296013061724718,-0.556634996841978,0
1.2528555718567744,0.6716388479432168,1
1.2181318259538811,1.020803580165957,0
0.5438205192287188,0.9102702345390686,0
0.8834485913697041,0.14585346931942478,1
0.3328766570238795,1.6859737173303346,0
-1.4866951772748582,-0.641253105455891,0
-0.08751267359150838,-1.828684940286893,1
-1.201495043330266,-1.3547295465033462,0
0.3236185021113298,-0.5633200395930776,0
0.14004251565984963,-1.1344363108761977,0
0.5889738357992153,0.4881234486781533,0
0.6582486183739822,-1.037380290080828,1
1.4670103844479359,-0.44774533182690396,1
0.4541489962541133,-0.42547388084929083,1
-0.5762885314695217,-0.4724352805731031,0
2.5347484890787157,3.080843175526998,0
0.7601586659869284,0.42488230743325384,0
0.191745683934055,0.4664591857175708,0
0.5818466501280416,-1.056340614083621,1
-1.4871715914484769,-1.1317761407039841,0
1.7603068296027409,1.0350961951103779,0
1.0272127897756265,0.10119826226010907,1
2.046907540944511,0.7038964756358899,0
0.058529443370154866,-0.5822090246143734,0
1.198563362228684,2.063394390371918,0
0.36194445553880983,-0.5861114317974346,1
1.1897222609378815,-0.04964003949544497,1
0.07106781407857816,-0.02087817985766459,0
1.6716600661210086,0.5094656599395428,1
1.2910057054186792,0.5080029705305584,1
1.6661421221954176,1.9459644917723327,0
-0.0998834974332603,-0.2532163206243776,0
1.9085496848524088,-0.038790335333511256,1
-0.990048282202406,-0.5002616037797898,0
-1.6632368891312617,-1.1959094302719473,0
-0.05223567078160385,-0.5766707074857107,1
0.8861447354743635,-0.15740204131626023,1
0.814851560813231,0.5097308381553424,0
0.6709715572921339,-1.2840446920798572,1
-1.1659624675561466,-0.13676144612916977,0
1.134602056742132,1.3958744825310017,0
1.449322797891082,-0.6693486152519648,1
-0.6004468496935045,-0.4357785535930526,0
2.4508589632054063,0.964727638640065,1
0.5219725457925872,-1.039321421828889,1
-0.5972984525007657,0.3211697227664234,0
-1.156423983526353,-0.13636743879772653,0
2.0397380880682663,-0.09621911065055579,1
0.8425030277817598,0.6855647796746785,0
2.8924129636241522,0.8090867247223285,1
0.9645896189029114,0.005407488754077848,0
1.13816456639022,0.197501683313446,1
0.4843720293616729,-1.510344232186451,1
0.8654619086456946,-0.21473564496516032,1
0.33037262642679804,0.7270262028967327,0
-1.4452158734896234,-1.1888617556229297,0
1.7416455765393841,1.7752377028829118,0
-0.2523685315487794,0.12984977614826973,0
0.2791042975339727,-1.0137611599307044,1
0.38284318442336296,-0.14891916344881082,0
-2.2894964332451897,-0.9291786415780379,0
-0.04898787247051688,0.5632345480276327,0
-0.2099216026291666,-0.10685667112305706,0
2.081345784874174,0.09168476662136403,1
-1.240951615300672,-1.2797641447607104,0
0.5511989809903481,1.2195997003142547,0
2.8037740639420603,2.503406306625711,1
2.823901267259312,1.7050336737249048,1
0.2994231866582445,0.525239027834813,0
0.4913903343375311,0.9224654560322946,0
-0.9589579802566012,-0.34887031991901685,0
1.9754130937438916,0.8386181136982229,1
0.7042892635388458,1.402510749725577,0
0.8151682404889908,-0.6915319789595349,1
1.5137883150030318,1.304507909451088,0
1.1678414286798449,0.6086038369779591,1
0.029346896691696166,-1.0465791579872257,0
0.1797476942981603,-0.16091973330922307,0
0.7152425049003546,-0.8838394356849076,1
-1.2196794010766372,-1.3530177801793202,0
0.48903884729339864,0.3606930051501359,1
-0.6660746242717793,-0.6641515765769616,0
0.42575933099638286,0.1448301448148556,1
0.4849648634823247,-0.4640466218225981,1
0.7804803111183514,1.1119425125543665,0
2.4887854303485772,0.5520741824870359,1
0.5785494264322391,0.5103817379594783,1
0.34053453190654226,0.253236569876487,1
-0.7291071615748183,-0.8196986092078773,0
0.9440544934001469,0.3993274815242189,1
-0.29098065049272476,0.18951839515230964,0
-1.1648795096608688,-1.8765658466529103,0
0.3667188840661948,-0.717361594457709,1
1.9080193875145244,1.0423352200210405,1
0.8796531104244708,-1.1640772159885686,1
0.8199508001384268,1.5139889022215614,0
0.9449145837862553,-0.6973640318119789,1
2.206461375810763,1.6741239289510506,0
-0.5638658218576805,0.12983264085436158,0
-1.639471722045252,-1.0507655231183775,0
-0.18303284321019592,0.40838884557613003,0
1.8923650480199805,0.11220109574456573,1
0.22455394891424674,1.253236478086301,0
1.9547013019240311,1.1986038797251135,1
2.4817218604710645,2.076656062199885,1
1.297488135562992,0.7859859871936796,1
1.9718801872123581,0.5722047318286911,1
3.023011173561624,1.625721662442197,1
0.4764041134638136,-0.6892450977541593,1
3.01253626739918,1.9062229106316726,1
-1.1389880666757586,-1.0947166050368018,0
-0.9393699003194277,-0.2418687814378358,0
0.9647458289963815,0.14392945854074343,1
0.9922037557116253,-0.32384188676363307,1
-0.2965995226432421,-0.1167448511586311,0
2.453177866264805,1.2534016215175852,1
-0.6194697964880437,-0.03932424870733986,0
-0.09924159252937281,-2.0851749303808473,1
-0.27184267690390057,-0.5710282981105312,0
-2.162126714540591,-2.189724105554125,0
0.7266142231327996,0.8773712801338059,0
-0.30675137728484575,-0.15008598378906515,0
1.8710473066731481,0.31747968731648574,1
1.0417146318155932,-0.3534773854088673,1
0.7400437448017714,1.4136865585824465,0
0.6609591888256782,0.22531985040740005,1
1.602117108939566,2.208543475472339,0
-1.0372702287033804,-1.0323889738922398,0
1.6846299721237865,0.16009181449545443,1
2.375531429010378,2.0736180283997383,1
0.7830588761162532,-0.2891373286055911,0
-1.6526072723840113,-1.3959227767509852,0
0.36682526011117256,0.7343896871943764,0
1.92817094793334,1.6019693589777595,0
-0.4456978459170759,-1.556115154552333,0
-0.6493098795374534,-2.9607538955048853,1
-0.475452230460495,-0.6582803731464739,0
2.0094797532009507,0.561825307683874,1
-0.6723110041889963,-0.27519435402985815,0
1.2891203975864602,-0.41927844607628517,1
0.6221555954561977,0.8091329992035595,0
1.3620873286993547,0.8199282958617985,1
0.8529110406633156,-0.8663335116912922,1
1.1498055468898107,0.7906403375034324,0
0.963086021219367,1.235864263672204,0
1.5007350943219313,0.3917471962463263,1
-0.03637306437802344,0.47649352363542125,0
2.68326284346108,0.39774898702697614,1
1.8670411393860733,1.2282723524216763,1
1.592349473030858,-0.03571864375464763,1
-0.8602540824455815,-2.2580149948424224,1
2.1937620454653364,1.0167327478986454,1
-1.7670006458532588,-0.3613533946391908,0
-0.06591822068991411,-1.0191188778232563,0
0.9609133032591296,0.33485102367303365,1
2.7608829527482834,1.4157189951736138,1
-0.0611545053767478,0.35258447211896404,0
2.5222060148150467,0.9433917202707429,1
-0.634971528696689,-1.066212035047978,0
1.4990373192929436,1.182028795849479,0
0.10595890167411089,-0.47758979905417703,0
-1.116299987006946,-0.3895118474292675,0
0.5160559902230631,-0.4490989149878143,1
2.9552703165453544,0.5154156197497961,1
1.0527257733085043,0.7418911418946718,0
1.219880475432557,-0.4256171378045438,1
-0.6652215200053097,-1.4534060768794013,0
-1.7829667381806917,-2.589645625406438,0
1.8671369023315147,0.6927303707857317,1
0.9199451658418472,0.7881162387458325,0
0.1600687276415711,-0.29270221714514616,1
1.5603890188488965,-0.17505202002640843,1
0.6631220274092038,0.39044976244714713,1
-1.276093958743739,0.6069342927191084,0
-0.1030658278653815,0.01807955256925097,0
0.6257629885582822,-0.4015596181171703,1
-1.5814503888023868,-0.20026221613760273,0
1.3952327487776912,-0.7808727865537353,1
-0.8641416645853445,0.200943088388204,0
0.32329780021845766,-0.9728093812567378,1
1.2597910535513188,-0.010711270583798786,1
-0.10055654472347464,-1.827499947572191,1
-0.07186968601603362,-0.16875695107617159,0
0.4762911045221021,-0.7458408223124553,0
-0.05333450579736382,-0.2228265949802891,0
0.8196312665498086,0.6555926373014237,0
2.4292073509431895,1.405273671685952,1
2.6369144545353977,1.201632727121209,1
3.3383504176800214,2.268186247266534,1
-1.0564603872134377,-0.7807727923051699,0
-0.9367175460088055,-0.3308380389423155,0
0.2605206567086026,0.21873668284277462,0
0.2888964698611337,-1.5027779750107089,1
0.03633914303617125,-0.814779282928645,1
1.0906356900415772,-0.7426899375669413,1
0.5230129263896661,-0.8726445698088942,0
0.6284170986143877,0.43630966335075455,0
0.8467879340146963,0.7714397305706844,0
2.1165693445839344,1.6578085472095931,0
-0.5016336308171196,-1.5136325845939707,1
-1.6854813483948252,-1.7571391945029395,0
-0.9381373313148706,-1.5339536415979316,1
-0.24665307218013188,-1.7564753825272288,1
1.9306654766200382,1.0188410643347736,1
0.3357822324085695,0.12263470678255857,1
-0.11673362406984912,-2.262863437569352,0
0.7278449033763965,-0.1956927937920922,1
3.3082981011798998,1.622068978902537,1
2.72510516706166,1.563028203224088,0
1.7272920800552884,-0.10393019411952623,1
-0.7339912333222541,-0.7682490288409232,0
-0.05148488871755075,-1.5352657069301456,1
-0.47873153527942885,-1.6447893996953216,0
-1.4728930466903296,-2.0837307646311967,1
0.7425743762604629,-0.6303362952544339,1
1.1482397809131448,1.9268718762910675,0
-0.9749531315017039,-0.6780776872667009,0
0.8158151693646352,0.5197264153474699,0
-0.352165701461728,-0.5059010861464039,0
1.1043674953387987,-0.2535421302794931,1
-0.32061491615427934,-0.20831194001582223,0
0.25535190696941046,0.06870884646825308,0
-0.0957506714032299,-0.1369498286570723,1
-0.747841071313315,0.37570044019657456,0
0.06679088054358145,0.36955660929264234,0
0.6020987150104988,0.7889184688528369,0
1.1345961683175976,0.20271624709933353,1
0.36580452354584836,-0.42444872278664647,0
0.7509521774390843,0.9062782512851751,0
-2.561998237712828,-2.3403611980254833,0
0.520748625502263,0.596092049298044,0
0.6436836113533576,0.47567661472418066,0
-0.3291549141621186,-2.3063604759208474,1
-0.5325707656626064,-1.5149249526341886,1
-0.1591488515875612,-0.3321777749865969,1
0.8264242311669108,-1.0692193638031,1
-1.5638066030642759,-0.2275924127163562,0
0.6675333237664655,0.06467695328940373,0
0.21847670732945176,0.10549773866496615,0
0.2953322355359033,0.8512963233079157,0
2.256010911344962,0.9394964350873265,1
0.2596117610108079,0.5445451969023293,0
-1.020025798922389,-0.8214061800811517,0
-0.3727872219641498,-0.20202913179061352,0
2.414142590254743,1.5057685469569373,1
1.8281452003262606,0.6455996794626607,1
1.053335854102161,-0.6793035894037264,1
0.6379593805977597,-0.006003889751025769,1
0.9075786892783533,-0.20091863284411735,1
-0.6257062148631183,-0.8287014480768023,0
-0.04942555559845019,-1.7164434595995448,1
-0.08133738415633088,-0.12969586339735018,0
0.004773654412163208,-0.14683756905526402,0
-0.3060250669702145,-0.7393283900662583,1
-0.5385749267215518,-0.9992412312509685,1
0.5928764630338531,0.17866383727514817,0
-0.01715845078141051,0.24686006161700186,0
-0.5444579478729494,-1.2637339901198341,1
-0.626343474666449,-0.3037577784891815,0
2.547571584420158,0.3451090652025778,1
-1.3288086165618618,-1.0784702492324385,0
-0.3633192616565545,-0.32461017262159764,0
0.8132913719385703,1.2439989697115308,0
0.04733711737147406,-0.43652836076655216,1
1.8508475580274881,-0.15686418862847282,1
0.18583639765178747,-0.5988489718176326,0
1.7489974363622014,-0.19033005554830953,1
0.34102050782376003,-0.26795020352656246,0
1.6418311218696495,-0.2031891831912781,1
0.07516057361737527,-0.7006078184343747,1
0.7714975004277828,1.2358774493623403,0
0.25644570273395606,0.1905838074806654,1
-0.5103079428001012,-1.891998138096899,1
-1.284974651294908,0.18728889065294918,0
0.11775098037148046,-0.6409715050310603,1
2.203082942102765,1.1318475516836632,1
0.5418113021711575,0.1604481241880444,0
-1.0767916753572617,-0.5119625337771393,0
1.3179869874883352,1.1276463980960607,0
1.9296396578792256,0.376290532611797,1
-1.0669769907487978,-0.3759856319489507,0
-0.13609170605949528,-0.7939196501710207,1
2.6008099912237825,0.6741612687237222,1
1.9737144985204247,-0.33162374958219065,1
0.1460496200125705,-0.9999041976525003,1
0.4841387537847283,-0.06979948531461361,0
0.9652216656846966,0.42257123302176486,1
0.1580548932388741,1.9452058270111028,0
1.0346794318802948,0.007722760264033748,0
0.27444103755452837,-0.5827993908815642,0
0.043179010448588885,0.4982117684693077,0
0.7451090155614265,0.002572280967010469,1
2.9164826564625836,0.5026565983630619,1
1.8987536434921453,0.7489465357102595,1
-1.6463569249808316,-1.1451447021573329,0
1.7067122717229337,0.20684669401240222,1
0.6185842833206765,-0.6844711902952728,1
0.09386731340284804,0.0010615968617858236,1
0.17338820549420575,0.9572930550208291,0
1.4417868175531101,0.4216997299146663,1
2.990623053885221,1.1828087429016532,1
1.1881248058648188,-0.6439987158718203,1
0.06565246093944516,0.10523500503455469,0
2.501922607883866,1.2997246990105233,0
-0.7177655598431558,-1.3474747233264526,0
0.9705092888849478,1.5620652112971367,0
3.117464799743333,1.3458104909025244,1
-0.579313711679822,-0.7529108019455807,0
0.09773229944858436,-0.5150157476095288,0
-0.4306268501631364,0.5383326287177815,0
-1.1972484461369122,-1.5444540073554298,1
-0.9333461669702399,-1.2278297361648198,1
0.001707267871104521,-0.004446362884241538,0
-1.4613327078756622,-0.6791990537505234,0
-0.02379058486636021,-1.032693639714764,1
-0.028360496642147265,-1.6725013156015058,0
0.7468945753319727,0.742304651813467,0
0.7651742337906132,0.04971024342404673,1
-1.238940770589846,-1.2396406022881759,0
-0.0016476070210302432,-0.10008429735638154,0
1.5911083082871258,-0.5682288125279586,1
3.022311857599589,1.2911670310834067,1
0.4450820635718766,0.564346859146687,0
1.5705640143745754,-0.8857803509714296,1
2.5660294410772924,0.45478122727553105,1
2.098668421351623,0.05759172865126264,1
-0.7359487643317656,-0.8824268348729728,0
0.8223666913918564,-0.1139895677871436,0
0.3043479777565645,1.0991519133962915,0
3.3335778794980984,1.1200183280209686,1
0.08079138481890408,-0.706206773972608,0
0.8095512024333334,-0.34158164194504037,0
2.848495083858826,1.0884973834615115,1
0.1275536840333755,-0.5277188210278527,0
0.4545744976895242,-0.8969021898491693,1
0.6141783607940213,-0.917276489679789,1
1.443801120719112,0.3730767815328912,1
0.2617314281026413,-0.5187915095104436,0
-0.10199585251428635,-0.724470066320592,0
0.907304589927375,-0.5567009115207214,1
0.24801128041761278,-0.3213776736437448,1
0.9932190667878601,0.5114699489165164,1
2.227963990729608,0.34782147796388047,1
-0.045710864462574274,0.8540590349203527,0
0.9509633899689417,1.022154020346481,0
-0.8461936936681274,-0.5521339437264746,0
0.21535150644100445,0.11684785259396041,0
0.648891653980027,-0.3398503332982332,1
0.48934972140863275,-0.7748120758424254,1
-1.2588517519143545,-1.5523762501508773,0
-0.6528621928818572,-1.6400173981291175,0
1.2591446976208358,-0.08996642210243536,1
3.273830940500579,1.5181830234485252,1
1.3092433742111056,1.170480936275789,0
0.014208826130780672,-0.4639146090314924,1
0.9486287957733699,-0.9629769327640084,1
-0.062244378389113585,0.22722821664278955,0
1.7993259979552696,0.3295496869701651,1
1.0634493335424713,0.42335176711658745,0
0.4622572357457583,-1.0597216755358787,1
0.9912538136404988,1.020942742126291,1
3.004653674975944,2.2714452090447823,1
1.7018076495451329,0.059250269554126475,1
-1.4679793556068343,-1.2925586243163407,0
-1.3008307497229814,-1.2313558025191729,0
0.3012847981468363,-0.44448009579370973,1
0.31467518339667955,0.3129980358659606,0
0.37700286986065196,0.6106815171845655,0
-0.8637893993410153,-0.7023057196664074,0
1.8509244714720845,1.9270016773806418,1
1.4341245814447405,0.3471071601837661,0
0.8393228372410211,0.17442006757025266,1
1.3842696829286274,-0.062352713073783775,1
0.11878255280055794,-0.9297822487465245,1
1.3952489365758336,-0.18539124153577113,1
1.7815109148813446,2.392485073376456,0
-0.586794494428319,-0.2113234716840027,0
1.5458081428067176,-0.08164755101907158,1
1.6509495337291358,0.12021566691198457,1
-0.8355521487299579,-0.840674025251378,0
-0.6122698215228253,0.15958192707350577,0
-1.0412427146571233,-0.1020878323103241,0
3.7587196257243027,2.3203426597941244,1
1.0692113937002228,0.341408258732149,0
1.526167190898323,2.0459243869590944,0
-0.21887171542983086,-0.26800781695280695,0
1.003682804883297,-0.573192117621539,1
-1.6921576567812022,-2.106571042696612,0
1.3310804143927284,1.073714471556559,0
1.182408316228017,-1.0328671455669953,1
0.8603211686425805,-1.0356147628974783,1
3.9554492330572044,1.5291468996858257,1
0.4058756027831397,0.8108090525444589,0
-0.9836194531652346,0.5804880353630119,0
0.6406206849665113,0.5927271075724356,1
1.9767285993707429,2.1262839589256224,1
-0.42610870986448607,-0.057707831669145594,0
1.6898284535202113,1.0020452027742004,0
1.7460213099572304,0.3466695878068683,1
1.4309963930594374,0.2322506209652909,1
2.044831822075887,1.276607183300827,0
0.73581833944094,0.9212948684986163,0
3.3149009235574054,1.9570069849807048,1
0.18024925206426246,0.4932275467052479,0
-0.14305908918585936,-0.7195635340515106,0
1.4913816811095932,-0.02653233106513647,1
-0.3352312901074975,0.060774294953025575,0
0.8902593082147157,-0.9980131814672758,1
2.1237418984117387,-0.06417422900450949,1
0.17043235169219437,1.1392142547106034,0
1.2382389153892455,1.1788153241726174,0
1.5658196992489708,0.0019113765680586405,1
0.5610330452441236,-0.2757043194009487,1
0.11264173488734877,-0.3653328250951561,0
2.828691150239231,1.308318417821276,1
0.999956669710095,-1.0502789015452314,1
2.573813220467022,1.9225950671767063,1
-0.6588734819455598,-0.7652827764855306,0
0.13056045808849306,0.14728940362721565,0
-1.140669391526963,-1.404965804470498,0
0.2638963295872132,-0.42371111672280576,1
2.485596308839842,-0.20799766498749492,1
0.16182121245747258,-0.7157111727243761,0
1.3944609739193417,0.6401217672103684,1
1.4824922804716396,1.166292881377508,0
-0.860701466266139,-2.075301592718949,1
-2.042260944610019,-1.8458776032741682,0
1.0634848963277788,1.662315280586078,0
-0.8876805903745886,-1.0878069345073467,0
0.45646218356679163,-0.18779151260637977,0
0.3560052415528451,-0.08993273508562627,1
-0.018655913756926174,0.7477022595322512,0
1.358913998672418,0.09779098150051707,1
3.361457208456584,1.188575247255838,1
0.7763991606716967,-0.09235470177302577,1
1.7441029947964217,1.871434298917477,0
0.7512889725495148,0.10620462545699533,1
0.9642007709527197,-0.7163873579990777,1
1.6409287240626345,-0.14357373033836288,1
1.417029510320239,1.5951717247720147,0
-0.0420603700297022,-1.5944190963792937,1
1.360235628075471,-0.570493160943562,1
-0.5654082749386762,-0.9697509548306391,0
-1.617808970611889,-1.2187511678585565,0
0.8500129759362535,0.3125898832375406,0
0.14185943659317501,0.4969703804483922,0
-0.0589550700732369,0.5517880260574437,0
1.8539287317011093,0.24214678028945233,1
2.0946163916471425,1.1681092853097044,1
0.807304829154464,0.5924056279972245,0
-1.114949667417913,-0.4724707343296258,0
1.8053053441096034,-0.5243753077999744,1
-0.009105638944099765,-0.7177080637362497,0
0.1629994236879524,-0.5503515142447579,1
0.5136757845156676,-0.831123967281997,1
2.9273281091958756,1.9589158692324564,1
-0.6495554821459714,-1.1527428047476311,0
1.1832641899738565,-0.0031737393134315724,1
2.6382392445572975,1.1165645350460003,1
0.5407174487469704,-0.4467417303544531,1
1.3228690748389262,-0.22066843487905036,1
0.5643006396779476,-1.6963148697608852,1
-0.041714402241035356,-1.0159642131266706,0
2.1670019032764145,0.5308293037733545,1
1.3956773149153892,-0.17802768640602545,1
4.704786367318757,2.6259229750103477,1
-0.9001385996165784,-0.5236843537607949,0
-0.139745106268123,-0.3875578172049804,0
2.157453063498033,0.9136209734589369,1
-0.5832248052670514,-2.5011357830659415,1
1.6608175387196296,-0.07454583852744491,1
1.1767825292919623,1.0230527444160917,0
1.1917817121514584,-0.020483762317701378,1
1.3548449029120329,0.19066820503627588,1
-0.008637400237234598,0.6777967394378654,0
0.21583222421834938,1.0555914189106743,0
-1.6387120381617355,-1.4674631705850265,0
1.555706080417938,0.7478420982662108,1
2.7286272025184335,0.8023539617735448,1
0.998283803452152,0.19349147118762552,1
-1.7214603991286954,-1.5663654727163372,0
1.095696887293367,0.7106282052430604,0
0.6179510600657988,-0.14849032269516432,1
1.6650951457509344,-0.4070774487560174,1
1.6168849610866618,-0.26071072173485654,1
2.001866779484613,0.8508480155818438,1
1.9730319649794483,1.6235836144316373,0
-1.4911213602881224,-0.5282598922919455,0
3.6734364816555534,1.643195387019887,1
1.5428096619012852,1.670861495780033,0
0.7590673618321064,-1.5717563226188611,1
1.09108723150012,0.2606458674545086,1
-0.3656781611279057,0.14028836119852184,0
2.342875954270548,1.1378298804780662,1
2.5889237439581523,1.3235406416197009,1
0.5284504409345541,0.646597505340483,0
0.694786480011534,-0.6950526557535387,1
0.7980517038684867,0.29973165674598956,1
0.8453617767798076,-0.38351633456899187,1
2.5857291290290925,1.6861098527535097,0
0.24434727408920665,-1.1299194882308472,1
1.0219754497620717,0.07979366064184215,1
-0.6152700649395684,-0.6062404739520699,0
1.3105069143894275,0.1834342685443517,1
-1.3333860851626371,-0.16993822087896646,0
-0.0029711013758477525,-0.11843354928535746,0
2.297177282726265,1.3169832368988736,1
2.1993528452312696,0.44279038860317443,1
-1.0238610047923624,-1.6162475098514273,0
1.8801272901803787,0.7226177839012677,1
-0.3624526362947001,-0.94525566788458,0
-0.322672407778708,-1.1089532788998306,0
1.8475872798999786,0.9213616632060111,1
0.9504569344429025,1.2344571038338716,0
1.681478958286889,0.7245204680979532,1
-0.42605503987929366,0.45067616969259694,0
0.39413067938894886,-1.5762313388001459,1
-0.08281409657090513,-0.22851622862788418,0
-0.3675245372599904,-0.7780088107553517,0
0.3044846079750634,0.4676167038006737,0
0.6219865654439809,-0.24131292344331284,1
3.496603006922663,2.14820644487716,1
-0.34834426758580306,-1.9623738591723248,1
1.6305247778165255,0.04290490262183543,1
0.48721217574926234,-0.23655226849380723,0
2.333126010693011,1.5106180555901227,1
1.338297536476173,0.634519540582371,1
0.8714201881272743,-0.7542924731192008,1
-0.13035286978243313,-0.40061013421510433,0
1.3393550253429014,-0.31008433864907764,1
1.0013784688671996,0.23104111266362082,0
0.24781148652724552,-0.07757955277860804,0
1.26639267613161,1.276443340771162,0
0.4906691531323156,0.5779412825319625,0
-0.5606600199842411,0.015423916634802963,0
0.06007672100812045,0.05642602848806877,0
-1.4539909493818288,-1.0400284565645757,0
0.44657565964027557,-0.09676308430386421,0
1.5713800199402725,0.3334834692850205,1
-1.3504203548149112,-0.6693681134761552,0
0.1198942932410739,0.6593772122320375,0
-0.44834361900704,-1.654691519873744,1
-0.6160010721211316,-0.7857960783874977,0
-0.3713966793630934,-1.010770347994008,1
2.4994334749185487,0.5026246167203698,1
-0.1901305076541748,0.0008732302723358422,0
0.8129449128519983,-0.4626952357206289,1
-0.8009081426592237,0.17199093646522248,0
-0.8990039055084696,-0.2484741980434631,0
0.9751348369963025,-0.5240599857676468,1
-0.5356490303155197,-0.5617051808385075,0
1.3927259878408393,0.026719161558910295,1
0.6755579249046586,-0.30168055666689997,0
-2.5112698371544306,-1.8776568164040879,0
0.48269990108839167,-0.20485776385270385,0
-0.30836978827230155,-0.5019883427942694,1
0.5083108139015103,0.7315140979712533,0
-0.0535246244114078,0.16995398051826183,0
0.004525599518103718,-0.9275736483036804,1
-1.8796231948449462,-0.8995122702511575,0
3.5258403915657874,0.2692776180992564,1
-0.841379403828954,-0.09824892783035381,0
3.0137900654745575,0.694919922599826,1
2.5853888498388833,2.7821607263805825,0
1.0728289457993876,0.4233750908563087,1
-1.0159898497734594,-1.112030726956985,0
0.5530638585302968,-0.034886052191146696,0
-0.20437706263247132,-0.7121449256294315,0
0.6220209164781865,-0.695096143186766,1
1.7938666182649632,0.6206233407148555,1
1.3030295160312488,0.07765471000842607,1
-0.17328012597287065,0.03480807782439644,0
-0.6117828220798883,-1.2743089235293832,0
2.4472668373492654,1.1756225339933282,1
0.01311989932551727,-1.7301962079367827,1
-0.6087085735087252,-1.2866721716552147,1
0.6476176601838075,0.44490671351427297,0
3.166044316122924,2.0292586209804537,1
1.356037811477223,0.665560803652297,1
3.7926510726917435,2.3907499755781663,1
1.2769339222343836,1.2817897856526,1
-1.5936791440748563,-0.727229698784668,0
-0.6255287008077484,-0.43674911850154563,0
2.3542753935196448,1.2317998975446738,1
0.09417148407200959,-0.6231108267940744,1
-0.5449852720826392,-0.4535231306217799,0
0.5254675386868536,0.30967272390488276,0
1.0667068655744343,-0.5420683447838855,1
-0.5776623648901721,-0.23651083961427843,0
0.19447279282855398,-0.5850919550008206,0
1.073652751620601,0.9004670884153001,0
1.3691952179138966,0.25203336326634224,1
1.3796392022863615,0.7588861077195612,1
1.1768958955140898,-1.57831017912104,1
-0.10569287248625932,0.9757476516809234,0
-0.005411012958179897,-0.4671370738785369,0
0.502554594435623,-1.1456722739048477,1
3.1368355387657063,1.4517284498487497,1
0.32686414893604654,0.6720500108467468,0
2.166784486750488,0.15501061236876745,1
0.5238795194079758,-0.6915936617735062,1
1.1473829655291308,0.7336813252681949,0
1.876753831973245,0.6352420905049033,0
0.6778052625547373,-1.1679220301103865,1
1.8800802180966363,0.3392902337766712,1
2.1244189063471532,-0.47034040523281195,1
-0.2779615813844205,0.09769509250026007,0
0.05594302183886995,-0.4664369620506339,0
1.0374096015578098,1.69558046592527,0
-0.968880750183176,-0.7018129798048618,0
-1.173773451555262,-0.28174902408964914,1
0.6333326499323535,0.23850020702410896,1
2.4765177384911965,1.8245720268671444,1
2.0938439412965657,0.7134432902822971,1
2.2757790856194804,0.8952899832560133,1
-0.8764554097586073,-2.636469910818665,1
-0.16490374406142666,0.48169121399167014,0
-1.1224891371771493,-0.5938074525791839,0
2.486691486108816,1.0008032713343362,1
0.3198321910501549,-1.1231317060273922,1
-0.058929626243228624,-1.0950035090425438,0
3.2920814448731983,1.7314287318858657,1
-0.13316903114634565,-0.18952245545784893,0
-1.245125088722178,-2.0557152801800367,0
-1.0892016885537599,-0.5442996549404143,0
-2.118247627557046,-2.5759049397818568,0
2.2067261646791354,-0.18669098778113094,1
-0.05668403831248803,-0.7214015773586488,1
2.282083833550476,1.05283518230198,1
0.8568374074512064,1.3873440814421962,0
0.7890215661798998,0.8226043162909562,0
0.5536017251491161,-0.021170665852216077,0
1.9111595694401937,0.5679919087668126,1
-0.8079372035460832,-1.1246313392739946,0
0.9886789917514184,0.6292456566706426,0
0.44200289558956074,0.14308015257418447,0
1.8456591277062855,0.19113324203413926,1
0.6516726021803957,-0.6752536715764167,0
1.8929439375804706,1.2170326807112049,0
2.2999162895305156,0.3798616022038945,1
0.6814107482493045,1.3822359485440114,0
-0.8389153632434564,-0.5568688411919273,0
-1.3687800786446853,-1.4522069479637496,0
-1.7194385688541793,-2.0290970256785004,0
0.24496335814050832,0.24563489148511355,0
0.9889581606768358,1.0627869474904839,0
-1.4751994206784396,-1.8503589509734033,0
0.29841417185807106,-0.5107373271001423,1
-0.6950804188594699,-0.8723730498541031,0
1.2676308419993303,-0.36872205418342585,1
1.432510311434672,0.053992964459748785,1
1.2195785643213013,0.17199505575277138,1
-0.9310245858156541,-0.7576076061806523,0
-0.8460847874320547,-1.0384743022294198,1
0.7251311505212762,0.1504137243304631,0
0.036140314927240125,-1.8331711416975107,1
-0.09707423613969146,0.4436468641182799,0
1.2724461349996041,-0.7853499436780231,1
-0.9482304699461025,-0.49505014639091643,0
-0.10283614276816182,0.6938756481207012,0
1.465584307989816,0.9303908268247988,0
0.9489458801757115,0.21779191943467585,1
0.29105209444004354,-0.566217926008615,1
-0.008354250829113164,-0.5526775389087678,0
1.5552732810166028,1.0161134137169305,0
3.2428339117888134,1.3005309580930928,1
1.460484174965988,1.3705468375465457,1
0.24976665539768308,0.7066761395969148,0
0.6935834050716679,-0.04688432830114954,1
1.5473519869736718,1.8336936426436197,0
0.5125923932657573,-0.751212150885524,1
2.266565747372944,1.4124934791058317,1
-0.27365419583566203,-1.4643322860666896,0
-1.8353614227854107,-1.5368854690921105,0
-0.21191248093227033,-0.7708405946374564,1
0.36999037326641815,-0.12917113507308758,0
0.0036953990816899532,0.7616402024351299,0
2.205091034014266,0.38190080920634356,1
-0.6234011195021839,-0.36216798146876134,0
1.6045908087402239,0.4130837570255168,1
-0.01270561112807998,0.42051469348134674,0
0.8825080230230988,0.865376822505865,0
-0.1401017875663416,-0.26972515926966284,0
1.087121546522881,0.501852357849474,1
-0.8112308969997242,0.6428494714097358,0
-1.2252697219070598,-1.301880625351601,0
0.4773744074390001,0.5231910922081099,0
-0.9300924276325491,-0.32286698885972415,0
-0.5121826973798134,-1.1545564111067386,0
1.1566407719223166,0.3163359294573922,1
-0.3842342037089705,0.9871529256276068,0
1.590847098043548,0.3916708043973123,1
0.41978403907171724,-0.017686585571761608,1
0.5079373664969709,-0.31901113038615087,1
-0.6037608415761611,-0.9376900960336454,1
-0.4677737116951224,-1.5555532341326601,1
0.7072266941291951,0.8821198932506915,0
0.7157150738612543,0.27420758063608514,1
0.7013446717967972,0.241705442528655,0
0.4235573783206017,0.7598784609373688,0
-0.6099522595135529,-1.173840052292475,1
1.4811861879566677,0.02971931507832762,1
2.0403000796165243,0.4342570141106421,1
2.1594864055373075,1.7805973483739106,1
0.7979720177225272,-0.15651716039192223,1
0.2679113835314418,0.817353408470563,0
0.6186335110710522,0.0754732202120035,0
-1.6491227847764676,-2.2802264580656555,0
-0.036609660460550614,-0.3565940621711813,0
0.36323896286384727,0.4001087517040849,0
1.3412777558191307,0.27611473519395485,1
1.251367175392788,1.0171995872448392,1
-1.0849996924717418,-1.792812426258964,0
0.8591184161237397,-0.7388246979137154,1
0.818927519745658,0.03520923657694419,1
0.2049990342539471,0.3383701447055659,0
1.0910567049267557,0.32817602329111895,1
1.1274072459027868,1.2338246727696212,0
0.8172620811962887,0.3677968117075882,1
2.1520123970579905,0.386644484822648,1
1.2318238571644944,0.47111815004131075,0
2.46632067419534,1.034855650217692,1
0.9708178531462348,-0.7810956712427378,1
1.0202016120949868,1.2950345013275215,0
1.0666542331158304,0.5529716182307177,0
-0.5815885392775475,-0.6075492301051996,0
2.562883372630421,1.241468151475451,1
0.24569861720970954,-0.4286560518332143,1
-0.36962977208680575,0.03375034476579444,0
-0.3698335587052381,-0.1419103353169289,0
0.6933366321610229,1.4700386291601264,0
1.022042802774762,-0.09445237656899541,1
0.9895877682169569,-0.11055238517964963,0
1.096246167786937,0.16352025388805386,1
-0.5932786646877602,-1.540729964671699,0
-0.07167567005975513,-0.3980064331303288,0
0.7368980480391879,1.3446665224948229,0
2.317441833088745,1.3334004171873632,1
-0.970884679304363,-1.404371960946344,0
0.010271024642674308,0.016768170463648282,0
-0.31251415489651135,-1.1748808219754077,1
0.4657428910554742,-0.38262610629812577,1
0.25124764021441165,-0.13916175693672223,0
0.039227281598665655,0.3437067747593592,0
2.0617814972791972,0.22931760414624047,1
0.06161263036762092,0.8462185746013878,0
1.4154385151327702,1.2312105536572613,1
-0.8752066036801506,-1.6934806049737483,0
1.3885484913607489,0.2723887492283319,1
2.395037914478933,0.4093224200514868,1
0.517736120035792,0.05636727192805692,1
1.396929193400812,0.9387584298503633,0
2.108617379190855,0.34775768561901654,1
1.3115669035016686,0.3632922952678755,1
0.12338932752612135,0.08323884043464204,0
0.3796652772942639,0.5557113868119672,0
-0.5290176006192069,0.4855335739103232,0
1.4171552105989869,-1.2688589372235386,1
0.3536543641357057,-0.3992202285778005,0
0.20159735294113035,-0.2750688134475335,0
1.2451227365095934,0.27407376784203963,1
-0.4011310860425238,0.3808096336808301,0
0.05371985537059417,0.0020041644463458788,0
-0.1455616563344544,-1.5429102703765027,1
2.7899970672838217,0.3771087359046186,1
-0.8224024975739275,-2.5716309473586674,1
0.2814540626913597,0.6223357887357706,0
-0.32550218902998407,0.9490146051073713,0
2.8809948091774804,1.2362308340421726,1
2.120176510715745,0.9545227915999619,0
-1.347178869156685,-1.1949496374506818,0
1.0432097759680439,-0.2794215029744606,1
-0.038288852564070996,-1.4166145383174773,1
-0.7016083005348027,-1.9677733530504913,0
-0.6450828975458107,-1.4847953777810705,1
1.9156904076875163,0.24663665631478526,1
-0.9400457946934376,-0.5174781816910065,0
1.0209256940904095,0.7862201364525171,0
0.6340644008417553,0.7090850517270398,0
1.488830426785626,0.7596750182223826,1
-0.1777689060985164,0.8061635069897282,0
-0.5916200373733098,-0.6454319647124922,0
-0.4931906393196231,0.1338678742824977,0
0.39491214074857084,-1.071509649651477,1
-0.11486167802435328,1.2141148631376044,0
2.8894354395186306,1.580115531131353,1
1.6070185382879325,-0.36963361963546243,1
0.5230943157525311,0.5101768901619406,0
-0.6107175619554888,-1.2196745362694454,0
2.473084963183826,0.736115915713239,1
1.3644023726526822,0.02548596996631478,1
0.3940798503874716,0.48687286124505763,0
-0.838519588484575,-0.6008206170705891,0
0.6539168877621407,1.2386921638529027,0
0.5293601757714321,-0.13825785788505718,1
1.0586742552486392,0.022159041058585485,1
0.700261925116803,0.5991089017253909,0
0.3101618624520549,-0.33807032317393443,1
-0.6423266470409681,-0.6588451801740401,0
0.26197863957012807,1.1077341214969592,0
1.2525350644866764,-0.6362568083224804,1
0.11040482888401582,-0.40569090320930684,1
-1.3238674818733849,0.19594679875951881,0
0.14180464640224866,-1.6661380523451985,1
-0.6129352512395364,-0.8452784949230238,0
1.2278230727285235,0.5589837900257648,0
-1.2539504277145082,-0.19916572706341637,0
0.47778144047310417,-0.17649451283089904,0
-1.5691294786139875,-1.9942923155240957,0
0.5784859536439809,-0.5602806146757493,1
-0.8835644130923016,-1.268621312730595,0
-0.27424360030208167,-0.37308654666615215,0
-0.06683786653442896,-0.07924461767326882,0
-0.7155004032891347,-1.0581573198847618,0
-0.6344515849191432,-0.798890646642694,0
1.5706693033448829,1.3504511024052324,1
1.293078962188406,0.7889288842006581,1
0.592621185934122,-0.33096334765608615,1
-0.15839536374289356,0.3002967279123905,0
-0.8304370207327978,-1.0413190367977905,0
3.5476527518466234,1.654420346442028,1
0.4146415697152803,-1.0340964710622689,1
-0.07779465412570924,0.550323937830446,0
-0.5355136042779002,0.11777119367942457,0
0.34645185068607787,-0.19263477495774628,1
2.0796766342665993,1.1235784333155592,1
0.43050916754954216,-0.07237566663942037,1
1.7965877623791222,1.965580428103942,1
3.8850813426219934,0.726854092549158,1
0.8972538676251508,0.10347258390055938,1
-0.6300215753999246,-1.4964697572214203,0
2.008558353498888,0.5697038689057312,1
2.9354957224269462,1.120432037865466,1
1.2231377473883849,2.104630644971576,0
0.6582687942971391,-0.7564351068744577,1
-0.9046311424955531,0.0031653195296726254,0
1.7476326166976146,0.05805417703444282,1
1.5382786695546278,1.576234733332953,0
0.3247351513244802,0.05599932494966156,0
-0.002386924727582951,-1.187033693004392,1
0.14636413742608245,-1.1197648948354912,1
0.5166946272066711,0.7521767262910812,0
0.05453096197457863,-1.5516234498164119,1
0.6824990888150929,-0.6431539652599595,1
-0.19717328459490666,-0.22372765530468555,0
2.0948435124398266,1.086206010791098,1
1.5322306343624363,0.41810491654787735,1
-0.8005376928562943,-0.595035844861842,0
0.4810447836159909,0.36776616838316256,0
0.39817786773619285,0.4575467236114749,0
2.594625307063807,2.190534854558866,1
1.7433835832339426,0.30445310957641497,1
-0.06443318459719433,0.6520616606379483,0
1.0109462876686965,0.7691758975688919,0
1.4466769973303966,-0.19182752768810377,1
-0.4736324701926417,-0.14149788505122662,0
0.30005446541583497,0.6625749228449238,0
-1.4304193833372267,-2.597401282529386,0
0.7752307541889637,-0.23413132450366816,1
-0.1694081917138083,-0.07328173017016593,0
1.622620104111862,1.7752071234416926,0
-0.8643925140691706,-0.6789288502898985,0
0.7112083170795009,1.284618378787703,0
-0.6498086204387974,-1.1578335437993075,0
2.20846443892385,0.5633962484731787,1
-1.142871158850894,-1.1577254996377955,0
0.9370044658798791,1.173383574466662,0
-1.3742573823000164,-1.8691510521724333,0
0.7555202975275626,0.6370865735660405,1
1.8021641230402485,2.3525387103984445,0
3.3156060841250987,1.6153150912588194,1
1.3860909968396726,0.2664811403645753,0
-1.827054262658856,-1.5764627140083638,0
0.23331427452096742,-0.5898601919699005,1
1.935947862603562,0.38301582214851554,1
-0.5122830217827182,0.14029585456029525,0
-0.2048899924772746,0.239160777124486,0
1.0583911472304308,-0.9647439541493018,1
2.3702188055944906,1.6259012809657525,1
-0.9283241197696992,-0.18104623560574956,0
3.671502229817472,3.2864164030664202,1
-0.045591337251933206,-0.7571134844502595,1
0.11212304710359944,-0.7329913291541412,1
0.3928803848203317,-0.2642924342034833,0
1.5164365522910948,-0.16626065573435658,1
-0.4480279721647686,-0.32126140073046505,0
0.18984565522873464,-1.20699310458034,1
0.2922628833516224,-0.8847397723168849,1
1.629034152028921,-0.35858876202549766,1
0.7435598935500357,-1.198890618301903,1
0.31027985762589605,-0.4255624508626134,1
-0.3126512079420724,-1.206114833887358,0
2.587879517534831,1.9049191811377229,1
0.6600339216005952,0.6421782828541571,0
-1.5474098824446176,-0.9878079086479016,0
-1.4181927955699292,-1.0361050244553116,0
2.8294297709525216,2.639957453209613,1
-0.747251317118017,0.13177023239002553,0
-0.16422556562581012,-0.04687442837847047,0
-1.9504185147134796,-2.1077796440722603,0
0.3305579341046855,0.05573268031248119,0
-0.02594123953324632,0.20275669807717056,0
2.0900734840362594,0.680575747487003,1
1.8534545974254462,0.34631923756582733,1
-1.024869559419689,-0.43264948039138035,0
2.3338441495832907,0.801034668796081,1
2.344793239965737,0.9699516682946,1
0.949041923271223,1.4990809683543826,0
3.213706772743466,3.23212833798906,1
-0.19775902667264328,-1.4405127976169685,0
1.5454083461195962,-0.051731076432314775,1
0.8876368166157935,0.04566289385646606,1
2.9590199892442866,1.2348439264432949,1
2.132637491329281,0.586839516919245,1
-0.9633236947898758,-0.6102179913227356,0
1.1962442396657842,1.1404839466732721,1
1.4219005587541114,0.39203654367089685,1
1.4399542203668856,0.5561439808401527,1
0.09227303524504706,0.010947282272786484,0
-0.16259148019710154,-1.0448138863078678,0
1.2696238558550073,1.130953331997726,1
-0.4832313640420653,-0.2683595589050103,0
0.6874718770877483,0.25647623702452377,1
0.4170681374682597,0.4757176213469266,0
2.2901033999895613,1.255704471757537,0
0.6626077613880692,0.8609110082477117,0
1.5366289181142871,1.9388990387207983,0
1.9663279516633179,1.7201829713562196,0
0.032361200840200444,0.4686183318616109,0
1.7057179647706013,0.7531300174512526,1
0.9182541752271478,1.170051876291228,0
-0.12013605996347149,0.3370297013611086,0
-0.28054253175884036,-0.25317745325347046,0
2.3617058990046482,0.2966677336732834,1
0.5611077179731984,0.7446818252801519,0
0.6227772578698534,0.22120373809107624,0
1.4059296000696895,-0.12993244749669058,0
0.759591011368259,0.8417179681182662,0
0.8324222859565212,0.38707790711810425,0
0.5042632047450794,1.484675755037636,0
0.696273697495687,0.6232283607322744,0
0.39923614167711075,-0.117394054431576,0
2.9428648066091716,0.8683610966507854,1
-1.3607650298396952,-1.3854822908287756,0
2.844697019676672,1.5191137195354278,1
-0.8957412528560481,-0.7476587498843822,0
1.3417573113867847,0.185578671772909,1
0.9620600152687153,0.150952769857021,1
-0.9854750536431125,-0.537355114534956,0
-0.6392267192692954,-1.3423751819190752,0
-0.739265863389373,-0.15513682236846107,0
1.7925733391982939,1.941197995496098,0
-1.7235834678693067,-1.1722426364159224,0
0.8085577072780468,-0.5436111473764473,1
2.1998097911424614,0.13157350600565934,1
-1.2489558170193396,-1.393449742475312,0
-0.6133648370374287,-1.3760482375984942,0
0.7775890633909236,0.44902828226530145,0
-0.08518435221396825,-0.5181547460679178,0
-0.39655175674400023,-1.3584678145611726,1
1.2294978146370654,1.2051738112664054,0
-0.3628076001770896,-0.9749709216305923,0
0.33834022910101247,-0.45152509296271176,0
-1.7680742334316524,-1.766266995025559,0
0.9543408422525513,-0.6569975736132448,1
1.8838810901798755,0.09348344311692001,0
-0.42254219911434265,-0.9183827545097629,0
-0.24571088793093346,0.13193465286493775,0
1.2949882672868025,0.49426087124217205,0
0.3608542684377171,1.3917256730974596,0
-0.02482008082240424,0.023547648717144275,0
2.052188586868664,1.3178200099545567,1
0.9969911162829893,0.8315312486880512,0
-0.5463086754706469,-1.2402926614824188,0
-0.8001388968766506,-0.8795534929306313,0
1.258692021015258,0.04012906078358492,1
2.155166202735447,0.7990718421268326,1
1.4474634938228266,-0.7575675389042379,1
-0.2228598629364192,0.264794052480239,0
1.0890734196597602,0.9068050838587436,0
2.531857774991855,0.4508835199387927,1
-0.48169728963631475,-0.4934218406807257,0
-0.31002312328409254,0.38874860731735356,0
1.0468982323380644,0.4658173507168397,1
-1.576363652837885,-0.46019849970563437,0
-0.6700711414404252,-0.512075324455792,0
-0.6607106889061569,-1.7094239280005035,1
1.0233757861569466,0.10310009508415592,1
1.8003723699191299,1.0423520779612785,1
-0.3310880613906367,0.14147473142612702,0
0.5105387796769215,-1.2148685607759817,1
1.1207827225685256,-0.7837356256528412,1
0.6348389376349056,-1.5456635755921815,1
1.5519159263730347,-0.7361638137241068,1
2.2472654270256314,-0.01894100564788262,1
0.08484094536871847,0.23065278059469002,0
1.5615795793468616,1.4464864988916495,1
0.18415796772900106,-1.6471926511730615,1
-0.23858104709848724,-1.3839102137277028,0
1.1029408265386194,0.8556513282306525,0
-0.4653671357587166,-1.1339545600083243,1
-0.7927611948622117,-0.8015942821859203,0
-0.5688925933302216,-0.9635266832731396,0
-1.3668780219807894,-2.119357497349771,0
1.2260100843607904,0.5526003734042589,1
-1.8194864592576903,-1.180410929261335,0
-0.5259829883951473,-0.7324406026388492,0
1.8718385409354519,0.9750203861477401,1
1.1193297673418738,1.1043256953165226,0
0.45795182734190254,-0.2589841855516899,0
-0.14243046904098433,-2.2282517564970403,1
0.8336153932501318,0.7941648755642552,1
4.002839889711046,1.694889457936588,1
-0.808417119664215,-1.3774284704514064,0
1.120231146878909,0.9567842427516974,1
0.9239569488984378,1.4557282391724544,0
0.03018620670725477,0.05903311397553051,0
-0.29707163616414917,-0.7541052702957647,0
-0.9005755169667233,-0.8061872146591886,0
0.7156141446156266,0.7082361634253994,1
0.9019151998256874,-0.1732500223109697,0
0.6950209290645968,0.5969684324444873,1
1.6042531117394552,1.9826124397224494,0
0.7185589587599892,-0.1272202242621773,1
-0.13218484823127827,-0.19851013572770185,0
1.973084030113068,0.5780627337850808,1
0.025651464864748785,-2.153175847105725,1
0.946940393787215,-0.12218732783819349,1
-1.4718037116960092,-0.9347794343348899,0
-0.3781256790377275,-0.038826333247473366,0
1.202285585955045,-0.24403213809272153,1
0.8812979043336814,0.38671051499098685,0
0.931310947053323,0.592529584763116,0
1.0275516240701221,0.5448348344552653,1
0.9468835481100197,1.0876561913845426,0
-0.8941273746989985,-0.29596191880912753,0
-1.362479471391766,-1.556519021503814,0
-0.9678669865341052,-0.987875650300849,0
-0.1504904523665714,-0.6480291751070668,0
1.0233109046058668,0.942791886107717,0
1.158946862805367,0.24298716585585617,1
0.18906671437511527,-0.03354532688117974,0
1.2998151377246,-0.1669138153121131,1
1.546736781753994,0.7918901765112162,1
0.29518927372518916,-0.296076637471515,0
0.7372134449346295,-0.4906922769341622,0
1.7130723622960247,1.2579915815590996,1
0.20037160704024026,-1.204702019534285,1
0.701073960611027,-0.8680361396290901,1
-0.13402386878285144,-0.6148541384074069,1
0.7562203784995866,-0.6307769228117592,1
1.636267961645594,0.692589968638589,1
1.127350782870271,1.2731640734583765,1
-1.3429740060372855,-1.552686638559925,0
0.7658121516480432,-0.5299062422990621,1
-1.7115051695950851,-1.8499395709910431,0
0.7492614726728221,-1.0803804735497553,1
0.09930277235773377,-1.585535947847052,1
-0.894758160849229,-1.547595475794852,0
0.8245654051370945,-0.6832761875064763,1
1.6398123367215587,-0.30131686430349885,1
0.10162854807862765,-1.2819873333642384,1
0.8474345674097908,0.6585486282530898,0
1.9621686605452717,-0.03394756766185352,1
-0.32438427666252545,-0.02542356027854446,0
0.6983128941324225,-0.4512806992638115,1
1.2515892485770301,0.8958774228302442,1
-0.7875326427097296,-0.3332446714841671,0
-0.36134545735174683,0.6516280622717694,0
1.750136567715316,0.22161086939967423,1
0.8655171866062016,0.6769964588837222,0
-0.14472085646056473,-1.1116057949653297,0
-0.3857747356395997,-0.2427642081164624,0
1.4037816672100918,0.8503778803011207,1
1.8589182428808229,0.8561687863488151,1
1.8295856963857395,0.8265899231166435,1
0.8700706336876262,-1.1523068493929036,1
-0.9341071786854811,-0.03713778432969947,0
1.402951390225347,0.27012131422564656,0
0.14051586818637882,-0.3686502505166617,0
0.8654417136768914,-0.758483779443827,1
2.0395393238496995,0.42300095153146483,1
2.1499162979124824,1.1475223775734193,1
-0.1339505952683091,-0.25013711738143185,0
-1.0771796191843837,-1.0409244827145807,1
1.1654745513292282,0.39653214960282246,1
-0.6471179599764373,-0.5888651938616632,0
2.783038272551215,0.3632852021738425,1
1.63762189250181,2.2091933548620832,0
-1.360427109345233,0.016439047831067206,0
-0.13318436854086502,-0.09193931939794815,0
-0.4206693278727044,-0.008128254321788918,0
0.8717540961103863,-0.48692958123136953,1
-1.1038471910135648,0.10544593999172004,0
1.3878177798857543,-1.4851662097048808,1
1.9854909202578659,0.6431782623591324,0
1.0460035186390935,-0.9769700239622159,1
0.2008368631969979,-0.5732261966077945,0
-1.624054809885788,-3.016020160329551,0
2.3712897357043223,0.8559367049559121,1
0.765902946139794,0.21486816890834656,0
2.067725328596919,0.46295942081592095,1
0.9804054133062183,-0.6843327702453682,1
-0.4405847047113346,0.20849092887291126,0
0.4005074630515564,0.9600379192151973,0
-0.4230379921267988,-1.6327580219181599,0
2.420355034804482,0.6454877741039017,1
1.5472161700901115,1.7528387221995856,0
0.4807825778584682,1.8340212129297104,0
0.6093282579272215,-1.5669309261127644,1
-0.9810826034354536,-0.5580396509097391,0
-0.2708397682592941,-0.47817016164803094,0
0.31622692292134424,0.7426500756549484,0
0.7163633298369128,0.3217079209234968,0
2.1602214918948888,0.2098941081583034,1
3.549859747125719,1.742466726903904,1
0.7564172470383645,-0.42239891217767495,1
-0.6458777427386596,0.10332796919284266,0
0.24634642962886938,0.6210670768216202,0
-0.34295864968886025,0.8451259098607291,0
-2.5166126937777307,-1.923632376090717,0
-0.3590382721658798,-0.7089118419571814,0
2.3731484422232896,0.8807156999141784,1
3.0075882443543147,1.7652749610145055,1
1.4327070314228338,-0.5153951886725274,1
0.5335212773085704,0.35291965282740173,0
2.0567345268146893,0.9396464973350048,1
0.021595412605604037,-0.4037569484449384,0
-0.7379668400046303,-0.1412327488185967,0
2.4738144854835635,1.6134335848863575,1
1.6005912757299576,-0.2900023184148595,1
1.4102892632722328,0.5607162720216431,0
0.894191863936934,0.5239392253480194,0
3.186928226596022,2.1343822100626455,1
0.3096161396220284,-0.0371929707151065,0
2.0440387030095333,0.7767360225580517,1
-0.32754952470523646,-1.6895325136757398,0
0.3347286214667692,-0.7423415585994989,1
0.251843291387459,-1.0502373506840847,0
0.9115635463081325,-0.4468993984398097,1
1.9561314373994163,1.5524804774236365,1
2.6864209794783065,0.9503941193829102,1
2.7655080733401705,1.1599959655397225,1
0.49281204918546595,0.8884795508082537,0
-1.327978566020651,-1.627995380085067,0
-1.8846870713752675,-1.1168408415318398,0
-0.324719711335051,0.28987753871671584,0
0.33293047765470785,-0.23614523644237204,0
1.293194920782958,0.8229187239038339,0
0.9939419465475401,0.4503540888944851,0
3.8391416290432865,2.5279483905082643,1
1.7443740499944183,0.46140155508462677,1
-0.23073934355250494,0.846560635137777,0
-0.5122456457563572,-0.4475173935164827,0
1.259333454548792,0.5854649118453654,1
-0.017011666233529472,0.22337552517002132,0
-0.33898245343113975,-0.14846650311174606,0
1.3362307302380227,1.7177454151057887,0
1.058435297576619,1.2295626584809851,0
-0.057412797693083384,-0.6208128639405563,1
1.8471483678768923,0.528737148862308,1
1.4812223579808574,1.0542029844960332,0
1.3765675550555792,1.4516795271333582,0
0.34733101666504884,-0.011483292185270392,0
-0.4044219103492974,-1.197381509432533,1
0.10823448700776317,-0.48734136358788205,0
0.1313469342910245,-0.5923350971407383,1
2.7171932629013966,1.9849149301885607,1
2.53151339161235,0.36774638095584655,1
2.057621468260764,2.005001824259814,0
0.23758472848391235,0.8396169570540186,0
3.9386720974079354,2.703388838379612,1
0.03533375088557733,-0.9060301726181734,1
-0.14246886696720373,-0.4770028675023678,0
-1.3820938615211065,-2.7034059592064335,1
-0.025042629237991963,-0.15390232956107688,0
1.072944586345782,1.1434162856460497,0
0.3859625511941668,0.5050808329551092,0
-1.8728650826330275,-0.8425076217039378,0
1.0429742155348898,0.9334720079143576,0
0.14579213182032413,-1.4259615065504607,1
0.012945994266323256,0.7255026068031124,0
0.3793057371614663,-0.21045474242274462,1
-0.6379485600227907,-0.21660726762265337,0
2.7433736270205955,1.1998455409744273,1
1.7293476621782427,0.7933442357645863,1
2.3233119489335152,-0.19480334224712628,1
0.8579488359713909,1.0068103541100688,1
1.0766967897146644,-0.35748667017238983,1
1.7388794953792022,1.6250198064684833,1
-1.4707731905454262,-1.1183691860047873,1
-0.154405752904119,0.1450071182129887,0
1.306915687540429,-0.3228462936384657,1
0.2777873458757133,-0.8679187464390198,1
1.3118027988508187,0.037937761247823616,1
1.932030434527545,2.142680773612142,0
2.6543770044803603,2.2843734027564646,1
-0.3561984284515818,-0.7579909286967247,1
-1.0153501932171036,-1.1237818440876732,0
2.7564669266252846,0.9629817119805911,1
1.7186842934172004,1.6742027724395276,0
1.599474718778835,1.1263111059214856,0
2.268552936109395,1.3252005284089323,1
-1.2697991487821192,-1.55986388717627,0
1.9531885573944834,0.3042830617468269,1
1.0974993449785533,-0.27046688432652816,1
-0.22890088851671261,-0.6899133163768377,0
0.6033066556867888,-0.3013055668707553,1
-0.2954385529573253,-0.6841195394388732,0
1.6150917710795594,0.5449013423329605,1
1.2978460959885072,1.611015691407621,0
0.8516337126945209,-0.8392367017476183,1
1.8973368695039823,1.54236865402931,1
0.6441948399929313,1.6238042833533504,0
0.841719854254831,0.24564500623462118,1
1.0119389579559217,0.6273405567025369,1
-1.7411658649507715,-0.6335644290745256,0
-0.1609645704410494,-1.4888783464581161,1
3.481778523707942,1.5675192476073474,1
-0.575757400711964,-0.6315797808207638,0
3.711075217544378,2.9705138555949153,1
2.847081154618835,0.42539323887527175,1
-2.700933685321144,-2.5171074408356855,0
0.576288568361818,0.13886018821320054,0
-1.576334028118344,-0.36396582053952,0
1.0145428412336246,-0.2756043735925852,1
1.3691330468793792,-0.10033912749635503,1
0.9235207334383233,0.5121527656861838,0
1.4488637831617137,0.9462515758076154,1
3.8678762378348885,2.687886470200675,1
1.5278638393689483,-0.1613912123103663,0
0.8073016334698788,-0.12063862932511547,1
-2.786252844182554,-1.9530735116983147,0
0.25580801691485516,-0.6904526012926447,0
0.624053531250809,1.3631975502713038,0
2.6393567234411446,0.983353590366301,1
3.2794636288464307,1.5734723883788853,1
-0.43558798524721076,-0.3227837619796956,0
1.9422806087920121,1.895079411329912,1
-0.38034031514755323,0.9577602761057731,0
1.4272511563552284,0.5061486113801864,1
2.8898206919327967,2.9278294702727528,1
0.9618452603702159,-0.4168124527234614,1
0.6561128687204368,-1.180466517966968,1
-0.32178757347390297,-0.8991817930736641,0
0.31742896921814223,0.8114862465609137,0
0.7647635779728543,0.5747434471848539,1
1.3334208701965642,-0.19677244165559907,1
1.8625872166689672,1.9785401017295743,0
0.3174425138151213,0.33519296760159845,0
0.7112650265480178,0.38181739274220733,0
1.28747834002072,2.2671339699458444,0
0.9159107284277932,0.8601279019489996,0
-0.013265367242545824,0.9531723664585576,0
0.21539078652380803,-0.24075946513903765,0
0.838034444955621,-0.6362427289415169,1
0.20571888459111237,0.8571607279331329,0
1.8963343352224915,1.186802104842723,1
2.3889345704443485,0.7353593569358808,1
1.9544519672363538,-0.355389639151431,1
-1.1101179241737444,-0.13251325759535998,0
0.36774940726663596,1.7250141789389475,0
-0.5546236860308498,-1.406918154353676,1
0.7168239330421518,0.6971679390871628,0
-0.41480865886003765,-0.4721402073949798,0
-0.611074208155619,-0.4234782735665323,0
0.8718971617193134,1.2143428246277055,0
-0.6959513444953161,0.40618787339588514,0
-0.09147681700087507,-0.6807136561993515,1
0.9711191375605268,-0.03736970082530924,1
-0.4337805701600308,-0.6217936471356987,1
-0.2788266299096916,-1.3597614083212795,0
-1.21646040796664,-1.3420466711424546,0
1.5360624902643762,-0.0661919819222591,1
0.15542973879334876,0.003464635405838733,1
1.7229073714253311,0.5960310946935483,1
1.3696561877430744,1.292813969307172,0
0.16777311530246722,0.4926250683698876,0
0.18812196555342076,-1.1946652880158,1
0.4676093257666306,-0.8164277866200232,1
0.8459143802076795,1.9204637308699246,0
1.8639911443814223,-0.7691658969186842,1
2.7094983870398055,1.501656248569282,1
1.100048155426924,0.3326736267910845,0
1.5374877029115621,0.8131557884079218,0
1.866364554897158,0.267109209501009,1
-2.4997470070310253,-2.107580127440019,0
-0.8722180602332542,-0.6351090010848803,0
-0.7254224242933462,0.2455002736812764,0
1.1622127087455727,1.3304981886506841,0
-0.40930278260300446,-0.11950619229053397,1
1.7482951444886474,0.11801879584980704,1
1.3916611072455813,0.9596121958726074,1
1.6930622521597678,0.41247825466057264,1
0.8875405845873467,0.4522335846023797,0
1.9228015391577142,1.1756358895160772,1
-2.1553492127928116,-1.3147927628474356,0
0.21485351061159189,1.2305264310492137,0
0.2949207862687987,-1.5170612853863596,1
0.65659227700728,-0.5018880365787992,1
1.6478547975829843,-0.8223477595385471,1
-0.828422421461873,-0.7023709343003728,0
-1.1107628415035933,-0.1017150336260893,0
1.3996235079878698,2.216697866116978,0
-0.05574307150910245,0.4303167903822622,0
0.5621678438302561,0.283602689007646,0
-0.07259073992212937,1.097782879348927,0
2.294866095655187,0.25043631065136923,1
-0.05258034599510503,-0.40383793580543903,0
0.7781853438654535,-0.19107832428940688,1
0.9692925915846078,-0.10054287057464593,1
0.48958171287294583,0.0633353301281028,0
2.1613199026936663,0.43522095988127907,1
0.8914809700485067,0.7025579894907592,0
0.6683620016602483,0.6453561603404697,1
1.7479018309393592,-0.08509111787123208,1
0.1434942765106637,-1.1252707777161746,1
1.1353087150221182,0.031249576083481216,1
2.5357636531219176,1.0145970354859202,1
-1.706587552810186,-1.5011776887773687,0
-0.46384159870698816,-0.8204859157103733,0
0.49901845616116325,1.1767210708937341,0
0.8891356737806664,0.920109169846637,0
-0.877907763945631,-1.0577494918899892,0
-1.5328551897296863,-2.242707331603896,0
-1.2745129374207556,-0.9205063473297237,0
-1.0080417141071276,0.16103853374825186,0
2.305455926179797,2.072346299148508,1
0.14031933572902255,0.32916009980284894,0
0.3603204512245948,-0.5246155959453581,1
1.1624854211244835,-0.04658073265890552,1
0.06431230341126623,0.42587925296578744,0
-0.6771268735697896,-0.6023283438146372,0
-0.6075114006273432,-2.1278251161386126,1
-0.45459739908542857,-0.16778347606234995,0
0.7662501948639213,0.9258711011521603,0
2.167466982399631,1.2653334587268423,1
1.7878973156073537,-1.2926988004978204,1
0.33831465563285856,-0.574078465724911,1
-0.22384262318103368,-0.6747545495607333,0
3.340972001776949,2.2880983766215315,1
-1.433495124662126,-2.0048610903077235,1
1.3528436404140582,0.3622623223367774,0
0.3294444793536635,0.8958765481277332,0
-0.5429570942611494,-0.5069316485621467,0
0.6457995891539913,-1.4041154452535574,1
0.5625675424850822,0.6576477227852969,0
0.5167777789776723,-0.8105542061106088,0
-0.5963746993345675,-0.07229641497473087,0
-1.1052376274508615,-1.1116446970256573,0
0.4554457560555446,-0.8427218187764297,1
-0.903845507229555,0.7067332278168253,0
0.3287113073375803,0.47592962161621416,0
1.6181450881919957,0.8743238177649287,1
-0.003752477790889275,-1.3484899485958828,1
0.998214317973541,0.08310969953573705,1
1.7487773137051044,1.2435151610956259,0
1.241572061647787,0.36725614980803817,1
1.3383086298547517,1.6121577552253747,0
1.5956223456796994,0.897267866728683,0
1.2055559475592794,-1.6696019551135133,1
1.6922697524888837,0.28660870159105306,1
1.00430810022541,0.40429360934055836,0
1.1641224689001524,-0.9710115712594996,1
-1.3216436032252268,-0.8486064153032852,0
-0.25818023985621763,-1.5388095390395569,1
0.6200729066560552,-1.3012892342199325,1
1.5300588049685502,0.6555597814330425,1
1.1646508901816333,-0.10593061829430721,1
0.29064458607687194,-0.31428997059888786,1
2.9753915008023357,1.3194027927856233,1
-1.2407705006594896,-1.441532537242695,0
-1.4184528530199003,-0.5707475842735011,0
0.2396950331897793,0.9298635571560661,0
-0.7438854038983123,-2.1090082625832345,1
1.0837948786070049,0.626876241181132,0
3.4289791301688357,1.4810895027278264,1
0.595198494136525,-0.25556085755585645,1
1.042065264946181,1.4447626044711694,0
-0.31063287798063977,0.5004149441373528,0
1.4579190143612744,1.4348493707858911,0
1.2994113945069767,0.6392826398727907,1
0.015290522193261324,-0.3090082340537766,1
0.1735559138979833,0.524747077329301,0
0.8634843453635248,-0.2652909054265915,1
1.4891889979017359,0.8381277549063391,1
-1.0751847231022884,-0.1131219003694177,0
-0.5297746305620937,-1.8979096405097815,0
0.8890856397829583,-0.25213829177684366,1
0.11807845081717834,-0.1515943795969197,0
0.9329165267836721,-0.36492642294283234,1
1.7734191611679637,0.38510591650670706,1
0.0037791596702373208,0.3685826418296835,0
2.525690653116663,1.6684975642048012,1
-0.012388863916213166,-0.4072443720801111,0
0.017989715968302695,0.4986239327670388,0
2.4289136799514086,1.2631989836857735,1
2.558323738235095,0.5992567288351764,1
2.392468937852965,0.5019837887388258,1
0.5254895472375286,0.7917383910439082,0
1.8053053632345673,0.16370686567163042,1
-0.4234065742947402,-0.9384789510448508,0
0.5575406155170964,-0.3864968270829088,1
0.613002466853417,-0.9131906213635717,1
0.017851813487532852,0.013638185107447806,0
1.2828413515652424,1.766422464675176,0
-1.3682753591031491,-1.1346603166655005,0
-1.5129083959558296,-3.545950766384999,1
2.4645610214272353,0.4709519339299941,1
-0.9588945778677604,-1.2912738547315419,0
0.8962013061547759,-0.47570095986853433,1
-0.7608466748034776,-0.5327882130792072,0
-2.066551757414748,-1.7166379553482982,0
0.03969756787958523,-1.708871912364818,1
0.41953135988202717,1.58624277109999,0
0.522411641042818,1.2333021294485167,0
-1.788951325648213,-2.428526578439869,0
-0.5589930253716274,-0.6470800311405889,0
-1.5191651585067978,-0.7015341092541655,0
0.47325211787858296,0.5221178782901432,0
1.349260479670025,0.4927799184924341,1
1.546933316414562,0.08623769562420125,1
0.4203718980551976,-0.48504772420067743,1
1.3842425381274044,0.6757345113542169,0
1.9156023672586646,-0.014053028504979295,1
1.1357811138119391,-0.38330842274692334,1
1.684403153717177,0.30743439478842693,1
2.0966246776665907,0.6263767824492071,1
1.0752477310738053,-1.2325045838869204,1
-1.111055340274844,-1.428709426877,0
-0.2278931638578936,-0.1399931928332463,0
0.9934808628699444,-0.09389513271413856,1
-1.1032154972327495,-1.2445836770690584,0
2.9219558560197747,1.057324839588903,1
-0.6415361787514717,0.5661482770569989,0
1.780576997159491,-0.8693794422627585,1
-0.17806129418613237,-1.3497911329483288,1
-2.2017848972323213,-2.7742325656438314,0
-0.9542532890085079,-1.1648169816698006,0
0.17389708503001577,-0.018545773022021483,0
0.47481749293083836,0.7603930900043275,0
0.49199264422700206,-0.035393752984625236,1
0.15219660414203395,-0.6162430975768597,1
1.158746877920728,-0.3602610990612974,1
0.36337739649341555,0.10087927946120823,0
-0.05328280434400323,-1.330609463514558,1
0.5886152588316497,-0.1852392632682427,0
-2.6974428860176944,-2.3769777322997494,0
1.3936746185533129,1.5516351020443548,0
-0.1888296002523644,-1.1137670557885306,1
-0.561713679814161,-1.1117791043740959,0
2.2256492488416386,0.49055296505814866,1
1.2670005039623053,-0.011589259875879164,1
2.2417411151423887,0.9034620624690173,1
-0.3617656454327164,-0.9107861586313475,0
1.9170620651009114,0.3876593666618526,1
-1.543940768886549,-1.312184257907692,0
2.0070544143101325,1.4478690519092678,1
1.1219436591949952,1.354260899037897,0
-1.3885198133408136,-1.3116098414530986,0
1.8719257850538522,0.6279427297862702,1
0.3936741232222387,0.5839040324599688,0
1.408449831351191,1.9055420096941833,0
-0.08357997299303054,-0.3631065262514509,0
2.5066119989058935,0.5508182764744736,1
1.0882906072158511,0.1466481778354357,0
1.1372018594823492,-1.0552002154632927,1
-0.30734743063985537,0.03514986561714704,0
1.8325792036403588,1.3881244152422059,1
1.5154910266306003,0.7176748676984237,1
-1.0988168578577289,-2.1609948129877643,0
0.44429094662771174,-0.6560296259611874,1
1.4808596236405067,1.6029846145090618,0
1.6637959164738763,-0.29695346726556926,1
3.034729447406317,2.0540089589245127,1
-1.091397252331826,-0.5909573662632445,0
-0.039907129827537746,-1.5170392800326225,1
0.4813667808358198,0.37471318936980097,0
0.700167726017842,-0.7539186214928395,1
-1.4128494501972528,-0.7316246322154665,0
-0.8740140044400443,0.12353491758503068,0
0.03578378485654146,0.3006413268071994,0
-0.7440515200706921,-0.8032083248835448,0
1.1927614594011837,0.5988584418684298,1
2.293022287934469,1.5696131499898909,0
1.485519429402164,1.007916909203004,1
1.8809216730311997,1.846797918957148,0
4.260814218470687,2.8855117629578615,1
1.268231310902606,0.22952867887711897,0
0.7005542783485881,-0.17001606718150034,1
0.5947609146344158,0.6345646096961401,0
1.2483212074195722,-0.7220266138534361,1
0.43207778450523904,-0.25862144043860347,1
0.08124614145285076,1.0139897537036096,0
0.22384682643387255,-2.03475244798868,1
0.13946064201094344,-0.5683393529044655,1
1.8580391029220729,0.016993550279036023,1
-0.651424602278516,-2.005255741143853,1
0.4736606180844939,0.7146988036665957,0
1.9342112929333446,0.37216927313008213,1
-0.8384019299349599,-0.9569829525335891,0
-0.2740588435261522,0.530349453584839,0
1.3080385610683156,1.7831454586492914,0
1.742283974977906,0.12433175641540137,1
2.53584943857977,1.3653226084342729,1
2.8713796505130396,1.7641646343186979,1
0.955440265204625,-0.4685075624435733,1
1.1680261063722668,-0.42994070074205504,1
1.7054692767968138,0.6382942423571119,1
0.8387647691602333,-0.03512317636728657,0
0.9768453825830746,-0.6315234106036516,1
1.7393611177691959,1.8032932496663379,0
0.1796279753945825,0.0014637079066370097,0
-0.48844071941014533,-2.1409833601865755,0
0.46697937077646257,-1.4183808830209266,1
2.071680201351069,0.14988185731998088,1
1.587522405004018,0.44602571867169877,0
0.8612498806790594,0.11257839156146415,1
1.024487082254133,1.1732410122919301,1
-0.8742346843384906,-1.2980590540490335,0
1.31095448660756,-0.5535481160463455,1
1.6488950117519712,1.1161538361061585,1
1.9246188829319388,0.3575350632813384,1
1.7003650231983074,0.9549093220572683,1
1.716527424494433,0.37279880431119156,1
1.1979193530104797,-0.017081792571994825,1
2.6279004121703076,1.1598203797414106,1
0.34206833412680765,0.6843113617693704,0
2.0229397610133093,0.8628734650269372,1
0.5778123431700236,0.8516255261725935,0
2.774385388044405,1.0173114220359918,1
2.8998018847901115,3.3621384243161008,0
-0.6616652023870335,-1.6967810645387849,1
0.8996914442936919,0.3083328782283504,1
0.7821133585997125,1.6924174698159837,0
-0.5153721854749419,-0.673799899157906,0
2.021104280852599,0.8358628054028968,1
1.496064620351358,1.3699437739273725,1
-0.8230850704035346,-0.6765329328653297,0
-0.10811561697115213,-1.5124621620688687,1
0.8176786671470488,-0.8399225695883187,1
0.6608575422704832,-1.0586853154139955,1
0.45132469543421805,-0.8211220834037507,1
2.730923352849749,0.9781097299159401,1
2.4003236072728,0.8942475282719446,1
0.15579653280552197,-0.7772717614777385,1
1.595824270284209,-0.1881590448679577,0
4.182197206350881,3.1356780688426507,1
-2.110187790932758,-1.4098655293969355,0
1.6621159928355427,-0.09799285737760426,1
1.0779515524765086,0.9113503007014655,0
-0.33630190668271287,-0.7983223746673506,1
1.5713591338401272,1.588541679378772,0
0.6019375718397572,0.01589259329969773,1
0.07583973928184862,-0.9305733845276756,1
2.1994968803274126,1.641844243855894,0
0.2807453930438308,-0.09226981568142804,0
0.44915021335684363,-0.7255677977367938,0
2.372317499058446,0.12090887600802161,1
1.3309120300656034,0.20545066474199353,1
0.40258965484723674,0.6843339348448445,0
-0.013907273515734802,-0.16173646885195883,0
-0.2939387354294094,0.5715836279692089,0
1.7942179216790626,-0.1880671928758145,1
2.6519523762221615,0.7829110315157279,1
-0.4660757004593934,-1.4508851280165365,1
0.6482178482946113,0.366016416920731,0
-1.3532928906853208,0.1893975487948288,0
0.5591263874066238,-0.8166674942036511,1
1.87276077539281,1.810309279239179,0
0.8872702756725867,0.2639715454949445,0
1.235856601266812,-0.2661121206330317,1
1.9390865702007631,-0.19041437998389754,1
0.9107398829817713,1.0781624887387806,0
1.4252952220064437,1.716376127748102,1
0.8675698431043513,1.8268520186793313,0
-1.2769398469570896,-0.4007577558853282,0
0.9584808844647665,1.3651006294570214,0
0.46270104448428895,-0.8262433039102717,1
-1.2967973686127314,-0.2305082231865648,0
-0.1347719929399034,1.1160184891375597,0
2.2584106624745486,0.7567530390764395,1
0.44520693139292944,0.744627971479288,0
-0.6924980787785033,0.48959245534325985,0
1.463336726459484,0.6092631645959659,1
1.7857436655898307,0.5206914558815526,1
0.9018863523160018,0.31524699793872846,1
1.973741319038453,0.7792992873805764,1
-2.207564751031273,-1.4098653440536741,0
3.6207551234845585,1.4044718706069883,1
-0.2296156885753038,-1.4498100595341816,1
1.737069539205268,1.9904544375042348,0
1.7319942211793582,2.175140421893382,0
2.3043737867935046,0.8639861645066091,1
1.3640047782094484,-0.5521140819808154,1
1.6350243130154722,0.20562948249437552,1
-1.2711715362222633,-0.8214147156171707,0
1.379408995167219,-0.13460313987522998,1
-1.4645551759779285,-1.4461708389126824,0
-0.9210731688258367,-0.8778159238041612,0
0.4495488644984542,-0.2782235575013563,0
0.7897104760191005,0.8333076506530559,1
0.7287773668570394,0.09219152576576574,0
2.5819435122584213,1.4689799219932234,1
1.1473374530105056,0.821444014898963,1
1.2093823394235013,1.0742646050002174,0
-0.16604923832074725,-1.419846022264318,1
1.5847568207129035,-0.854421515620992,1
0.23306230472534473,0.7468387575074278,0
2.8384775344311044,1.7119155642137047,1
1.5118804888197768,0.4033790297436074,1
0.82880962416704,-0.5868329101946641,1
0.2430966322481949,-1.4296531572679905,1
1.5063663462909447,0.3374366684440099,1
0.34947100896169925,-1.2571998092339924,1
-0.20791660844079923,-0.32536611532749443,0
2.334895146810524,2.1316683462073107,1
0.9130788170850235,-0.8125017614164974,1
0.30601268506819496,0.45213553636464465,0
1.0792881532753855,-0.9028126844852659,1
1.2020365479407533,-0.3310863238476898,1
0.4683563632405707,0.3640317262970121,0
1.3068587800060627,-0.501452824194896,1
1.3092373645269046,0.10161866220130372,0
1.4310271138292576,-0.2874232679659881,1
-0.9211743585845764,-0.09556730146769202,0
-0.5878153031614007,-0.5212080296095631,0
2.9848800667577033,2.0697175450254486,0
2.596518622651657,1.2045686186605025,1
2.496869702102121,0.4413515934440058,1
0.3312294513464642,1.3472478870087774,0
0.3878259396324343,0.5797771444115412,0
0.3617651743071982,0.13323092164860778,0
0.3172336078096102,0.5576289198719454,0
0.6579047082617768,-0.9027752295669715,1
2.2670289590118706,0.1667106972727491,1
0.1618703116212079,-0.5659382087894178,1
1.072508420954828,1.0912479404142046,0
-0.32953779932083105,-0.5691101653305696,0
1.492825518721899,0.5635029679361877,1
1.4779386296892034,1.6755885345415706,0
2.238029850989564,0.22801996407490296,1
0.25849232611218,0.15546014038490238,0
0.6417044507936472,1.465911925693826,0
-0.2279042483855524,-0.2692843672211037,0
2.2375795603287374,1.9443720065745274,1
-0.7404389643029144,0.16163942986674076,0
-0.8909044044042067,-1.4214062667076055,0
0.13890709000626655,-0.019688253624979512,1
0.17607288877774185,-1.5924912090030312,1
-3.3943882658449067,-3.3916695317549572,0
1.9967975106084581,0.10728693092318486,1
-0.5308250222316017,-1.021339380908025,0
-0.07130488281882913,-1.8215325396738957,0
0.9143804883326704,0.616865013876232,0
0.4005885794179915,-0.0417073357377784,0
-0.8529098142577165,-2.7127902980644487,1
-0.49143145988836323,-0.31244401686905643,0
2.8589146271539283,0.8955217294145013,1
-1.1196087489536757,-0.946425754430964,0
-0.009148378183750068,0.665161476719847,0
-2.0692142003176337,-1.4077966125396,0
1.9747058988123758,1.6323643901620772,0
0.8789014138447828,-0.3029633339434693,0
0.6972441153156276,-1.1424987910215074,1
0.5384492825539687,-0.28455500708102216,1
-0.2608565564842043,0.38248449630426246,0
1.1925468526544118,-0.030221242928962253,1
2.5810211569875974,2.1476781792459008,0
0.45981201232828894,-0.4913293253109938,1
2.395153937912999,1.7835954759515262,0
-1.0849409728185706,-1.1097680812851205,0
-0.5655197270230516,-1.6600182524472789,1
-1.4559560417508401,-1.710772381034587,0
0.6413678976683359,-0.32210521599592284,0
1.9660444753182589,0.30619274526909684,1
1.4676293878437578,0.549062609305539,1
3.8276717797094397,2.390648320317177,1
2.5384119657985753,1.121308997929375,1
-0.23981723390424348,0.3974150220843117,0
0.21652292242321713,-0.9750477041809337,1
1.0306698568383408,-0.11879978912262472,1
-0.15830707935831811,-1.1939463416163785,1
1.0873559543774256,-0.5322196555567897,1
-0.17931704423775732,-0.1381339727372438,0
-0.2201398933616796,-1.5931111701233314,1
1.7610433198108608,0.5265538016781346,1
-0.5848627654703755,-0.8106753938904293,0
2.399205640584406,0.8379802123371969,1
-0.02191832568886576,-1.2150982272650397,1
-0.3788550557804084,0.2958254416076076,0
-0.7249897017307614,-0.00932042579866786,0
0.8621298096196687,0.8570940489275561,0
-0.516922263246927,-0.39007897704451006,0
0.41684381056089204,-1.102835996473147,1
0.6821824551381054,-1.0070851324545826,1
-0.2811305461576618,-0.31963833268923303,0
3.8192205978318556,2.4496733998873195,1
1.7954201342944118,-0.3182526930658122,1
-1.1569306977700289,-1.0098785802549959,0
0.42736332440281544,0.10431594062585806,0
0.8231127528180158,-1.3499891537351039,1
-0.9432031959243197,-1.0660450858621453,0
0.3495435998971119,0.5859289640486377,0
0.9573807603336891,1.2494225694929832,0
-0.20362555569273488,-0.13226474340213293,1
0.5124072014656408,-0.26165203958930483,1
-0.35398119702376124,0.24801277494038151,0
0.4496210353709663,-0.5661715647605832,1
-0.08082515781189166,0.47251311841271076,0
3.212572108735748,1.9415803543749652,1
2.16257680092618,1.0935930039042456,1
-0.17418868420108358,-1.077912885742251,1
-0.528309852100509,-1.6546500590199495,1
-1.2034613373415228,-0.5901184404924985,0
0.07683201464262868,-1.0201090306329645,1
1.7974117829291656,-0.02250713537847784,1
2.5420804619675215,0.5724546056123131,1
0.570002178125561,-0.1271283402926204,0
-0.5004764287733174,-1.26490825522586,0
0.6125744099751232,0.4992908354358157,0
-0.001109766730507702,0.035178828640331034,0
0.8562619641717462,0.8078624471714603,0
1.485994764918897,1.8151596221201904,1
1.7603750544836363,0.6934612208810929,1
3.223968971172777,2.5736322230536635,1
0.8870766052237384,0.40555721233275144,1
-1.2426116196495849,-1.5710253034903292,0
-0.8898054875689936,0.2633536519660118,0
3.233774574700285,2.1896979686479288,1
-0.46153327334920097,-0.7229664089570351,0
0.6627867800973741,0.2654311152985401,0
0.9758741563550559,0.8731343050089402,0
1.0761986796356606,2.0163126300912113,0
1.6335427762358865,0.17300806946111405,1
2.1848127869801184,0.24146152762715112,1
1.0595653767367479,-0.5665951174310168,1
0.086060505665156,-0.44674605038467374,1
0.41247618392393204,-0.06380311178745292,0
2.1169647292160656,0.7389404690732261,1
0.4211703478044268,-0.3037439444895843,0
-0.44339766985430945,-0.5116822607373392,0
2.2810418064315425,1.7759063272004423,1
2.2036520884833553,0.8631922774295034,1
-0.161946473138157,1.1165443765111784,0
1.7182792251925407,-0.4896607025378852,1
-0.064647113149068,-1.360727539431085,0
-1.1035485327421,0.0722829995377449,0
2.4217999911368406,0.7865276158663108,1
0.5354569230749344,-0.7205655428568857,1
2.106701139727202,0.7306948100770997,1
-0.5602116729476941,-0.7698367543928342,0
-1.2301317162804395,-0.6450116694228651,0
0.7915337048549912,-0.1449494687061628,1
-0.2864713846505755,-0.7725374737513492,0
1.3544534266141526,1.007452860318583,0
1.7807734575475396,1.0436509661185325,1
0.08457186380014425,-1.158320958283943,1
-1.1061465689482841,-1.2766572551182032,0
-0.1798876140106053,0.3009464964575215,0
0.819874369283529,-0.5029735600456555,1
-0.9365717922337506,-0.25875700310252786,0
1.0888270311362394,1.1294554415825064,0
-0.7242018816759828,-0.6206447525067434,0
0.5238597950986795,0.7175504720981722,0
1.3550678636435587,-0.001508583069783023,1
-0.38172815709488583,-0.21091029307602435,0
0.75232026524494,0.9965257672825102,0
2.131691591784123,1.768392699058866,0
-2.5025711333033227,-1.4584827241855596,0
0.7941996213209914,-0.3644068381707651,1
0.13468241157077704,0.3467095874440984,0
1.3874089932897145,0.5391600963363574,1
0.9770038277897076,1.7055202865607735,0
-2.5235598533187,-2.6847169417994032,0
0.7117347474327161,1.024991593440808,0
2.1542264484840947,0.4243079722019536,1
-0.36334648332606456,-0.4359175973535894,0
1.6929148786834651,-0.17129417827983315,1
-0.2445506841932174,-0.6172676465686071,0
1.0896871394013843,0.8738591780241332,0
0.30716345599984995,-0.7263523686456991,0
0.6119112191320287,0.8873772249073246,0
0.35635911686761734,-0.25418050392801406,1
-0.26273153465094645,-1.1400056633846394,1
1.1729774262548212,0.20568488443100805,1
0.6900496479158125,1.777827032574617,0
1.5612673247384354,1.7501840930741939,0
1.7964474735090954,0.6022413067962569,1
-1.312924676238633,-1.3454365836112763,0
0.9674156125986023,-0.25069646769175025,1
1.699975583490526,0.02506779094238829,1
1.0606996842858691,-0.5940981510174558,1
1.3010451128296276,0.2823316367052613,0
-0.579600994138613,1.1932351956797171,0
0.3507481413081389,0.10045503995773836,0
-0.7421207749897514,-0.41561731142741704,0
2.5323351320840626,2.0800542012621546,1
1.8627353010454057,1.4655785395328338,1
1.9021073298704385,0.36725257457267535,1
0.8366208303474687,-0.3319305034613072,0
0.028992977675857012,-0.2003563949585925,0
1.1098464431694757,1.182190842748772,0
-1.5269466047772127,-2.6630551546594257,1
0.21050143350144634,-0.021162702726390127,0
2.2074780921311596,1.0509469610750137,1
2.9637226738660587,1.295031758958126,1
1.3750216165752431,0.16894666073259829,0
0.46331169951608064,-0.028080702249357194,1
0.3619980205558244,-0.8191329357815562,1
-0.18502091846373905,-0.07561823375036048,0
1.8576989326771551,-0.016166558129650954,1
-0.06507193770844477,-0.783496180572297,1
-0.970979018225059,-0.7142527289581991,0
1.8275228566975943,1.035777620828593,1
1.109345956747959,0.6235664868665598,0
0.16081344403307427,0.574855889703715,0
2.1925732008702,1.5787008964444218,1
2.5413181265654803,1.3324872647458583,0
-0.10198880252064257,0.07887531837056341,1
1.828780111195953,0.9149472337960137,1
2.01591169377192,0.3519779409124208,1
0.4975617093375544,0.5148571864570836,0
-0.3848498164971681,-2.1418508104365896,1
-0.34676035288063034,-0.6840283374855711,0
0.6789920602457101,0.43112124100247223,0
-0.22619466775963382,-2.531017079055844,1
-0.17188790371033225,-0.7893557767714823,1
-0.8594112035402686,-1.0140313001529218,1
1.1600666504798707,0.4453778983722276,1
-0.7900403736656291,0.3577423656902667,0
1.8378128026079543,1.8081925618161643,1
-0.41139517780291135,0.375704591211648,0
-1.102539363153835,-2.7229899371586743,1
-0.2558884666751936,-0.2267191213878479,0
-1.1062732814399932,-0.884005700590367,0
-0.45833272546913695,-1.857369262628151,0
0.5333677454676842,0.3242877477547066,0
-0.1467507827099074,0.383326163598289,0
0.6554510495358445,1.175063893729326,0
1.4764958245257547,0.6500280523598125,1
-0.24360661724055732,-1.307851440966404,1
1.171949854164027,1.0740265715218886,1
-0.5936169135940854,-0.08013717720535375,0
-0.7898460665795436,-0.7985872564034444,0
-0.38353013480881726,-0.4722701259791308,0
-0.6905986005109136,-0.4450402801974418,0
1.1813987782714102,-0.4041842068781147,1
0.7698638566484475,-1.3825196747513784,1
0.9695732763650361,0.12852365812950403,0
0.8054777631879677,-1.528307078926484,1
2.528529936305348,0.8739310345572827,1
1.0588070256763187,0.2566391010468612,1
-0.5188814801739792,-0.3375755870765299,0
1.102164413258277,0.4467569567796196,0
1.0207790488293809,-1.0994413038166377,1
0.6670755827375691,-0.5647293318963817,0
-0.3179194572288674,-0.5312175954844266,0
0.06114684172746987,-1.304683852170784,1
-0.18337870206179255,0.2764981435624173,0
-1.4916443371543182,-1.3875241488032581,0
0.03448238734645764,0.7207272180703584,0
2.0228641571426014,0.6749192525047168,1
-0.35890784420105054,0.1076010626058628,0
1.5842642533435976,-0.19566245679093544,1
-1.299938225490514,-1.1858524319075048,0
-1.1207983410112792,-1.889872097359099,0
2.6579780631929157,1.1296501221872306,1
1.285880275935132,0.7041225627801767,0
0.8347077442622313,0.1759160599675308,1
2.390546837304171,0.8235112163660845,1
-1.253453096351611,-1.3853648425126324,0
-0.5647538359719001,-1.8026827273559156,0
2.6791455923756775,2.419936061315593,1
-0.5140381970159804,-0.6442312112537211,0
1.6082147182240318,0.44833666695767527,1
1.2162328251852383,2.002908895847378,0
1.2513289302511201,0.7318569993716435,1
1.4221852531888897,0.5402715605512237,0
0.7633056139422519,0.35979022055522436,0
-0.12651126056574769,-0.7481608658259921,1
-0.08830084058400733,-0.706695610115044,1
1.5785170493863452,0.48691337083766467,1
1.9639698570319823,0.18652486834329557,1
1.6063560009763003,1.7315783468813426,0
1.818847566448005,1.2125857420448185,1
0.5329804909115541,-0.5210197343604164,0
2.8744880185723867,0.2696755420988162,1
0.3037635038362934,1.6586529096898441,0
0.5622205994085241,-0.9596747643475515,1
-0.41285774803546116,-2.2587100074323936,1
1.9722636787836543,0.6492913847148618,0
-0.862371563817685,1.0338313718889782,0
-0.21581532238976403,-1.18349420242073,0
1.4482550831862695,0.8661588432771873,0
-0.6577051320109892,0.1999821628067949,0
0.19844876664924538,-0.42592601482833226,1
-0.6398610228151229,0.533594739109205,0
0.539530538045518,-0.5646557663067284,1
0.4238065747256502,0.7243962421321143,1
1.4123867156443806,0.7739954918333892,0
0.8060208796149522,-0.8212153262625258,1
1.0968605275517154,0.004503076847665974,1
1.7454274491967858,1.0065035318721696,1
-0.903022392632236,-1.5494833510794597,0
1.0933988410157398,0.2173381885862962,1
0.8571578507488302,0.012907955185066867,1
-0.9359109403759576,-1.6298253932533677,1
-0.3430604220142073,-0.38668267045120785,1
0.6581915554680791,0.08171543028727482,0
-0.344759026924114,-0.2755771761407873,0
0.50107558975733,-0.14020886475073166,1
2.5595597046575245,1.2442990605039224,1
0.16448535963540248,0.33791881316486516,0
0.40033049507053786,0.7033850477052571,0
-0.10353616378007675,0.759297371323201,0
1.1280850932675293,0.3580943082608626,1
0.5132816355469837,0.6306483605699593,0
-0.8823160733888954,-0.7157941335838455,0
0.2367789544199759,-0.9948882335594519,0
2.9075284771250063,1.9278460185851187,1
0.9313577745446855,0.5601758319039276,0
0.9784793223022696,1.158448142181379,0
1.2724841221933672,-1.3156657369404432,1
-1.751672385706751,-1.4605733164265506,0
-0.1533163488282896,0.5652220241814403,0
0.4983160535807881,0.30653295088057303,0
0.5588666252456544,0.378011416291824,0
2.273708047554458,0.9757839202257164,0
-1.5765511600039646,-1.505702450994152,0
-2.2602562623321005,-1.7819102707944985,0
2.9450415567614963,0.5667866393943859,1
0.33498892901771204,-0.4820494233857989,1
-1.0294900604936086,-0.30845678115994996,1
-1.6927165637003485,-1.6181999534877354,0
-0.21389385179357953,1.445032069265177,0
1.7706544461953095,0.48114249677133447,1
0.7502289556336164,0.7999267536838387,0
-0.11550377991224833,0.80964171080772,0
3.7970431506191513,3.2992839951046,1
-0.2423165949040266,-0.5876432931167944,0
1.3773883155522082,0.22862826324323435,1
0.601448532389987,-0.6041159654485676,1
-0.12703916578567198,-0.289020630873192,0
-0.6254948171259057,-0.15166699136086667,0
3.273028017870457,1.280202092168009,1
0.36293769231304396,-0.6571322627167029,1
-1.3937035826183857,-2.7221431951589645,1
-0.5006391267430081,-0.5681494250986483,1
1.4383850231982938,-0.5405125084158595,1
2.6242489565905522,2.414874490863779,0
1.0258993081690186,0.07674345561171286,1
1.0734308318289303,2.3809067732014855,0
-1.294558578001524,-2.115812584135808,0
2.1077094250931436,0.4096917162610708,1
0.5597989663197046,-0.1420233227148851,1
0.5021892850311965,-1.740629263626391,1
0.28292891842151424,-0.5219281315258644,1
-0.14214206430064324,-0.5785380677745992,1
1.174178692173591,0.6491579066532477,1
-0.04566934043219249,-0.002398170804508207,0
-0.8479547675298885,-1.362089046076908,0
-0.1858961320298349,-0.6405792657781734,1
-1.9476842053569325,-2.0966476510758447,0
-1.3224381381984973,-1.1414553151745728,0
0.47687719248426336,-0.03022860997961051,0
0.36023107360310525,-2.170275581383799,1
-0.27487404098101087,-1.5694421704909145,1
0.3298615080606708,-0.7222393003378541,0
-0.2787361426483068,-1.413411335543236,1
2.620729510838877,0.22154267269557792,1
1.1188398180347505,-0.20943859267609374,1
1.6735089882739447,-0.5034438933074817,1
-0.5065048016615415,0.05321602236515938,0
-1.1928549612700912,-1.2238908410023166,0
-0.8472126824673402,-1.2510268652431573,0
0.3949457477410287,0.2946661633271926,0
0.44326818490666753,-0.2268025217884262,1
-1.2100883190889533,-1.603647500981679,0
-1.1569574839010932,-0.42047530913498066,0
1.3458224525953364,0.331077338322169,1
1.19995799424775,0.36756845778836017,0
-0.706424090263972,-0.786874404379042,0
0.36007616661850783,-1.0935682916546128,1
2.0387405680812396,1.159455166295386,0
1.3594969500597331,1.2354947250344335,0
0.6365649276381257,-0.7641348717982653,1
2.2214653075251327,0.5767777030757157,1
-0.49576829767017794,-0.9530489970862995,0
1.92906927888298,0.788141898116399,1
-0.061238108308689254,-1.7812404743975307,1
0.9585327003222741,0.49788279716453726,1
0.7374183172275734,1.0711820877522944,0
-0.07853791408085861,0.5032880479418147,0
0.6164458048003384,0.5525321590474769,0
3.482569447810195,1.6847128671836347,1
0.729895696686013,-0.7405728559882596,1
2.13316738119679,1.4434061221767258,1
-0.30765994090524357,0.5292239921224032,0
1.0964455477030237,-0.6421620642413691,1
-1.5638978811605593,-2.9862874384816864,1
-0.6797223644623842,-0.19349396974775104,0
0.458316501260313,0.26824276448597223,0
-0.07488294155673898,0.6433919795713345,0
0.6105555488930126,-0.5652198234539493,0
-0.6905630963877808,-0.6032185403171513,0
-0.4187572337574694,-0.4815655962883403,0
1.4493237310434894,0.6769739297524209,0
0.2691760694982362,0.4815320566482727,0
1.1153678961640845,-0.25923579501485877,1
0.6910798912134595,0.305723756596357,0
1.7296183502164335,0.9043417197963581,1
0.143253642144483,0.5262760370205765,0
0.5780080613245548,0.5576285178989725,0
2.3328291357614397,0.36646219478024844,1
-0.7687410823094557,-0.03466016094991998,0
2.33192333094171,0.032652679066955535,1
0.3602382467123949,-0.8975208562502707,1
0.4809696241889022,0.3467766107640702,1
0.0008260252056500103,0.519667340250918,0
-0.1808806636263589,0.03512857863670572,1
1.0352519637743642,-0.13875588448348505,1
1.1669337472054553,0.6257158504444937,1
-0.2876115412211293,-0.5944781996417312,0
1.8309937448872213,1.3017543362668655,0
1.0933714201312528,-0.7654518493362681,1
1.4206976937088518,-0.28423054293636624,1
1.0114719936125012,1.2422061146457717,0
0.3396904759638346,0.2245601066033988,0
0.044150863501530475,-1.608112297127591,0
-0.3583771933711848,-0.5690743155237906,0
1.1642999218097694,-0.03157812172661213,1
2.063162576752284,2.717848032316115,0
1.0733948127594386,0.5235722926312995,0
1.1263323578683855,0.16892166265672434,0
1.3195943478864174,0.9702079681144199,0
0.748799264972491,-0.5081296194851311,1
0.9058339614808344,0.1316315877591813,1
-0.1028490824103605,-1.7487606144835175,1
1.7689906239503093,-0.06394609691044634,1
1.1447420220914157,-0.5258158652142058,1
0.08600312778883956,-1.172606281503987,1
-0.4976276412538354,-1.8998255387502676,1
0.6028655787899936,-0.9113274322414494,1
1.9919409714365348,0.33796254015806415,1
0.7202759021543585,-1.0161474595782258,1
0.5049651818831237,-0.03473036586096902,0
-0.5056922753332733,-1.1908591661472003,0
1.7855999324872065,0.7367552602423887,1
2.4233444946610625,0.5016542332953282,1
0.9576787401643476,1.1997351512759267,0
-1.4774737376651914,-1.8543663944496043,0
-1.8335255570546969,-1.8941014606974846,0
0.7016450628762294,-0.33169235506991235,1
1.1068740010323588,0.7399307234298761,1
0.8881708671401294,-0.6210893493930091,1
-0.43484496472197826,0.4163185763495262,0
0.8387347319510551,-0.5152057214186873,1
0.6203363466557467,-0.8196921218441527,1
0.4568368278090076,-1.3042586042728512,1
2.291210217162914,0.9097165601048484,1
0.8944759830023343,-0.4682259868970209,0
-1.7304304978507945,-2.0668975615776306,0
-0.7503145376919979,-1.2289620509585935,0
0.08425574488555387,-1.3611967600604227,1
0.44672294333807067,-0.55349898489967,0
2.410957868416463,1.2789679680478498,1
-1.071752786795147,-0.9776055208545514,0
-0.39181127900279616,-0.998566990398086,0
1.2890962651022873,-0.11030094690468803,1
0.1810256424054665,0.49694148539741234,0
-0.7137164354065864,-1.009222029770729,1
0.9179905963707907,0.3288080467408239,1
0.3745931825898633,1.5392968044730442,0
2.1110282581150654,1.2564949258628184,1
-0.6586691953643072,-0.11138501329266363,0
1.0200520314094725,-0.10808781870511514,0
-0.25435021265723384,0.21525638763267926,0
1.58388978377887,1.0728780804602744,0
0.2682607356597177,-0.48783442993335885,0
2.0736212444470743,0.4045340265845258,1
-0.3141606016232187,-0.21679269093582804,0
0.5349757667981628,0.24594119925421662,1
-1.430011225703437,-0.8583886148259626,0
0.8140104787165575,0.10928426668628213,0
1.3033240129595998,0.7834248555108562,1
0.2240373362520071,0.38250634344996387,0
0.909965096204645,0.18077884943381145,0
0.28800920452657724,-0.21370081386156678,0
0.7534100757144606,0.3898196717001399,1
1.2668163115582631,0.4003715559630279,0
0.4578371848078387,1.3144791308143873,0
2.4628355881329718,0.8562136124344896,1
1.0231237084971783,-1.9258461235978968,1
0.6113349346637278,-0.8983340943061611,0
1.7899165534879105,0.6478051090219484,1
0.06699105622206596,0.14638418030270506,0
-0.5459978951300425,-1.5003429636026309,0
-0.308770779655803,-0.7138386868125345,0
3.1389231419010475,2.8468372010635323,1
-0.46135544123991995,-0.8759078092639333,0
1.2294983554698677,0.32863424467000335,1
-0.42501455516839176,-0.6212734363560841,0
1.0007085426883384,-1.1995453815381472,1
0.6830840974964608,-0.2610446210336927,1
0.9754499956797795,-0.09399945054918112,1
0.6352617883300301,-1.2226009085608769,1
1.7121369349350224,0.30970918160919847,1
-0.1855604695464763,0.15063185922930108,0
0.268100804571383,0.17190982913651842,0
0.8214506179457401,-0.055369882682527904,1
0.42822904566379005,0.9386880056610475,0
1.6684795640794425,0.5440696510508249,1
1.8036065194114357,-0.14072171381416487,1
0.35236094483166297,-0.11969724282646732,0
1.5514829404230537,-0.24107839598536981,1
0.10961295760407527,0.04534542474079685,0
-0.9190233330658961,-1.602765481732359,0
2.6379104171581087,1.305342431594619,1
2.384237861554606,0.7174310111934042,1
0.4440864469404951,0.18201353818560229,0
-1.7274803432411519,-2.328203709659125,0
2.5063609161900313,0.4360344022632417,1
0.9270515435385874,1.5011399254373392,0
2.4567245796029398,0.4767825825584188,1
1.2646868248969114,0.45734939005769765,0
-0.127230495588389,-1.4749022038026296,0
0.9464720677010416,0.36007118915750214,1
1.5056718491864116,-1.0556217568659816,1
1.4318973153370271,0.7088286260220189,1
0.38310122020517123,-0.03516037193647407,1
0.7166334779042971,1.0578440816303658,0
1.2508859390182447,-0.9080176502142013,1
1.762631685658579,0.6082550598625853,1
-0.435382159606442,-0.45408812322677955,1
1.595726752664287,1.4531908347783689,0
-0.3964784503872476,-0.7290927949360667,0
-0.24966543551354992,-1.3312839692519134,1
1.8678109656520223,0.7926635658449682,1
1.7053305934531509,0.6498353337496475,1
0.8087359092081567,-0.007545505237415675,0
-1.400032430847377,-1.1129308264781257,1
1.8085133800879758,-0.531587245973376,1
3.03676286277641,1.4433216061609828,1
3.015491753960247,2.5819973416786444,1
-0.8253627099910381,-1.1707657315246014,0
0.5459905494091216,0.9697532354202169,0
0.9079669236150654,1.0330478205799971,0
0.10787109035750661,0.03240161901619513,0
-0.2200231957097838,-0.6256712834645479,1
0.30733984449031937,-1.1307755206050027,1
1.5104553985342555,0.3627625186283962,1
-0.25327581341053856,-1.3679209978069369,0
-0.13042673013981307,0.010935510127701126,0
-0.875215211906998,-0.5699550204191476,0
0.08036787772095834,0.3159179601201986,0
1.8186866483952842,0.7346463771431567,1
-1.212465382480247,-1.6212452134088065,0
1.5445500518438287,-0.33401754707841785,1
1.557318123878234,-0.584058708110192,1
2.0483684330338825,-0.5937150649619418,1
1.4607743404736158,0.7117614482401469,1
2.6582437077580012,1.9186361113957242,1
2.167808391913903,0.5315183124141235,1
1.8438948948938032,0.6924683551462333,1
0.9702248086949041,0.7630484225263097,0
-0.8902555773511954,-1.985726762779994,0
0.8260427215192305,0.5533815057953799,1
1.4264617571945737,1.4557057039728198,0
1.3906261566872702,-0.05971516134961908,1
2.1758120350769357,-0.3775177486238495,1
0.6642826479694679,-0.2910518434691661,1
1.5399989619918282,0.6988545221775871,0
2.635099388423127,2.5757699259537916,0
2.789663100070908,2.005160129032947,1
0.6263385710685477,0.10328633110046664,1
1.4195693846853055,0.48119782118717536,1
1.2963366386951183,1.1861296405769066,0
0.2114894170581894,-0.2848839766898405,0
0.8609440783457545,-0.3659413768823665,0
1.925552484602747,1.2881277781666736,1
1.61340498775301,1.2284096176629344,0
1.175439778382377,2.1448685871196185,1
1.9031863285371626,0.7330239406359012,1
1.076874487201137,0.03737203992458977,1
1.6271223537035884,0.6382776481527528,0
0.3849280480593641,0.895946100768239,0
1.9350427015994733,0.985217491472439,1
1.4036613340821988,0.46617414129423745,1
0.016799791655593515,0.022981014723624217,0
1.694703844588299,0.8048722425495092,1
0.45475052593369947,-1.0635932582472651,1
0.5096190213877684,0.5630116679245978,0
0.8165365067560884,-0.44511097022158824,1
-0.026895788682874233,-1.3083581923427556,1
-0.5233254133885562,-0.8061941708848744,0
-0.5459837411190903,-0.32566067452159586,0
-0.061279274520859184,0.184732480567168,0
-0.9526355499036842,-1.5566012833628404,0
0.6484040007314535,-1.1713839692242727,1
-1.2039720644932248,-1.745610639634072,0
1.6368493725489173,0.15442701286226973,1
0.4733838200993241,0.729155394198444,0
-0.11226650199173238,-0.39112898804966406,0
0.348874022431266,0.6985332461509879,0
-0.3025684691469611,-0.5511139584467851,0
0.780254418583455,-0.2611710110105273,1
-0.04341612342149755,0.5262531479087078,0
-2.095352797948916,-0.021402926752381504,0
0.05134057629724086,-0.04021638827680079,0
-2.2177720833790717,-1.6632286484339422,0
0.34812295898214607,-0.13176275584542282,0
-0.8615077986019085,-0.9741739399115322,0
-0.9336463066270893,-1.3657821649425321,0
2.6450724682025553,1.3869182055588476,1
1.2527393565562774,-0.021348364657805992,1
0.44814870771091897,-0.31150959730758243,1
0.8021596728561676,0.8071413203392716,0
-1.0373362214725408,-0.222728418494171,0
1.587598873851292,-0.24341886920392805,1
0.024992069225643565,-1.7044243933015957,1
-1.49882760106273,-2.375278017327422,1
-0.4146145311066144,-0.7066049748654417,0
0.21446942797036175,-1.047302334085626,0
1.1759386678519912,0.15239833807934727,0
1.1906866509113299,0.3082088092274936,0
-0.6870179028278736,-0.07022504612594657,0
1.4968187616129047,1.0923239653469434,0
1.3513762690451907,0.502936017895988,0
0.4564642921053106,-0.7821307776191989,1
1.3411513781132454,-0.008944110105590953,1
1.921940993397618,1.1080869849258703,0
-1.4572399080221197,-0.30799332658121,0
1.1206758582603946,0.39435768904798335,0
1.9748375475931632,1.1365061706301707,0
-0.021545020225996095,0.7840399777675265,0
-0.0020299532882340136,-0.7009863800783804,0
0.8702912942398344,-0.9875074668214562,1
2.840103514635053,1.7122318661758724,1
1.145058691138316,-1.0442378129944865,1
-0.05840724898757712,0.4181854660920744,0
-0.2263161571790434,0.12241684927062885,0
-0.914897065633564,-1.8895538346255185,0
0.035602368139918905,-1.717248989565642,1
1.8248779159365391,1.2662767953410994,0
-0.43885023438471443,-1.3482912967029501,0
1.5637219830691231,0.032479487249439075,1
-0.06647877504696767,-1.2054548950086856,0
0.47011761471700114,0.3115824983482928,0
-1.564266094395337,-0.8892692237746421,0
-0.4447083929450366,-1.5478492864408664,1
0.5938880091816996,-1.0798566990226524,1
-0.11018187251939127,-0.8638949800180283,1
0.3812022139410842,0.2756262336961246,1
0.08441492047211674,-1.3021363246733977,1
0.9530093721247712,0.674925709719224,0
-0.7968063111070788,-0.25673408406835113,0
0.63232252423163,1.06337796762409,1
-0.5367453252869445,-0.310932534587646,0
2.317878207380123,-0.2247288006584977,1
1.5679282445179554,1.756878291824811,1
-0.792919436260446,-1.2918885443756711,0
0.7999572456732711,-1.4464809343430534,1
0.09963454710762831,-0.8572870883781096,1
-1.392185454891054,-1.30041082308201,1
-0.13626557638832093,-2.155283073383804,1
2.1660404478162936,-0.7261174248571992,1
1.1682537155927049,-0.18456825787165326,1
-0.15472166322078953,-0.700588623576468,0
-1.0286434010297263,-1.5510004422892123,1
0.5269069319663718,0.33328420847046597,0
-0.7771731865338953,-1.4844932804728381,1
0.3874678319508497,0.17781875829351368,0
1.4830604852238727,0.3141638894503603,1
0.22443478745835876,-1.656244324171869,1
0.5754678523971031,0.14655863521745346,1
2.812742714390148,1.7186860454874824,1
-0.20804575579927945,0.2453005716687005,0
-1.8737181570613644,-2.6942369317913633,0
-0.526861963036678,-1.2003591681179717,0
0.5086528051598878,-0.3031491195753745,1
-1.221339417148806,-0.1408027805571634,0
0.08965374577230856,0.6688150014988435,1
-0.7110040657143549,-1.6706298663780024,0
0.7021617099629727,-1.16768678701425,1
0.06324092331777748,1.1921698444421993,0
2.4470188894083944,0.15287867776770042,1
3.635708782254926,1.6683497770498728,1
1.1988617211783146,0.1003904571778545,1
2.1099108591079183,0.8321395529797244,1
0.10022381876873174,0.032249023313609924,0
2.223455335244343,1.4609090946178354,1
0.04584183603562162,0.24311182102463685,0
0.18884981224037736,0.35634482774663784,0
0.9511716501044033,0.8174083786619384,1
-1.7225784496646364,-0.9686501748368676,0
1.881957068133726,0.668715868016387,0
-1.262850684679904,-0.9292165012955551,0
1.4236121437729334,2.0584035983118105,0
0.990065778055296,0.11033125626025919,1
-0.8233943287689371,-0.12244158602203618,0
3.4374545233783254,1.2245340595500631,1
1.3181205491146333,-0.2791979423961478,1
3.0006841740201766,1.5672642901991483,1
1.7211856995988772,0.3490072261487901,1
-0.8765628540789939,-1.3717703326482378,0
0.39799917567636767,-0.7802013060699902,1
1.617381573396516,-0.7377763479677171,1
1.042316411115493,0.5214866819255286,1
-0.5795741588964028,0.0029170181371199803,0
1.7349822985958983,-0.010066625226878446,1
1.7510972770709579,0.5781547143325712,1
-1.8871043576268656,-1.0525616197849823,0
0.3276362115154381,-0.49941714808970217,1
1.0348319889432467,0.1227286568736823,0
0.519283962644108,0.38491856724836304,0
-0.25766836865954773,0.3303171552095968,0
2.166629141453729,0.7559515145644087,1
0.17790649000435277,-1.0271418097444895,1
-1.551226013567381,-0.9514384047256841,0
2.1569467943746385,-0.05382972957760392,1
0.4165593511882929,-1.0360964167954,1
1.0123540274198113,0.8203483280367483,0
1.3085525255205888,0.7494745008722091,0
0.483083429504355,0.5194229675376734,0
-0.28166816197947053,-0.28374696205510436,0
1.4794967081977046,-0.4567803450725049,1
1.7350399964671495,0.1411278592395742,0
1.6239390204538313,0.5014588001378583,0
-1.0256541580649423,-1.3741026904406044,0
1.9063870089666426,2.147015699626631,1
0.36149027857293237,0.14741902112171934,1
0.7317634673113838,-0.23664999457704186,0
0.5992604469703767,-1.0123339186693987,1
0.05271672004732397,-0.572445075179062,1
2.599432167568226,1.2267536885250974,1
-0.43124367261961344,-0.5393064065128892,0
0.46358514723006816,0.17207370955051773,0
-0.6849382542378627,-0.8938692129130833,0
1.0842081127271237,0.33662801060519715,0
2.8109618233067986,1.3201898596481783,1
1.3735178228346665,1.639455150360243,0
0.16311817715495122,0.10304286937718227,0
0.027401872718194952,1.1205428133855024,0
2.2919951838193597,2.9629573186310245,0
-1.562318929291527,-0.7305342326263138,0
4.029633737554107,3.3783863809439274,1
-0.698767091080481,-0.783170088341821,0
1.599039973327166,1.367379020155181,0
-0.47338135644444435,-0.7541631294673409,0
0.07178586490815743,0.1002979624774756,0
0.9003855868581581,1.5459661726200682,0
-0.2617210844978488,-0.17782287867018667,0
0.21246825002212716,0.5664234896857918,0
0.721246528170173,-1.185471349238256,1
0.6531626714879547,0.5495328621354217,1
1.8717894371846324,1.6351429373902175,0
1.2102223942616441,0.2283447844931499,1
-0.1350549619777884,0.17846217318437532,0
0.3957446099944153,0.7862817707039448,0
1.2760374798521275,1.4705683738229665,0
-0.8676582179874782,-1.3529503502052458,0
-0.1337797189152393,0.5581945290044873,0
1.3092404313498485,0.5287686924187491,1
0.16172471170796698,-1.8344410560657216,1
0.6914227701890726,0.7066540639822069,0
0.5607615108183939,-0.40083064835691057,0
-3.0321772813723524,-2.6019844247741863,0
1.2311943673740806,1.5608193321805721,0
0.5961568104332402,-0.3735356733029905,0
-0.3424014654691159,-0.6406031793333036,0
1.2387837404195166,-0.4223147907021481,1
0.5769890999922319,-0.4467041089814468,0
0.07357533325783853,0.16494874371831894,0
0.0003025462187101256,0.6678422245618989,0
1.6322624088810609,1.227010247378844,1
0.46833260518303554,0.40887970719448385,0
-0.29937441462211484,0.3162009259695069,0
2.4159809590088694,1.2360556670118639,1
-0.6905524823074369,0.39519666577589774,0
1.5300832949996772,-0.23046000847110756,1
-0.1495350642381361,0.8146283980521166,0
2.4709089723801814,1.0682576931940138,1
-0.3683789266753803,-1.4676678300781427,1
0.06720856411093509,-0.319233611721361,0
-0.9415119077907608,-1.3129064634205712,0
-0.1433219750166519,-1.689560422634795,1
1.472421681870059,0.7748526053972083,1
-1.0793460778314228,-1.1999858214475358,0
1.2927969661697232,-2.0912476363890207,1
0.06949855127760285,0.4618061895888755,0
0.6753587052802951,0.1108655604583362,0
2.5155186936288425,0.2788149347803885,1
-0.10664972383815517,-0.3808765318883948,0
0.6153097452874619,0.02509791870116443,0
0.09802010809403475,-0.6223197538947041,0
2.7575623198389687,0.06433286396878908,1
0.5969742837322584,1.2949097988995026,0
1.396511325690836,0.19615968874589967,1
1.2237741931911514,-0.04210796699582398,1
-0.0896196027545883,-0.5200597617692371,0
0.36917379395793937,1.3036370518385703,0
2.7013950183980007,2.2571167295634167,0
0.4367035111564358,-0.2696227473060076,1
2.262722672538296,-0.00623814995859305,1
0.8675537340946639,0.3508985277025732,0
0.11424313310357524,1.0300826375936154,0
-0.663476478055039,-0.1658698168395061,0
-0.9036422492598306,-0.9299054809967662,0
3.4311072121675474,1.8432598302517103,1
0.10928109658249086,0.5385141639236374,1
2.437034532027909,1.4205341061109342,1
2.7121710608976857,0.9718506650549805,1
0.9596641332259547,1.7947319797195531,0
1.9587349121904514,-0.15510955219717382,1
0.04805211168458201,-0.5582636330400524,1
1.291695016615887,0.682046981666396,0
0.13876004199226838,0.08211663867106427,0
0.9004321105865276,1.5540134309720461,0
0.4022817314949202,-0.4895230186419795,1
0.8592178793269543,0.8315769025098748,0
-1.0545411051260818,-0.09797460819120686,0
0.0008554579179843483,-1.2591828877101139,0
-0.20131247382885403,-0.40492209279121927,0
1.2433621175193206,0.4199273732317445,0
2.0340494015550927,1.6516302023556813,1
-1.0148389453603066,-1.9985909177996186,0
-1.4147146032395161,-1.7027586314432517,0
0.6860604975458131,-1.3801800152611143,1
-1.6254814948895722,-1.431964639951417,0
2.088774686430031,1.2207780718047003,1
0.4755505008149661,0.6861347076443887,0
2.4311881671224143,0.4619657422715469,1
1.2372273099625886,1.404513671311724,0
2.3526233160134913,1.7419367183485253,1
-0.21567079475375373,-1.358628885507471,1
2.1470428906030468,2.6456534117885706,0
-2.7079285585424784,-1.2173077908981653,0
0.2809381298236373,0.3350131136195346,0
-0.003813839773855854,-1.1027142809753607,1
2.367087327992172,1.07830394778919,1
-1.005254121302901,-1.2186519127020377,0
1.9382509274498902,0.5085303767988476,1
0.07322694386937068,-1.1991017031484787,1
0.7762898425509981,0.57654622271786,1
1.6868236138049015,0.09515540638150437,1
1.413454343695508,-0.43735455252596517,1
0.40688132760436846,0.6489817523548904,0
-0.3185232314759787,-1.5185515116841828,1
1.4440720298656164,1.1087290727605212,1
2.5466787042967067,1.5076961191526765,1
0.8254820785033463,-0.3022013224915376,0
1.841343028801754,0.8370424130394614,1
1.563924622091391,-0.3551591435759426,1
1.0015172852259104,1.503798179838361,0
1.37847049522623,0.33125897178208236,1
1.6082526780095743,-0.1182719657492923,1
0.47287728741639945,0.4707268999815113,0
1.2062319479143804,2.0417823578188727,0
-1.534959209226977,-1.2664506879648723,0
0.873925194928678,1.747941747309695,0
1.0560892528466055,-0.0055636351239853575,1
-1.5595716252825942,-1.0260210956932212,0
0.3729863467569575,-0.9358157316630779,1
0.23676248613357784,0.6038150070566732,0
-0.16590352939923556,-0.1364974740960771,0
2.0556239677721297,0.9814243191612895,1
-0.627069226536631,-0.7873993415376481,0
0.6786955874902053,-0.22835643002983314,0
-0.003974397096565928,-0.06630019871978149,0
0.9434271395388041,-0.012561031591720302,0
0.6078784668481505,1.0322160444555986,0
0.5089325047273183,-0.6061275727935836,0
1.6469996343393556,0.22973441303625178,1
0.6118732426786365,0.3161479265019913,0
1.554635805772937,0.8631600189112282,1
2.0966957859558026,1.948626614279033,0
1.8098031283769498,1.3936861787976222,0
-0.06000001790096121,0.6021996892227159,0
1.3206166265177712,-0.4772758971881087,1
0.9397635148515096,0.5629993167145896,1
-1.302902813989213,-2.5321533780098675,0
-0.9800006166744908,-1.8824152482191752,0
2.198050903154026,1.3208754953401804,1
1.602913530538119,0.16102442174131484,1
0.13696283279247534,0.2235788667905022,0
-0.8190541648214003,-1.9696468014470945,1
1.6770622560570312,0.15255400314242396,1
0.9195353225621448,-1.8940624840245253,1
-0.5407122196773814,0.1521348370036137,0
4.1583729464051595,2.3540513472180318,1
0.0009074595245576904,0.6222992303628924,0
-0.6482081799388169,-1.603750823784245,1
1.9985537862595266,1.6065790870694157,1
1.3872036912735357,-0.24570528629702895,1
0.615795235376851,-1.1066040588796926,1
-0.20820143994499107,-0.8800509687516234,0
-0.007594576174971612,-0.26962098791524486,1
-0.29682161649635647,-0.9143551758583396,0
-1.0920622835881808,-0.28636494858222017,0
-0.1472719776241802,-0.8819143706826829,1
1.4007495573342934,0.9616406722181323,0
-0.058630125786779355,0.09606939039399108,0
2.1728944400050416,0.2931438155724705,1
-0.4890006198839658,-0.6685793914909398,1
1.7711959041727983,0.28934839137987606,1
0.498418048301963,0.18080628172238727,1
-1.7688484789658947,-1.5697863309572944,0
2.3704468276655266,0.9150191790491362,1
1.2966894564969098,1.1234419395316262,1
1.6896475726597677,-0.6158656172761972,1
0.3116586452657373,-0.8039739982196131,1
3.133350491346575,1.9555711832038918,1
-0.8988424155276928,-1.3156861933688566,0
3.018576164282403,1.0427275305536379,1
1.243738228977836,1.2974754979710206,0
-0.03232733424639235,-1.4836723293879388,0
1.1736937499778264,-0.3269175912789676,1
1.3311998909448952,-0.0679443394553103,1
-1.1792351009854152,-2.402321175162178,0
1.5901608455553844,1.139646568186533,0
1.3559210220552296,-0.007848482082282983,1
2.1364114397605283,1.5669163874118024,0
0.3059247964900073,0.0628558648002797,0
-1.558595613129905,-0.797839097484479,0
0.4652116520918398,-0.15250179399372754,1
0.258793883421303,-0.2520281998287568,0
-1.519685132422015,-2.6225544929192344,0
-0.24338597797668948,0.019998954424337242,0
-2.0739600448994597,-0.21970566161765118,0
0.2523454875842779,-0.7738528443087656,1
3.0529144839089106,1.1971637519874114,1
2.126453011654266,0.4139983758239784,1
1.710331130926089,0.10221225017169108,1
1.35502990083383,0.8969271699940609,0
0.7247033920517042,-0.16345524132860587,0
0.5767798533455817,0.11862460715584368,1
0.11387800670163015,0.3683797425179282,0
0.9552266026487152,-0.6837679031972865,1
0.1303815577565585,0.4091101849100315,0
-0.06519832795568492,-0.9473648483260887,1
0.498296255123552,-0.9053576607798552,1
0.47153809113243744,1.3951745611310236,0
0.6787920070877265,0.7333604051436275,0
0.9529077735614656,1.5880839607211297,0
-0.04228924578962712,-1.0470897448675744,1
1.316426162640042,-0.2882285459678987,1
0.5464382868841409,1.060653227738004,0
-1.8297841759368776,-2.213003558283997,0
0.9616936879967269,0.17107493144693528,0
2.8139549527009082,0.8672083838113548,1
1.6435176345240903,1.0227575653479895,1
-2.9629991784167067,-2.6492984195729656,0
2.115266865106722,0.2716744736759832,1
-0.4447225186334957,0.6472465875937178,0
0.7802919879920713,0.42614026643607344,1
0.9346735801833008,-1.7369280293956664,1
0.14135649815764362,-1.7079105359355444,1
-0.168654904402632,0.0023163906443349393,0
0.2745744248094296,0.332899767470431,0
0.5272107664118959,-1.0783618307052019,1
0.5397070740950313,0.85994774676096,0
3.2377199597658644,1.7277677419630435,1
-0.6172246539546202,-0.3260144551390607,0
1.2422972515912107,-0.06937071159140266,1
0.06203326654026246,-0.02746482335354458,0
2.9850804050934743,1.7352984453799478,1
0.9227232052098225,2.0935222256614985,0
-1.1649471968659382,-2.5389299693679748,1
0.47134644088428745,0.12035632687526757,1
0.46479949335870596,0.22826725406113915,0
-0.8769817699572837,-0.1406256461068819,0
-1.7272523969923084,-2.4714613876408187,0
-0.24921537193709162,0.018724319688084804,0
1.003924969299646,0.7899373779350651,0
-0.8860933822181382,-0.8550443739423994,0
1.3714605286221055,1.390875901361839,0
-0.36132368716734375,-1.5804094373814623,1
0.3259696523194017,0.4544130606169048,0
0.6370579672489207,0.22045412383611737,0
-1.8838883647839515,-1.3709038674263063,0
-0.0968420401069823,0.15823901670981366,0
2.0377960046410326,0.4242961008932965,1
0.607623387042952,-0.9083843739138259,1
-0.7260222161755863,-0.6512099553415492,0
2.254650313588004,0.20131808733191286,1
2.773225468022761,0.6418175804221521,1
1.1071598046814362,0.6758695324614611,0
0.7262991985769701,-0.7866808503406548,1
0.07035409801949026,0.5652172848639186,0
1.9753240862404513,0.9144267034409646,1
2.823412867636086,1.7987213442326249,1
1.5364317767121487,0.43454560462010816,1
2.1557539620582125,0.21411203768728446,1
1.5472189117547408,0.7955342251096876,1
0.2262595764854396,-1.2584104254266308,1
0.6877323892536711,0.16730521113738844,0
1.3396937962217421,1.504899918993356,0
0.05260509945744764,0.5480598107610988,0
1.1756856950636294,-0.5146176263964025,1
0.7063553574449843,-0.536245046688671,1
-0.17687903292675428,-1.4881337870481806,0
0.9862718725326661,0.2676025943940802,1
-0.5191084855652888,-1.7780621832228765,0
1.8061822836370323,1.511692327893856,1
0.38483427744782206,-1.2590444854169092,1
0.4543247803429532,0.2761765996904076,0
1.8584344309812066,1.9048382158560226,0
-1.0870601923261196,-0.13156365086450839,0
1.911620324273379,1.1182101350196476,1
-0.9881963281715522,-1.7279295795842642,1
-0.5537922495432586,-0.09532382348881867,0
-0.6787390950487658,-2.005749102660825,0
-0.05922711077515874,-0.511787907073538,1
1.0622008017670697,-0.011105542256237656,1
1.5448604850183885,-0.085216348195196,1
0.6622022987544902,0.2232276264444266,1
0.8560883228846505,0.8540157810187257,0
0.878859701284803,-0.1903850388506562,1
2.6331824717211516,1.9402137186903654,0
0.4885826621394792,-1.7735821218824646,1
-0.9079129688011813,-2.216222951904959,1
0.9718035611211921,0.42379384973942463,1
-0.04755183819418149,-0.36284810324500355,0
0.22017834148293247,-0.37257018803876085,1
1.2673800708872922,1.1740570776106065,0
1.1665395375416694,-0.7541544294110522,1
0.8644426855677785,-0.792871031180237,1
1.0854198379549445,0.14854526413740982,0
1.791473596581103,0.3661038338288167,1
-1.0195524305311991,0.6678100610361665,0
0.47763450485601,0.8645588618055847,0
1.6740388228982035,0.7532478011893581,1
1.1835606744957268,0.706117182744516,0
0.040603767665740476,-1.0573241212411018,1
1.7430935043117222,0.09754315805860334,1
-0.04446001834169025,-1.0972341032680306,0
-2.088754929206874,-2.699500491172837,0
0.8531890470583875,0.85631179335822,0
1.1690183780753751,1.2080667614362546,1
-0.5537184120473004,-0.9574578564101069,0
-0.041517982059263506,0.09438774150526338,0
0.8816087479762367,0.42519377537190867,1
-0.3485460245721202,0.24061485185710063,0
-0.9543746287385418,-0.034456067382251626,0
0.18292379234126613,0.37509892364006353,0
0.9547353970616328,0.05621800026635261,1
-1.1099895621738656,-1.903346313113247,1
1.8122581382906402,0.47862602076742455,1
0.2827760083453159,-0.612432488589715,1
-0.3705776936694605,-0.8606448997856225,0
1.1694650928887165,0.3979091309728718,1
2.067835387150109,-0.4518719438103141,1
2.4915957442931376,1.6029168095115385,0
0.12097958570898568,0.7011919857330924,0
0.8583926984209154,1.5087633257949262,0
2.186756482949363,1.0110190832218637,1
1.006925163694205,-0.6750364632182224,0
-0.20729803846116268,-1.080876429410314,1
0.8126094325056492,0.002684568902307907,1
-0.5878520966993368,-0.7778147261140522,1
1.3592098314422465,1.286355471130422,1
0.6893394453216537,-1.3428930110946249,1
2.5587628569667555,1.0753174117297282,1
0.1684242572634533,1.0757659388039413,0
-0.6742444631854324,-0.8551680193279174,0
0.29774708961375684,0.08392225098667777,0
0.49500101115959133,1.040465002078123,0
1.611445800258192,0.14443282694167212,1
1.3383656381666964,0.3415496330038232,1
0.4572786234706001,1.3427728843089917,0
-0.4450065885899575,-0.4026549866665691,0
-0.4231356204760165,0.24556868314831565,0
-0.010859027872298135,-0.6398376503912568,0
-0.24105458508616107,0.29933306806079546,0
2.044587045141729,1.5656210996295616,0
0.43599111074330876,-0.4771636003786818,1
0.3879016193200783,-2.0542192694182764,1
-0.1067314978605217,-0.5578907438228725,0
-1.289021421600056,-0.8520413810748901,0
1.0168845788060237,-0.5785050153580429,1
0.7139829314571744,-1.139287648349641,1
-0.09021867677971787,0.823671004762524,0
0.5720404530770896,-0.023317786128554605,1
0.5868309039059891,-0.12841831402640222,1
1.5294683927665516,1.2466533741763113,0
2.179321973541934,1.1374079445205054,1
2.881455800039048,1.041271574493904,1
1.1844041679146742,0.07637275002805012,1
1.2096122926395354,1.1210677679643926,0
2.2987566810888698,0.2977347784169632,1
-1.0550129535761699,-1.7722927270847675,0
1.7477334122977897,0.35859415179205323,1
0.8674519403310151,-0.6031880059963145,1
0.10712946251075835,1.226747071821242,0
-1.4665486593439037,-1.576743255694076,0
-0.39426411901500485,-0.6429378617504976,0
0.48605767771409103,0.44631272774548036,0
-0.5311687188291093,-0.6976223229486898,0
0.7203398777944636,0.03768967386844201,1
-0.7091081398594671,-1.209373445671206,0
0.29212589466472183,-0.6558274799896671,1
-0.42310107819399984,-1.4750165983760504,0
0.4039179599176401,0.8831586801435025,0
1.661085632373746,-0.11679390011235571,1
0.9352269256994752,0.09356055751101278,1
0.04059059423206521,-0.30668135568147187,0
1.6123829776981884,1.5426900294791015,1
0.9295639646561843,1.8240968244480804,0
1.8394370572633625,1.4692142647886073,1
0.41878782850130414,-0.5743238466104197,0
-1.1770894908012268,-0.7670173811041348,0
1.6098734585939307,2.8575444128695393,0
3.104600761531721,1.6348869143643574,1
0.9668045787893002,1.9730567060242383,0
-0.8461563993103193,0.3578636740831949,0
-0.4108309522029371,1.4844911519075346,0
-0.2768972322662537,-0.9652840429770881,0
1.6458996881850267,-0.3228494938851699,1
0.9406444138435774,-0.12787537580461875,1
2.0184818136952263,0.5593769972265376,1
-0.35168878420548744,-1.71464811721142,1
1.4944260742640714,0.6986673826474898,1
-0.5471465408428567,0.2812861188842088,0
0.5681186140071592,-0.3507595857884271,1
-1.851855181402512,-2.1274769768078494,0
0.3736397533263259,0.9641394843819491,0
0.26719033381164536,0.5561864626251768,0
-2.28358483051244,-2.001385523932929,0
-0.5475529914696196,-0.8019744125918468,0
0.48776272443613433,-0.09923052068013997,1
0.5625562268884774,0.4227722343769815,1
-0.6435160978717072,-1.2805017661484028,0
-1.0798697575557026,-0.8633486504257014,0
0.1978905391555595,0.20751980854022473,0
0.7780633918946144,0.8036628737214838,0
0.7619790862918959,0.9787355016202375,0
0.7343396617295053,0.7474768884278424,1
0.5197678074996933,0.3088693118913879,0
2.4746025262423252,0.48183115518846975,1
-0.8308045642996216,-1.640170586215051,1
2.0883317159940162,0.5481139698869207,1
-0.49271978550585865,-0.7388191406905567,0
1.3905947161959402,-1.4517265189395627,1
0.023312608275181616,1.0273586367171703,0
-1.5357842177066523,-1.8695418808781934,0
2.187568112109332,0.8499366840959817,1
1.1474208514974402,1.1404605495029863,0
1.4140981854672012,1.3927599490309164,1
-0.09796438965379606,0.2537547783527891,1
-1.0878460224298505,0.00591999100055083,0
0.48782416944801876,-1.2498988704558656,1
-0.9213846478318919,-0.4321254329374921,0
1.8318232768188378,0.2730193845059886,1
1.6694094315983812,1.0545322029395747,0
2.5253295321459586,0.9493199311077156,0
2.114402353561479,-0.3365354142939286,1
0.7713650866396258,-0.569391578173488,1
1.472520247372391,-0.3622378768929439,1
0.1265433396779021,-0.17101884390181277,1
-0.6250047048671472,-1.5513673522310862,1
0.17993518149286622,-0.5678968973376324,0
2.728903739903722,1.114485891234437,1
0.3713277391867281,-0.8285527538055317,1
0.3288760765286074,-0.4768800435830866,1
2.45428901218582,1.9961216645155855,0
1.0214519029048272,-0.03951331608370281,1
1.1902918694908067,-0.8438420559967582,1
-0.43458594842129017,0.0570889002740135,0
0.3968664741765318,-1.0596401793314718,0
1.3300731061664868,0.4794037519600814,0
0.38729470825382895,-0.04923039609284839,1
1.6304288720075846,1.048761010212275,1
0.5915416916391841,-0.4342222320507927,1
-0.4316985502042606,-0.027190572903396274,0
0.9666077123645231,-0.02054425449883034,1
3.092201912985802,2.340702256475472,1
-1.3947524317952458,-0.6042949986935781,0
-1.661275228408048,-1.2289670371067298,0
1.9436464022510342,0.1896798700692656,1
1.8978168169903291,1.8119152857718113,0
1.5933030019966679,0.9452097516829803,0
1.5148150879622608,0.22340293985067114,1
0.06620221927346015,-0.9990021963292813,1
2.133410992693341,1.819257845949242,0
-0.3308260193209172,-1.2641731624110388,0
1.4304376374618508,1.6544769498003986,0
-0.933917182983545,-0.6703226217830974,0
2.3177087479880756,0.986185965848657,1
0.10544413067087825,0.3531969855828027,0
1.9227167066469182,1.619281488026077,1
-1.1162211962884485,-1.1949917637258036,0
0.2950358436824515,-0.7908648724043907,0
3.1728241640788655,1.240216987208429,1
1.8449446724861156,0.05841179653779544,1
-0.45269657472930025,0.7044410472593928,0
0.23568270826211335,-0.9487728066767784,1
2.0849536358736716,1.249436089293903,1
0.3542846902985043,0.21165603823620807,0
-1.082765225122783,-1.4145030417912194,0
1.9139100585774154,1.0785483023430251,1
0.6523100143601243,0.12050072215395773,1
1.1720036581208628,-0.0006255577057841269,1
0.8698156004522614,-0.4121450800657158,1
-1.655689217062603,-2.661932975832755,0
2.656878483085287,1.2578237321894958,1
-1.3421423168206028,-0.9224434695386198,0
1.4939337255714995,0.2428552699967053,1
0.9742484166026634,0.7354756821862397,0
0.5359056847662961,0.8848538874683006,0
0.6521753931720807,0.38129450365962797,1
-1.8773450561455125,-2.7670079981851847,1
2.090077859361838,2.1740400554810586,0
-1.0880514809660455,-0.8637434520941422,0
0.6223579091480905,1.8543488894966427,0
0.94524586966713,1.5531805031811732,0
-1.9065209462981947,-1.5935582502536205,0
3.362938457305658,1.0650015226575924,1
0.3525054081730073,0.6532956945883572,0
0.07594830812746722,-0.3812606428224919,1
0.2216797930146368,0.10448239045110579,0
-1.258965231434183,-1.0122716897065926,1
1.5039209348696545,-0.037229537661701,1
-0.7099958111979262,-0.8032912596243736,0
0.21289105140465225,-1.497555370541266,1
1.8246993801039793,0.32982958061013756,1
2.508461679659146,0.7050215459442283,1
1.942680571877094,0.8473397967476023,1
-0.4509361572412731,0.27971912839526364,0
-1.4495840478393527,-1.6273117631025937,0
2.37290559393466,0.7075366013802566,1
1.777954902833379,0.4134184794993997,1
1.078898899770168,-0.655420564751765,1
-0.5456954342407226,-0.4493167792217674,0
2.446249333368015,0.5735167668081848,1
1.8769978069963433,1.0550205416227803,1
0.06324296441583574,-0.569797069365057,0
-0.055019518054262494,-0.790219885500641,0
-0.027453115205316347,-0.6955483106002321,1
-1.3553321479122873,-1.1514978940602358,0
0.688932451132988,0.5107445329095579,1
-0.7015793130431833,-0.8433720830353229,0
1.3256430696054042,-0.12236104893939466,1
0.11200087143672643,-1.1498962266402486,1
-0.6491271999723887,-0.24367464693058838,0
0.37938846438938345,0.19097028828330928,0
-0.6242369602747047,-0.5578998499865279,0
0.48557215042700574,-0.22695873158614963,1
1.1854151016232362,0.15763001022395368,1
0.5588192841370365,0.6712297002123019,0
2.2526849252199166,0.8250130846379379,1
-0.35814597403326265,-1.780428438708206,1
1.1842381127786115,-0.5840413592528689,1
1.9253853640126324,0.7059179362823489,1
-0.3596320356561891,1.0484375595118405,0
1.4494809799646302,2.13696833021376,0
0.8401345602111441,-1.3428707144598238,1
0.8549835548894171,1.2216574644645948,0
0.9622653353438875,0.47640127379891295,1
1.2836563342579204,0.8576951844123993,0
0.16015231206273173,0.37763910299184905,0
-1.2443760149918788,-0.17337028351109635,0
1.4668455302554984,-0.420317093538622,1
1.1236941550267474,0.08254463878072846,1
-0.01298725043457094,-1.7289550869861647,1
0.6291634560015678,0.24724024066224437,0
-1.1182061654949877,-2.160494119957293,0
0.9905233133499437,0.4861222696289479,1
0.030600611513554435,0.9693496652556893,0
-0.3716990275211428,-0.7288999197736166,0
-0.35326732595360816,-0.23768570491712301,0
-1.8504408246712687,-0.8320803695565476,0
0.12656679779760313,-0.29788551768846844,0
1.9910761271528112,0.17900701913185235,1
1.6312735060852093,0.46623993695552535,1
0.06091624734673489,-0.21396628101847512,0
0.5211187551114755,0.9302130940889511,0
-0.2825548885495732,0.8762758724522436,0
0.9499898554567963,-1.2075739139300397,1
-0.06103199571228856,1.0317685854450853,0
2.46523221494393,0.8663224586291061,1
0.5495368699202671,0.9924109048134387,0
0.32898450789962375,-0.8436155392614467,1
-0.6364466164782766,-0.31599683058943845,0
-1.9557825591074962,-0.6651702961019459,0
0.33532823781404203,0.505888235111125,0
-0.30350297743055665,-1.2944585750636306,1
-0.2116282035524861,0.6186642032218117,0
1.5928982237230613,1.2462940923833519,1
-0.0948699899393465,0.30284451745687097,0
-1.6052804204735078,-0.6082183797776407,0
2.04095468776395,0.2730304675424375,1
0.43457533751285315,-0.05573501589941202,1
-0.48981614142797736,-2.148942396785524,1
1.7238216331661242,2.056646295020549,0
1.3150739486839387,0.08273735887524043,1
1.8076726644300312,0.6477671562113185,1
-0.38173449176337443,-0.3766630546336419,0
0.882095809909867,0.08969930524061454,1
0.05352735260191421,-1.8067356605436262,1
2.2609661648500694,1.335287520026019,1
1.59553042703066,0.3050372509263363,1
0.9973717741625907,0.520337403210477,0
0.7650877362246311,-0.7626396928084219,1
0.1014795384132456,1.4350718459187235,0
1.075634656332418,0.41391420430426135,0
-0.8723602942865737,-1.492358035896457,0
0.22554463939161262,-0.7890266697480167,1
1.6201427580752104,-0.174482505778309,1
0.5902236376924095,1.6339239606158962,0
1.050360279798617,-0.25811361005582195,1
-1.0035078342617876,-1.3119987425654693,0
0.500316355481602,-1.659992309794359,1
-0.43380322985268854,-0.4182928908655039,0
-1.107098859162587,-1.6035818642197845,0
0.6720685484627632,-0.28250752733521806,1
1.25925822962059,-0.1322726063988521,1
2.032025582860898,0.5876992768493915,0
-0.45345076458315586,-0.29396974539416687,0
1.2049962852926044,-0.6825500590768744,1
0.35488268094638514,0.4461072607633053,0
2.3502681327422863,0.9902384712298657,1
-0.48529878495172385,-0.18397528173360833,1
-0.4479814527598278,-2.080815367633189,1
-0.7070004836535272,-0.3136240482808237,0
-0.30783795777521206,0.37745710140053745,0
2.6229844075663946,1.0910521189646265,1
-1.6216880449897801,-1.4980650023235218,0
0.6390144957238382,-1.1382128645297342,1
1.3024434122986916,0.45292449596188866,0
0.558778801082362,0.33703982564541435,1
0.3757127114280506,-0.7264870880871368,1
0.17820336382863528,0.37519014447162846,0
2.48548304189167,1.1604910629358265,1
1.513862211267582,0.43592097259258566,1
0.05756809375507954,-1.7258377398739626,1
-0.11083860559459886,0.19407357801117195,0
0.40914630922817596,-1.0145147915591803,1
-0.4693194626366776,-1.1095802972645354,0
0.16502248262424568,-0.6043661134873275,1
0.9582613362501284,-0.44814919329486397,1
-0.16125156226929094,-0.12487264790280565,1
0.7768011976106429,1.4588156020283956,0
1.7545263607948134,1.2179634127422752,1
0.03568203956235454,-0.317599113548223,0
0.940514044869904,0.9440294488233162,0
-1.6478623224721474,-1.1104635455065694,0
1.514446778928627,1.413209681014225,0
0.9788582754399234,0.021636192874418918,1
1.0561631574164678,0.02543667283130906,1
-1.3797769069742853,-1.08700355635315,0
0.1409001277218419,0.08689584234373758,0
0.9751613627689827,0.07324700658085957,1
0.21475560036681107,-0.7184067504649662,0
0.2062604781215153,-0.1894406637124599,0
-2.151728158767306,-1.0133351409397668,0
-2.830461592874132,-2.1773554653664,0
0.35597454677944573,-0.2097382987956302,0
0.9543867382501584,-0.18418714360687657,1
1.2328682259196033,-0.3416847613583933,1
3.988540757960533,2.2030112096344143,1
0.44349849535425323,-0.4701885889742456,1
1.4688785787518008,0.9023517984556866,1
0.555376985650654,-0.09690889364682874,1
2.1211509075615296,0.14913555102796786,1
-0.0716904085581864,-0.11631358305758707,0
1.0445966563457922,-0.26977982145996576,1
0.6445639923479828,-0.42478720957052574,1
2.00573087424315,1.654353793443145,0
0.45561774483419115,-0.9332601916700684,0
1.1417240790802572,0.5608162154044267,1
0.40560492644373014,-0.6281598497601644,1
0.6342554260530526,-0.7836246722108735,1
1.6582851276023742,0.6564171264733392,1
0.403230223324624,0.20769533394087808,1
-0.3418207176525206,-0.8245261313756405,0
3.544979571441555,1.5632215386442112,1
0.4251741657040974,-0.6252753388915946,1
0.053666843609465165,-0.8758250710486113,1
-1.0198631152354964,-0.2710843833791632,0
1.8021931843627101,2.911247792798803,0
0.17236456976450668,-0.737419603443885,0
1.5807958654528302,-0.3237391712159864,1
1.0923091463411863,1.0040072262206028,1
1.0347314235990925,1.8479419201986131,0
1.0090374812511786,1.0613031532106352,0
2.2165145776281663,0.7614361658142518,1
-1.1550242446214265,-0.6365583624963067,0
1.0887387229392433,0.8710013853088265,0
-1.4227972675242726,-1.2803597043738124,0
0.7072904835492902,1.7915407918484751,0
0.011101929990933554,-0.0390820346943208,0
0.31488255835245943,1.275019217452811,0
0.8622313575806946,1.1923321991042468,0
1.807267917144448,0.27467602588662277,1
3.2838911621970803,1.345849733849955,1
0.7826177013514932,-1.3176084476615662,1
0.4735908082252029,0.44518486202175783,0
1.38033543211261,2.067960854891777,0
3.268888866736132,1.8134358423917145,1
-0.41959165543862015,-0.3800000362017136,0
0.3264138074158648,1.2706363066452937,0
2.9527357867591038,1.3134515861430123,1
1.9992805874626405,1.2467330182108554,1
0.47133385656207305,-0.13368329074737842,0
1.1412392411400885,1.099043275364185,0
-0.5870920695753278,-0.11612009768653757,0
-1.0550115122468549,-1.065121456703587,0
0.8879361893659061,-1.275676829233586,1
-0.1574869732438601,0.10231861080588829,0
-1.0148382136580647,-1.4685269271881174,0
-0.8045184480889946,-0.7672251663311414,0
0.30651496004614215,-1.3820385729121167,0
1.2814299427622244,-0.4470814251884309,1
1.0117348843065104,-1.1118458255814416,1
-1.1477750573316787,0.004528051763381643,0
-0.45010331125636827,-0.7694165281561833,0
0.12138233553479316,-1.4380354885475122,1
1.335680767955121,0.2518387202667801,1
1.1298082869299046,0.5712682202322988,0
-0.4008316207499676,-1.303032255666285,0
0.6626728296818837,-0.9738324857437616,1
2.1594954438535403,0.5840433338812673,1
0.07246703577188018,-1.0119533116090087,1
1.2775355548353537,0.0879063873612754,1
-0.6477107737870358,-0.7609931462168087,0
0.4861500623501913,-1.1334046460276874,1
1.2000757935206854,0.577509211944598,1
1.1742795798295622,-0.46594455827704556,1
1.7642161693122875,0.3288133796890905,1
-0.4834799269888956,-0.07781465849336533,0
1.583152482532328,0.23371395541126647,1
1.0540332162475305,-0.6171996906262275,1
0.974191235210955,1.4399056302760926,0
2.793936643682891,1.0514782606596147,1
2.770563130553614,1.4109535712020393,1
-0.5252467774210182,0.6015228126785248,0
0.7379765194322321,-0.5691372019158499,1
1.1266674310854696,1.1563695397053544,0
-0.5688682238027076,-0.40324502096481807,0
1.6102398193847232,1.7213800682611777,0
0.7275391553590242,-1.5047230541959238,1
0.23746612480158213,0.1268040029714298,0
-0.6115982847055543,0.13557687366387863,0
-0.10342825429282954,-1.021634925999099,1
2.6107593196613657,1.4880090767275396,1
0.23666881973153275,-0.5532494845839453,1
2.1315870489123148,0.26888126484407265,1
-1.9847587930256878,-1.0342466304400313,0
1.3557470846067579,0.22421895140620407,1
2.3155068616914627,-0.20771835570830582,1
-1.3827591414716334,-0.8956140996931845,0
0.499768642838121,0.0055982653701667435,0
1.5046859927829996,-0.14983040118662022,1
2.0683634681018805,0.889003461194764,1
0.1978244941060846,0.4632893966602541,0
-1.5479260532168762,-1.4820636424711648,0
-0.43141461802463765,0.16831480513595526,0
0.8956917372149003,-1.188445504639694,1
3.159988192359653,1.0053587497243863,1
-1.1500461097115815,-0.3600720007007751,0
1.0999094381865449,0.11808661742873304,1
0.3939640934055176,0.002042458112567004,0
0.5229822176511869,0.09829201174923645,0
1.086138111374809,-0.4564682109107132,1
0.5279330034425909,0.3003571085612886,0
-0.5840478098644221,-0.047779841526107585,0
2.8807693305980866,1.7555965670987153,1
0.3845663840312882,1.1502437759456823,0
-0.7746940094999608,-1.099468158025086,0
0.20718429718951528,0.43132505511155667,0
1.6120717338903097,-0.32012507188264755,1
-0.023926247975947845,0.4729753817855579,0
-0.5569873100883573,0.23299258609592197,0
-0.4063638867158954,-1.9054990242980203,1
2.951807296384456,1.653633110798404,1
0.9991307737969777,-0.7348543486085231,1
0.1187396303803492,0.03334850930026482,0
0.3102836833010877,-1.2765922547494142,1
0.7850407777856855,0.020263262839038846,1
-0.1296132305092812,-1.7220997402069878,1
-1.0959208899407678,-0.9099218889960701,0
-0.5606695498370189,-0.5362850808576426,1
2.0924191779889934,0.703892924282369,1
2.0874845276386456,0.8318674490944097,1
-0.6994888082438759,0.24290595758484543,0
0.8985446384615103,-0.6013166693086023,1
1.0889823412549358,-0.4887533048421604,1
1.5019700157884799,0.7545495018095002,1
0.23085438962142668,0.2145541923269184,1
-0.7377832501993753,-1.2147767947964907,0
2.1841299425949168,0.59860488202864,1
-1.3895293372381803,-1.2460875428883944,0
0.3023166091744778,-1.9740552237173254,1
-1.6240805395026447,-1.346649393540047,0
-0.2859104297007198,-1.742907140079541,1
1.4791765385398739,1.170350528562765,0
0.7441149229656903,0.6533260292492915,0
1.9120226856272362,2.5319820016739762,0
0.9484958092442892,0.391628293722727,1
2.4598858542943844,1.190308800892976,1
-2.0553334777129857,-2.5685466503700654,0
1.0772956588179998,0.7427910103129584,0
1.0244275604843633,0.5003236420065422,0
0.3757978258342952,-0.4476204129561081,0
-0.2064639036164764,-0.676914797866435,0
0.13952484559852585,0.3917550978641771,0
-0.7036676848768049,-0.38180548138456205,0
1.2063147489624542,0.8992258643438076,1
3.1370692796939434,1.0684500479647492,1
1.3639957825557074,1.3569530118095885,0
2.033575178073237,0.10818964961513901,1
-1.4758141778419083,-0.6040491737348205,0
1.7290577302605132,0.7722207947740375,1
-0.5184383167213292,-0.5819931920666339,0
2.5739192071764565,1.3966390593603626,1
-0.06946045460841699,-1.0687195094321034,1
1.1375190903044539,0.10871394091600416,1
1.5285245377463967,0.6843981344097549,1
0.1195277353937072,-0.41654541065840295,1
1.5667805915312774,0.515025805945492,1
0.08502927452085962,-0.24329395797051961,1
1.2877639268288787,1.5005966851778882,0
0.44723227637490026,-0.9384837461164922,1
-0.41718505966034986,0.48873257801784364,0
-0.11085285802107903,-0.8085909217970947,1
1.2023799195885634,0.005169325418489691,1
2.731113596251582,2.1310212080336006,1
0.8393994059771528,1.3505762469997675,0
-2.1993198640977494,-2.667313715948853,0
2.7554018434574723,1.170481167492232,1
1.0585338347485587,0.3235262945382707,0
0.4218478207792838,0.7921018693113089,0
2.4375598997811725,0.8943479960724585,1
1.0987053122655648,1.3729505887350635,0
-1.973537882265216,-1.8579784796492829,0
0.8079545375420352,0.24270132205550138,0
-0.4413258884652632,0.32206146188883134,0
1.4486280012816386,0.8700419799117985,1
-0.2237185173520262,-1.155130285069515,1
2.1114128354404933,0.9708164971584305,1
0.6225587216041973,1.7519956922521973,0
0.2553868837026566,1.289835005156911,0
0.45664012906474627,0.0440606774887969,1
-0.5854052934926215,-1.1695217098777824,0
0.7564594681161467,-0.45443560798532817,1
1.0823505429654843,0.60441871590658,0
-0.21648939371309162,-1.5313595877415023,1
-0.8283594777958911,-0.10898759587751695,0
1.1529298059882545,-0.9454535372307631,1
0.8991022557209134,0.5226783521459432,1
1.0398714276412566,0.2334625119852327,1
-1.4293625887498635,-1.5899673912506098,0
-0.07728096467608316,-0.29396464500316977,0
-0.7993905213986165,-1.3165118023556885,1
-0.6003823525333433,-1.105105924723935,0
2.2888449835845917,1.3600000547368205,1
-0.0440122806457004,-0.8384780188203703,1
0.08091928366917735,0.44453342112162525,0
-1.0990987131562708,-0.9666289261219232,0
-1.640604934450392,-1.7723944026846503,0
-3.4017268047974776,-3.1892515908008954,0
-0.31736866907782607,-1.1589000224835007,0
-1.4103747233826014,0.04113599027647164,0
-1.1722972940825667,-1.0486538660783904,0
0.5608507048611922,1.0430382090847246,0
0.9699053474476368,0.8110316887662455,0
-0.0034573883557880427,0.41663038731326674,0
-0.30440741241054886,0.20023063194930743,0
1.1707311527654252,-0.16204463707595132,1
-1.0212207710985326,-2.2132765174661992,0
-1.1134177422608942,-0.9969803458162846,0
1.4908862676028996,0.7257021989481087,1
1.5619133274398889,0.23949214466026655,1
2.356322772765452,2.3434572083284926,0
1.8436394577925617,0.008462315125905983,1
1.657847782103,0.07705892710002096,1
-1.4974410948233305,-2.31760636639519,0
1.1042472326419754,1.2938803823567555,0
0.5726095425280069,0.5108948276857427,0
-1.8419124758132859,-2.825203560404363,0
-0.050139273230671154,-0.5542118268406705,0
0.8243824486895739,1.6591395872410513,0
0.7286141718954254,1.1744258192263664,0
0.8068247736063401,-0.04591224717773087,0
0.7758250176587245,-0.7663034229850483,1
0.6668745069983796,-0.36578838545251596,0
-0.32982538047291343,-1.9536777343310217,1
-0.8566162679241366,-0.3902922495101017,0
2.1453366631602115,1.0936605611726384,1
0.811306030205993,0.43386535667326587,1
-0.02228334463245618,-0.2642642302060503,1
0.3744294849897122,-0.5391274694310644,1
1.550487588738661,1.3217257012338999,1
1.9731445933819676,1.2188226977100092,1
-0.6791889715859771,0.1293355484800164,0
0.15072273868866004,-1.2424162760340531,1
-0.3815628259752224,0.27663250507688136,0
1.2814440171899895,0.9564571407424695,0
1.4000116876547992,1.314006075147538,1
0.4638684196436318,0.10239710892105142,0
1.5494983760398802,1.311612787034474,0
0.599318575879261,-0.6479300351452678,1
-1.7816406779366754,-1.3490400903669737,0
-0.7076156010944267,-0.9805837594770289,0
0.19335685215933673,0.8786214810724867,0
0.4527478525863158,0.7086496325402184,0
0.8932807003661716,0.03886077836997251,1
0.8211409075582979,0.14886146836517433,0
0.5661455010678768,0.2916026853432504,0
1.0865490107047235,0.5719798631196876,1
-0.6536999456410881,-2.057588639226646,1
-0.5918632543034237,-1.7524604186825938,1
0.8132978905659182,0.9411956644135818,0
0.6967525274605993,-0.1551908394552783,1
3.0738830512728166,1.179400302716724,1
1.335074148028884,0.022118213631532924,0
-0.15492456125223164,-1.6126252252715354,1
2.2885383513852307,0.49783580487091,1
0.5964557582740514,-0.2132911148360752,0
1.0228723579372936,-0.413593135511265,1
-0.7952245482314428,-0.4939886743271933,0
0.03722631525900638,0.11522222984138267,0
-0.1912864329159842,0.06951873923101774,0
-0.05673805608753635,-1.791528205482401,1
1.735977734838186,0.38162612482684594,1
2.092789561956001,-0.18004311455388627,1
0.49770465549912923,-0.47099223888374,1
0.4520570901126236,-2.3035887231245074,1
-0.6651591630004303,-0.433768756236346,0
1.255170441723502,2.257118771529488,0
0.9312510129538883,0.038739081680680784,1
0.5651065581379793,-0.3951162333107794,1
1.9305655034179248,0.9621774269894955,1
-0.5281868659784148,0.6364079293538943,0
0.807292327207564,0.19533023763002444,1
2.8898228487021953,3.1447391634139366,0
-0.18693487924222552,-0.6782493220067985,0
0.39988924946826643,-0.735814444877133,0
-0.11692724618768469,-1.6439994350851153,1
0.7795457457864275,-0.5899591857350361,1
2.0316399773946023,0.5948194725017723,1
1.9310403334734199,0.8157833248343029,1
1.1035864092552883,0.6149350410046963,1
-1.047884517367341,-0.2246927771128818,0
-0.33002199093231405,-1.1076943688254515,0
-0.12428527265190006,0.07839866439744728,0
2.0827591058638535,1.801436017820824,0
1.2555900118160257,-0.4209036942428726,1
1.4987865272127248,0.8655358230574565,0
0.47886944073897664,-0.7978356159759633,1
-0.776915208370141,-1.113334503493396,0
1.1986149560217514,1.1445439905326533,1
4.349418732546243,3.1899945401117797,1
0.16182337073753641,1.4781651058850984,0
-0.7563112236597392,0.01300323945250738,0
1.9016300219987976,0.9446488146073231,0
-0.913368709539568,-3.042008178818318,1
-0.12743641849958043,-0.24158308308932602,0
-1.207602107457432,-1.4367517246878683,0
3.5395220967637755,2.2197707515056426,1
-1.4686200115183767,-1.0730646807876203,0
0.5398184726111819,1.1044774947245461,0
1.143793847796612,-0.9796541147083666,1
0.8399955926712213,0.9982011549765795,0
2.4804827745107616,1.6358864496189154,1
2.072612013663202,0.8887411068310029,0
-1.3904355054204804,-0.9775452222844859,0
2.531217131113885,2.2861803882343366,0
-1.28511204913356,0.1951689632948459,0
1.6891484701324742,0.7150794563703027,1
1.1762168184175237,0.1957482913438268,1
-0.07332693024857007,0.603785869157842,0
-0.14489504585912094,-1.923957366524282,1
-0.05847088003103473,-1.0149006370836753,1
0.41083991226844324,0.38972408154384924,0
-0.38861714283566534,-0.32580790964290446,0
1.197245290907343,1.2902795586064895,0
-0.29001988770478054,-0.18291972443356921,0
0.5649784526270227,-1.251739916796932,1
-0.14253438704935362,0.4990973453497206,0
2.05906746679549,1.4400921854971152,1
-1.871042300672537,-1.9378817565096094,0
1.4249648723747117,-1.010173934139766,1
0.022258416175354623,0.7547482815194533,0
2.198614334108283,1.0622302987435273,1
0.014284215082588326,-0.6540133049667816,0
1.2248063953460926,-0.08586682548293155,1
1.3503752327608365,1.3134010659905488,0
0.48641564182454433,-0.6445602780081336,1
2.5478600542151666,0.6751432161868675,1
0.3288981059173175,0.48392638785306497,1
1.5263336524102167,0.23983978438819106,1
-0.7018350582810169,-0.6877155121420595,0
0.36489238213827413,-1.2644302915700152,1
1.6859537591543434,1.2140563066217187,0
0.8880962217910143,0.9835875677753542,0
-1.559150946211159,-0.43960336485312823,0
2.5743578005263115,0.633589697850781,1
-2.9439480788518337,-2.1708593262339386,0
-0.2330387392088606,0.247992576674415,0
2.6321750027787183,1.1132543227623957,1
0.09596981414271477,-0.8322161649120966,1
0.20778840151462774,-0.9467074623868753,1
0.08155984722775078,-1.368532686370748,1
-0.8040871227009173,-0.6611330549850362,0
0.3592991458634407,-0.3689736922200456,1
-0.6015222719534816,-0.18644735481076993,0
1.3215422571457616,0.029027867714020533,0
1.6693008657815909,0.8886720611317201,0
1.3706128800776067,1.7320791930112585,0
-0.3377968073686318,-0.28593022559168974,0
2.1233336397501406,2.577002047301628,0
0.9622739905234412,-0.19133080973842984,0
0.21476576709669237,0.15135633470741872,0
0.16137978915864812,0.8326916208831834,0
0.8741735286699759,0.25365657235540173,1
1.5055487501299152,1.2144240118044949,0
0.16713986201931777,0.023677544947414295,0
-0.9155487610700811,-0.8436814949311314,0
2.6995272206346765,0.714827825633773,1
2.9182164492663594,1.3845737303158732,1
-0.9859940113588433,-0.745700834896882,0
0.5233946421373652,-1.1925088292805404,1
0.5584180174477916,0.9173876807001258,0
3.0318637934957473,2.538534334931654,1
0.37179836672498773,0.3412989282087319,0
0.7788604075411383,-0.8959010733885963,1
-0.12331846656586265,-1.225283730133103,1
0.57343801729807,-0.836457255020892,1
-0.030352299509066816,-1.7401649757099864,1
0.770990845808278,1.3274388689885692,0
-1.1457628066520624,-1.2171533043862255,0
1.8545537646856682,0.46339050375429314,1
-0.35421586222517215,-0.3912342597984602,0
1.0174394390714374,-0.03978954236792895,1
1.5752663459641736,-0.2956699549564062,1
0.7130045093373659,0.7723894076979899,0
0.4217398816689204,-0.13444788648789255,1
0.7941752087759518,-1.0192646232490834,1
-0.6438763885295687,-0.3184502073820204,0
-0.6769645522996094,0.4347320983898789,0
0.08276196986239782,0.7654041419812301,0
-0.7043259977573144,-0.31816306817592055,0
1.8311021408919879,-0.24572534288845568,1
0.9148970118016214,0.1389292703754832,1
1.3238493280134893,-0.12690886977342045,1
1.56232173103102,-0.7426827324229694,1
2.356399589412283,1.3642257579472084,1
-0.08602708138173,0.5312405472640029,0
3.1948134997076196,1.118918625064025,1
1.7908774397126073,0.7725019913187119,1
0.796579039259406,-1.177042552601254,1
-0.8496581640869659,-0.28727173655956956,0
0.07059407008677716,0.5739478705709797,0
-1.1382425761680386,-1.0046999584521574,0
0.6701829709375826,0.18959899359245236,0
0.8932106314939432,-0.434604900411319,1
1.6410052871678684,-0.2155721757271689,1
0.520272863683281,0.3219761507784044,1
-1.4012592999089695,-1.6375037214662598,0
0.6178624933889515,-1.8311318919826676,1
2.052687618077803,1.3099218879162453,0
-1.1232863786876635,-1.5714864637990458,0
1.5365541981315696,-0.3145075999069161,1
-0.7182368532565433,-1.2508307659443565,0
1.471863429880258,0.93647961339793,1
2.197096054454026,-0.38541171998256685,1
1.5099449681875863,0.5219334429654434,1
0.35550660042580307,-0.08306276347710122,1
-0.15462050599858598,0.3782522329649432,0
0.7926222194936835,1.2990682675449077,0
0.7072536015638354,-0.7419757088592589,1
-0.3541491917463282,-0.011309012033204887,0
-0.5265118413745427,-0.5628952132866284,0
1.217534354939711,-0.5479592230307205,1
-0.8122596617241551,0.10331043462823479,0
0.3268085132331272,1.1551485666283778,0
0.22327332775553474,1.017300273714208,0
-0.29958671455427455,-0.03067294203116696,0
0.3200884432568713,1.918975836982187,0
-0.26649097868039745,-0.7374129366780073,0
1.402710801731905,1.2165046992132285,0
-0.8573953358463895,-0.4381477537768444,0
0.8193545034748203,0.5957522796354286,1
0.25592755838315906,-1.0028528790273399,1
2.0268552883730235,0.7965460118196489,1
0.6810597926633469,-0.8559181912570517,1
1.3942166338805388,0.43185470495358175,0
-2.5040553635550804,-2.3590283763679105,0
3.2799152675815355,1.3612867286496138,1
0.4912703792865727,-0.8005215615324194,1
0.32175688984837225,-0.652871942475782,1
-0.44311035751014155,-0.004388162648921716,0
2.5678096816850666,1.1624165496600163,1
0.47794106936333036,0.4561642107571583,0
0.488585925865643,0.09011295206107964,0
-0.7144675640073614,0.10994514249479344,0
2.424063383190866,0.6736213186767207,1
1.661236238316171,0.6329098395585402,1
-0.7021360329038132,-0.9779454874498013,0
1.3317306866565706,0.5026925425810888,0
0.5267511388153561,-0.16799363317910063,0
0.800775973079368,-0.20905800660644655,1
-0.7719671627393152,-1.8241782085015275,1
3.3513976720667564,1.7131655637322716,1
1.1857178337251335,1.2314945376523738,0
0.06259962240836556,0.31416694611626617,0
0.04564114586479048,0.13421497177053507,0
-1.3367571497811592,-0.5548283162354866,0
2.654511962808801,-0.4284914804505594,1
2.4050525493284343,2.379525587818243,1
1.8212540392614094,-0.9615027707841303,1
1.6663995947047663,-0.1717666485685081,1
1.768273163761052,0.1993676067625966,1
1.248226571658478,-0.42190775092307853,1
0.6424990555845969,-0.7621283539066975,1
2.2764367891333093,0.26511850533377923,1
-0.7875450636596881,-1.729348274320019,0
3.8161766935532917,1.9358077259585207,0
0.07196669769679986,-1.9024358396690468,1
1.123909858466098,-0.004912255018528938,1
-1.4831711942247594,-1.1957223000369077,0
0.6407087660692067,0.0002412275438139384,1
1.779610944502344,0.5539105232384361,1
1.403272714986627,0.2979256402950126,0
1.2820835273350597,-0.8420198448646763,1
2.156510060528398,1.2194292691876625,1
2.474007400814097,1.6631007811703908,1
-0.1886756105890407,0.4421229342405347,0
1.5287539459957853,0.8799629363817875,1
-0.930681387022102,-1.136116014966555,0
0.9043482194656174,-0.43471267464153335,1
1.1379118187264956,-0.38340490051886983,1
1.9463303101097789,0.20913181157653635,1
-1.0018083570801701,-2.2516774613270707,1
-0.3786174386231443,-0.7837086995184869,0
1.2698524800588502,-0.40458160106594354,1
-0.1250701771729796,-0.40799143798304155,0
-0.0346603033422477,-0.34345694870457255,0
2.602104974256187,1.7416041394580544,1
1.2521002282794256,0.1342688435909238,1
0.14473601914277112,-2.1950235660813897,1
-0.5995518607378622,-0.8991655211204042,0
0.31547685740677656,1.0093259615269625,0
-0.015318888036304212,-0.18627434508902646,1
1.2467161947145453,0.8625599491146615,1
2.3216094581747573,0.5688943168539654,1
0.2970784397037232,0.19025666472021824,0
1.089913090964337,-0.5664318166882143,1
-0.751329845810775,-1.7049476860029562,0
1.0614474723559848,-0.14902141732790863,1
1.9689621815743612,1.003114102623145,1
1.0445272306606812,1.2070030192106425,0
-1.1406087574337411,-2.062936407470055,1
1.2892393215252818,1.1448181461217712,1
0.8431544237349547,0.8753595347598736,0
-1.0101902140087737,-0.6611034958131612,0
0.8244105738354313,0.6320033063971735,0
-0.29810062824860545,-0.7710516886813199,0
0.8714566666672596,0.9383168513442749,0
-1.2236327721825142,-1.7483983594808554,0
0.5682546763074714,1.3182796572099258,0
0.8510414221600603,0.8889420492341225,0
0.3440234648285817,-1.0737350420817517,1
0.21800752038548332,-0.5207559000981816,0
0.8770442463452254,0.41316628693068363,0
0.18090836162211388,-1.2274059157153885,1
1.0901852261309037,-0.6791669909635729,1
0.5400379813591398,-0.971556103255113,1
1.0563673682325259,1.3453894529449366,0
-0.04215298878949447,-1.7042023639924921,1
0.16906214023256466,1.1116776894453668,0
2.735053125735949,2.589527721408437,0
-0.7700982484701344,-0.9799602551954125,0
-0.9295873804903219,0.09587319352095178,0
1.8176691475853435,0.9127130883805123,1
0.12308814695680192,-0.7105296166246737,1
1.2233941719172958,-0.6621991530389145,1
1.75241548302663,1.0322420729065631,0
2.417943579792421,1.4075331105386844,1
0.6500355495476733,0.5816780010792604,0
1.8745843520485255,1.2851573376220706,1
1.077307336412931,-0.8416434247021068,1
-0.8220177381728545,-1.7888348096909064,0
-0.47014248311785645,-1.397071273683192,1
-0.6427207380840633,-0.5563667137832238,0
1.1564084188194736,0.5071771663747205,1
0.5089670339699675,-0.11991537346767392,1
0.957812093129644,0.3013006129098777,0
0.2656478858655115,-0.4338634986959493,0
0.04617693948852919,-1.4674439555761738,1
1.1269434234004259,-0.9225691037707487,1
1.4634535141416392,0.08512644189042297,1
-0.7042379767775714,-1.181592569612955,0
1.7358888982327694,-0.46434025485563996,1
0.4117152559857593,-0.9398302312277658,1
1.594594539442837,0.9984391940446709,0
0.6093493366529152,0.12481600410602132,0
-0.9331221054085865,-0.43530491399910043,0
2.1345471615281877,0.42897940942361884,1
2.4488387225756343,1.6709052501958033,1
-0.2750087925275967,-0.2993109810748514,0
-0.2956743463388389,-0.6119646433612292,0
-0.5009256593031934,-0.5993610840179866,0
1.7688185216498875,2.1542721870455366,0
2.1572531589542194,0.3867689551376283,1
0.5921385603700795,1.0463485808149617,0
-2.3313379757231885,-1.797139180839488,0
0.48034053364838003,-0.7742707494808531,1
-0.5580171567157797,-0.7075823844992313,0
0.7352036409621433,1.6039215374496982,0
0.5403665216079827,-0.254800623628157,0
-0.0335287623829672,-1.6989070549978924,1
-0.2537918601498106,-1.1469271291380694,1
2.215538735256085,0.4615295056559443,1
1.6502657824638975,1.6866295155589832,0
-0.3315859778829867,-0.3674317302622972,0
-1.4495933349399828,-1.4667134965167479,0
1.1134150160959861,-0.06163243470533998,1
2.789068925410271,0.467708186042853,1
1.0040029888560917,-0.0769127233019949,1
0.1198672656552723,-0.29375647848706965,0
0.982150664833916,-0.06371838431003492,0
0.06205864658826149,0.3972354148501851,0
0.5425482329711986,0.08463881432124672,0
2.278916037866154,-0.0010463769986334005,1
1.2791690996685117,1.6611314169791187,0
2.2504016459006397,1.4851861366101156,1
2.510700561747228,0.8366681479639072,1
-0.6325895495802774,-1.4284034363010862,1
-0.705447652218946,-0.8276099445026931,0
0.000698906466422219,1.0440698890929658,0
1.5504965088102418,0.09183826496539078,1
1.948331462002621,0.0770223396435957,1
1.5939209852942073,0.23234725954762075,1
1.3313933787708367,1.0293298521204843,0
0.28170910697350665,0.7792528510524368,0
1.715380787322995,0.4750696903588073,1
0.06508196238000055,0.506890838381072,0
1.0264063409122965,0.6383598803336497,0
0.3130209019464366,-0.9067619021885688,1
0.4185683378156131,0.030611150528734383,1
1.7469936585505113,0.34030267848688933,1
2.381527289024301,1.5010972738375,1
0.878390652878348,-0.5111752821074085,1
-1.577670725735851,-1.7500455966227326,0
0.7062426621303669,0.55150233880249,0
0.3628172122685621,-0.5375270950599325,1
-0.43254918545116383,-0.7520897719584012,0
-0.40825690930611325,0.38632841963518694,0
1.6146595653841758,0.5428895774634945,0
1.7385766508531977,1.8991597900773658,0
-0.545003815222539,-0.6221400800869898,0
1.2240425056842081,-0.6046894179111546,1
2.0926793723059087,1.8008378415001012,1
0.9979576712696133,0.8050670332955926,0
1.3614490927612934,-0.34268923930092393,1
-1.2154215802125838,-1.06527191268903,0
1.248173365867325,-0.5626839299549632,1
0.1098772173134328,-1.161473704790329,1
-2.080923268450742,-2.6858856016431685,0
2.0752667565033995,0.4109558401444346,0
0.9831811241047117,-0.017784691903486537,1
1.9998029149506271,0.1457906827027733,1
1.694980850856852,2.1292110710852605,0
-0.1579349366550158,0.18175764526223714,1
0.5048549567442724,0.46941331866934427,0
-0.3936714776178847,1.4176893806518245,0
-0.06064173126679228,-0.46526840747413584,0
-2.574182302916914,-2.9279663359234585,0
0.14738517357692274,-0.42818471748362313,0
-0.5750903200869969,-0.39832866694251867,0
2.2968236581161876,1.4565066034799217,1
-0.98133903024731,-2.3092144966101684,1
-0.5088353338632499,-1.0218975548338203,0
-0.9131232299873604,-1.2496879981118971,0
-0.6914222503320323,-0.9788922201312785,0
0.023896120566398095,0.2737384456696604,0
1.739178305411526,0.5971516712479396,1
0.6468426862603199,-0.028945627013739112,1
2.1446810659796083,0.8677620382966039,1
1.434433936260446,0.97816767996166,0
-0.8093524340755964,-1.5772977460940354,0
1.2749568062259584,0.8076013692756745,1
2.21324413875883,1.1901008445931909,1
0.7495802907054295,0.2010079665694118,1
0.9338670048885076,0.8116992848613096,0
0.310413298623104,0.011795848786822629,0
-0.37341141113287524,-1.2283864882024438,1
0.42021820890521744,-0.2350544139446689,0
-0.38788802446037063,-0.6379600367488936,1
1.350637999776899,1.3870457169188555,0
1.3975883581751027,0.31550935361278465,1
1.6885491040980076,0.1684836187893581,0
2.5096054818255533,1.0721106191302738,1
0.6109427703809808,-0.054941795882607364,1
-1.1915073408549361,-0.7501417599652935,0
-1.5362386796373426,-1.5209838984957957,0
-0.8822094538920859,-1.8885285095430269,1
0.12160665121908668,0.4349920667031379,0
-2.4877915039212244,-1.9552028940184623,0
0.3641721645209709,0.29321089493293023,0
0.1051718823599519,-0.6440453665470699,1
1.4236837013266421,0.9558883308559205,0
-0.24718329841446368,0.2320889024254526,0
0.003539553689590603,-0.11243453518509902,0
0.7748980885018614,0.5518038495180148,0
-0.4854028178024603,-0.8104994610100916,1
-0.52585506118738,-1.3838256234732667,1
0.8256728348432317,-1.0958500062808723,1
1.029943835208185,1.3739234343044096,0
0.7368038193798468,1.0312685277986129,0
1.0109286818535026,-1.5649816515586044,1
-0.21354187857623247,-1.8303460116897987,0
1.0287281978405773,-0.43418160341646694,1
-0.1007051878837153,0.05197898580715523,1
2.9867685680165934,1.4115428083576032,1
0.46666616440451564,0.8910821636660207,0
-1.685708277327178,-1.7481390056749877,0
-0.09011701334191204,0.3331776872001829,0
0.24561625763637704,-0.5801094567223134,0
1.3600137658078681,-0.16218355590799938,1
0.8735727884728749,-0.32400826761083173,1
-0.6853243260579766,-0.23108069756080152,0
0.08641283295619973,-1.0637609801564842,1
1.7897069852466192,0.31985410282815846,1
-0.45379498204089497,-0.4158805300740098,0
-1.3715906045692239,-1.3929798485718978,0
-1.1815639509884204,-0.7083062636043005,0
1.2039615115857198,-1.2302704757736753,1
1.06454795001508,-0.046153485848254544,1
-0.10262542095681111,-0.4137130736745931,0
1.3626675832906932,0.015425131350597901,1
-0.41198115490693354,-0.32133558743391,0
-0.7958768796149734,-0.844998965699901,0
0.9138982694351074,0.29272012393505215,1
2.0808661432464053,-0.4011471275714049,1
2.3040398608947443,0.040093201175730155,1
0.06999100367952252,-0.8250260772989569,0
0.014485264886509698,0.28770227836166584,0
0.9590855159511401,0.3617589291501338,0
-0.6376739398218507,-0.742035511001942,0
0.21664738812711942,0.6354764905444467,0
1.4231767687602301,-0.37276605761439374,1
0.3370601372237091,0.3217745797039127,0
0.06316028617797828,-0.5491155985380134,0
-0.4491259661757243,-0.7023343629883074,1
2.222049384052555,1.2697332946622177,0
2.451552843342891,0.6268779537728992,1
-0.5494247726292556,-0.02550436782383833,0
0.4031245849317549,-0.5191662682606251,0
0.30197799847696827,1.0904324665333531,0
-0.6965802983950886,-0.8574362430531948,0
1.284182253604539,0.5297605746723602,0
-0.7062025012275978,0.0470663944502719,0
2.142086466445632,0.5821288223838343,1
0.29158875197889944,0.1989485414057668,1
-0.2680892167514939,-0.5830867228752016,1
-1.473760142188113,-1.5206482792697222,0
-0.16906531459477478,-0.697470471714454,0
0.6090478390096598,-0.18785658099499164,1
0.37335466384020854,-0.7323904801642913,0
-0.6911602927098836,-0.7260184952448046,0
0.6721904568346843,0.6616587820033343,0
0.1516010886780011,-0.018803294512017153,0
-0.20596451244836306,-1.6650686587135353,0
0.23255029973295555,-0.09958635541979165,0
-0.6094287436732151,-0.5442349665816606,0
2.49448913575347,1.7115074913565702,1
1.8357635685728948,0.1916640573320006,1
3.4346585570307147,1.019820299183734,1
1.3672851008586195,0.6866345354843654,1
0.047871957487755745,0.7100489771031764,0
0.04413993058783918,-0.795712798816116,0
0.7626727354636669,0.7028831950169722,0
1.3545767614399913,0.15476654895079445,1
2.270811512041946,1.3876405745737521,1
2.5875985608674474,0.20840092196566515,1
-1.0023727031978944,-0.4356732949128844,0
3.03978185477056,1.8647030968572327,1
-0.45096369812776277,0.19302664009307297,0
0.08941997081129771,-0.21259609152667225,1
-1.8377145902395768,-0.8933121931876831,0
0.09199601323881512,-0.10634751513354912,1
-0.11595185646374195,0.10933427763380434,0
-0.20072820194439495,-0.37155653989747456,0
0.5796625722218416,-0.48619435588045085,0
-0.3194413498804612,-0.7724429200814533,0
0.3468790734400562,-1.3283560639004464,1
-1.0414933261789219,-1.237497330679024,0
1.0226629121496795,-0.40027186098374234,1
1.5574318145583872,0.2952609483554312,1
1.7528341069078013,0.9164242159739304,1
1.0327765533693405,0.2947989413080528,1
1.5435746594433202,0.8866880233992481,1
-0.015472907102122747,0.8678104706712375,0
-0.9457548865505363,-0.06309984360219804,0
-2.42985021931678,-2.408175136007251,0
0.35806646724825014,0.8373554491796389,0
1.8943105431267382,1.282963799785376,1
1.178290923572305,-0.007383357236775923,1
-0.12521221876335775,-0.4121726029303127,1
-1.7772320986290848,-2.379296293865747,0
1.2085364532998775,1.139299895314156,0
-0.9966559497521906,-1.452482389864688,0
2.150875661862319,0.28937334827269506,1
1.0764816094365524,0.9430944721965315,0
0.9837266873464142,2.165250506294898,0
0.8440774443012171,-0.7464712070156152,1
0.6673413214845753,1.2017047431788765,0
-1.270162091418258,-1.5318490989951872,0
0.6316384461636555,-0.10646860561777975,1
0.11034842854638284,0.4056466226434137,0
0.1443646309049503,-0.1872835726083155,0
1.5991330885625628,0.42021922623706104,1
-0.6566325702620786,0.45124785845385323,0
1.5778383676932037,0.6425010417315349,1
0.6970334546476756,0.4435165621904824,0
1.0595170230315596,1.4949580012999566,0
0.9324682829763709,0.05933043110327078,1
0.6615296728345749,-0.9743599126587789,1
0.6635741396973254,-0.012625012862428356,0
1.331896963321102,0.12423806608324013,1
0.8353790979592718,-0.14775536348279103,0
0.9762048545089915,0.9564179920211003,0
1.0783928561551641,-0.2008776560526402,1
1.0733346260938066,-0.4294157723926329,1
2.8514026612398595,1.9772111539923305,1
0.2847872584828681,0.2774759609795133,1
0.39536744062867524,-0.36059431291126154,1
0.17075159467025536,-2.177720644920493,1
0.5427236795471745,0.7221867619660789,0
-1.3699805630146853,-0.5647106165361359,0
1.6951325760535356,0.5071104606783357,1
0.5426974127513143,0.08627033794496057,0
-0.10625194247567052,-0.5042765423215342,0
0.2650760123503874,0.20401672496169085,0
-0.3205466585701955,-1.4081546191337009,0
0.7825072420842825,-0.6712283092790202,1
0.3955470382941873,0.7905845471687571,0
2.9511516087809104,1.5854356440336592,1
0.48767816190351393,0.6651779293426074,0
0.17687298606485413,-1.142976914862083,1
1.5108493525450997,0.5790475069130375,1
-1.6451333862191386,-1.138007420569528,0
1.1866331102523777,0.19370998889729604,1
0.7293627437361542,1.4031132018281454,0
2.572516914507111,1.482821110846716,1
1.5931839731086368,0.8596564720539456,0
-0.35910160159364923,-1.7172841439747248,1
2.2634595216560562,0.47823571847577256,1
0.1216786717071671,0.17313034185101633,0
0.5714024877701414,-0.21121197175605055,1
0.6623031891542241,-0.8853756782238786,1
3.1053303922024336,1.7496517510603744,1
-0.19573413742962065,-0.7931588029277666,1
-0.04124726898279474,-0.989231215111415,1
0.9987034642347937,0.30912863512715316,1
-1.5557560179371448,-2.332445082421177,0
-2.2143334312692065,-2.0627310080438175,0
-0.38678608438834516,-0.028657833068907405,0
0.9705343162671266,1.220661885687426,0
-0.9523819833877685,-1.2665673014916818,0
0.6986228707563795,-0.6408530988467736,0
2.7892308554722742,1.094381676412766,1
0.406362043066978,0.37401032438249826,1
1.4722009822908293,0.6642565420230477,0
-1.6587070660364025,-2.6310656333869504,0
-0.2227968769614813,-0.11448080610060274,0
-0.1597272233779225,1.687878105709277,0
0.477517028706553,0.06789198607835766,1
-0.41815644475327374,0.017906378724663687,1
1.512966692527219,0.1386798636466698,1
2.405473921650721,0.9867507599846952,0
0.19812664079218822,-1.8099859063994084,1
0.8613346458613627,0.014498985811914307,1
1.2044535126438427,0.9473582468707411,0
1.0652227777221204,-0.49384141212729454,1
1.8323019588839444,1.3212733401404781,1
1.0792812725749936,-0.6392573225849143,1
0.568265574576912,0.2641076798292649,0
1.144197394824278,-0.07421786321723388,1
-0.8719839164099297,-0.19292322545391624,0
1.9625694631068462,0.13339963345419797,1
-0.15404928194083273,-1.0474613133729462,0
-0.8249575341601956,-0.8455035705356321,0
0.8878919229014134,-0.3366560025110113,1
-0.6764654539125703,-0.5646021203551711,0
-0.1208640375179808,-1.1875488888895096,1
1.5290015875677783,0.29988055663958146,1
1.018857741142857,0.2984818864156267,1
2.5653205631469413,0.7701253849348503,1
-0.7894860698240891,-0.08294020752123347,0
3.49930531531525,1.8748610376034833,1
0.2372888943616745,0.4216404043797214,0
-0.18220468240936627,-1.1937265916263513,0
0.5327430240502594,0.19149748218302515,1
0.951150398334976,-0.9498265273740489,1
0.5335030240359724,-0.11774462638955131,0
1.8678940890999964,0.46426850197396985,1
1.6299560393679502,1.348929647940921,0
-0.36012149443980146,-1.9126674830438908,1
2.066853433026941,1.070500608350556,1
1.5863059182491486,1.4483316852343187,0
-0.869549152494128,0.15010174709556395,0
-1.349690089474649,-1.6516484768433755,0
1.3025190857907945,-0.03781276821469146,1
0.16596452283140997,0.27348358018635355,0
2.9975785380808806,0.7040741616163038,1
0.21368213382030155,0.48061357161916435,0
-0.9865151797494405,-1.2029510632738893,0
0.9606086710744209,0.4255542183038206,1
1.1138443056709753,-0.6559304458885723,1
1.5553733206724965,2.100390901842391,0
2.3715228548099008,1.4680247429605393,1
0.22056972876276393,0.6639412610475746,0
0.4426580514506908,-0.2516027428536266,1
1.950615749458101,0.019260202380898095,1
-0.6885498378610909,-1.0847294669106875,0
-1.6894416814668978,-0.871339347378936,0
1.2646822078959843,-0.09880357782641147,1
0.36063872980631423,1.5388766738771587,0
0.4687238489302835,0.14412272032677137,1
0.19491141702743933,0.5707396941967354,0
2.3754671149987505,1.4441473202815311,1
-0.15752402349680306,-0.2720608210753095,0
-0.9046065660505413,0.08594078288401685,0
-0.33760483593426743,-0.719598283218544,0
0.3445282277379122,0.49381193182170324,0
0.34280741446275087,-0.5988490482624984,1
-1.2867746731919518,-1.7988307626225,0
0.5385695785340693,-1.502486481023965,1
0.5829214636745548,-0.19060017325328987,1
-0.6365893312065074,-1.4778917842037775,0
1.230431733264441,0.2302429900734105,0
1.0844080510947915,-0.2636002124119263,1
-1.02368220885693,-1.5126185142709765,0
2.8869622156253603,0.7662031783510227,1
1.0007345761503035,0.6250266044041246,0
-0.698718245528214,-0.7193308974015548,0
0.127393759201989,-0.28155346710171836,0
-1.4957871460151926,-1.4082096738212007,0
0.5511865459179316,-0.055481616481581814,1
2.5194298068212975,1.0875536726933068,1
1.1377160646788052,0.24870015892506211,1
-0.7007510613492222,-0.9912842874676723,0
-0.43735931831991426,-0.33166010706685195,0
0.5960306581509346,0.30363436187116444,0
0.7244439015512393,1.025886034406886,0
-2.4949661789301736,-1.4655754747230416,0
0.7972732646885493,-0.5339616965969598,1
1.3350051606950848,0.24097436052746163,0
-1.8700354262650736,-0.8732299060719556,0
1.450518362743089,-0.29590478935595244,1
0.9962315494560151,-0.9627459441406873,0
1.0411667964346605,0.6769617570707916,1
2.767069620915584,0.7202634877722629,1
0.5444052762568785,-0.8470370955761376,1
0.47721665503753863,0.3111419500284312,1
-0.06159294166799075,-0.8793359667616708,0
0.6881824135394793,0.04570445996475483,0
0.9175742175704685,2.2393505847484096,0
3.8455831568112515,0.7529386959628659,1
-1.5639524166269796,-1.1316884238589446,0
0.15126945160259586,0.9518478093054298,0
0.34752499538189585,-0.682384712531572,1
2.4640262608416412,0.871927716623851,1
0.6549952311862725,0.8685331553900076,0
1.037939892965349,-0.9345341836123338,1
-0.31003389248603763,-0.43152601587773837,0
1.3504296647776461,-0.9850557250853462,1
0.5909154987415259,0.09378688152267436,1
0.27301118439825994,0.7694135249130397,0
1.581796325611418,0.29619383207033506,1
1.4479676698749402,0.08793328020139195,1
-0.11256307548375741,0.07036815944293645,0
-0.10756833862420923,-0.7298171360316216,1
-1.5211480036044882,-1.4616987781835873,0
2.4358890793024295,0.5367386357733349,1
-0.23773746646392874,0.029694338175445062,0
-0.8262442656076279,0.922298999158946,0
1.2038219228323837,1.2183695913128751,1
0.8773807273087373,-0.9566980274478366,1
2.724744575827727,1.5651486514214112,1
-1.2347958959791832,-1.2846889343856152,0
2.0183864899543362,0.9737609574312845,1
2.3225299817449123,0.7151871855107281,1
0.9733039186507202,0.07756583261457832,1
0.7377978036065769,0.17848220519832483,1
-0.3573720629148225,-2.150272756864041,1
0.2883309023544357,-0.9041765619239533,1
1.789481968807345,0.9813116186659262,1
-0.6824962662817475,-0.9122470409181545,0
0.827822915405213,0.9383798244684461,1
-2.019992886159475,-1.8695710085395874,0
-1.4639902592576688,-0.8686162009818995,0
-0.03984579097410966,0.3577713692051225,0
-0.42302400000323026,-0.11183427559263506,0
0.8476603004227947,0.4017647019658434,1
2.012958368221221,-0.01651172457402906,1
3.258869486077362,1.8774171623698481,1
1.0146983473781108,-0.5877941592289118,1
0.43681168984019014,-0.6093165725146132,1
0.3851711095656404,-1.0319450005356023,1
1.796183307741312,0.44970391386431224,1
1.902280921512928,-0.10304761950831844,1
-1.0948136003070368,-1.4548257503053115,0
-1.0642854021706707,-0.8576467317591857,0
-1.5938087647568953,-1.163451369043065,0
0.9430027448690373,0.00391162374049729,0
-0.15790003475899902,-0.8856854674596559,0
0.5359767136323249,-1.1126634813059104,1
3.1861834368237956,2.241065033319405,1
2.339679123389619,1.4599534402358902,1
0.23021733573133338,1.1871456474597353,0
-1.1535012459686211,-0.6767321596312834,0
-0.517744237653776,-1.7203874218902966,1
-0.41899887280901293,-0.2445721835306915,0
1.076363116851652,-1.2632881219726757,1
0.016423237908415933,-0.9732993565493662,1
0.5207953482123923,-1.8468594678279342,1
2.3150277852239687,1.5584031371129927,1
2.7455136557768034,0.3738152779539249,1
3.4567295478844606,2.186323476717576,1
-0.32344465770741354,-0.7045116725915777,0
1.9837990116104098,0.39068391387419693,1
1.1367352448855712,-0.6357482314959695,1
2.3836971668663933,1.320316861498378,1
1.7624004204223986,8.060053905485469e-06,1
1.3681244090002744,0.015270245903027637,1
1.225668863133563,1.5386486321026898,0
0.36355277810083836,0.135071625374242,0
0.4595214764397349,0.30389507704338176,0
1.936405308033617,0.38173176638909523,1
0.3537044851802394,0.8661544614032733,0
-0.13927297923861423,0.5018964165431253,0
-1.6726107196426119,-1.681359666480485,0
0.19028812431025144,-0.3356773205978743,1
0.6803590001887543,-1.0332178203037392,0
2.732171048699317,1.7851363717826165,1
-0.7731190570734723,-1.6284213481939904,1
0.6369504219802272,0.2318786102003435,0
0.8632034947560879,0.4595855326844162,0
1.047991467531697,-0.37661796527233987,1
1.1121517450465412,1.2837037978804358,0
-0.7804169168454925,-0.9636138936292643,0
1.0627854084836919,-0.7721982254731641,1
0.41488487842685406,-0.9185119542021122,1
0.08984588343880628,-0.42859015798385536,1
0.3716155726636119,0.7931400197047181,0
0.9763971726575906,0.30131058844921693,0
0.7744422476022972,-0.7763288430711173,1
0.5593754009943923,-0.4296401055783242,1
-0.35406020681225125,-0.5903488426849309,0
-0.7146193986760422,-0.9362744319267132,0
1.2901409673655206,0.7811762917998342,1
-0.4138803240921048,-0.09550357387558908,0
-1.3857420358675452,-2.207032056098344,0
-0.6055475479514206,0.23256170266223097,0
0.6219381121635903,-1.7405302047206652,1
-0.5432411232943705,-1.0134537386010651,0
0.6541228799423758,-0.2434215350013987,0
-1.204794328435123,-0.8604123091331669,0
0.6768106191603537,-0.6408519442375423,1
1.30300049897715,0.8122325697286542,1
-0.2838035715120776,0.35068051751303925,0
0.7144892970826944,0.3747867092418636,1
0.896093571941146,-0.20964058558129625,1
2.3592770736148525,0.9297636567278791,1
-0.8694875294508493,-0.8924699165040169,0
0.46895987272286144,-1.7234794469930184,1
-0.7943595887906139,-0.779849707218096,0
0.5086874674158488,1.1363899679257103,0
0.31258231487269655,0.04796424102306432,0
0.2786697242256751,-0.441293798059808,0
2.6862754321018247,1.210924561814662,1
0.2658131129461093,-0.11165707525433433,0
-1.1404971597271136,-0.9054697758128925,0
1.5200000799324505,-0.040874444677217556,1
0.24291665712655752,0.46084651575368696,0
0.08034001272825542,-0.46547979828493097,1
0.9541854941579889,-0.056947911470375666,0
1.81774522790737,0.5652557429332159,1
0.8346433701689067,0.18608674511775192,1
-0.26937479820980004,-1.2190212049063087,1
-0.2696284582987624,-0.12739000048916038,0
0.08944568780969164,-0.2834231880456671,1
4.017613787734569,1.561487677232885,1
0.4959497087128025,-0.8695480074638249,0
-0.7180899233748845,-1.700030930098332,0
-0.028725663243263505,0.4129250950620233,0
-0.5468406362766602,0.25697668786570566,0
-0.2310890827149328,-0.5086984005309487,0
1.1933884496702902,1.2241287510349859,0
1.3593103729654694,0.8157020575333365,1
-2.0120615902193544,-0.8757337856364932,0
2.2918891848692784,1.1735110515201455,1
2.031882155538273,0.23445398071649792,1
-1.3387632523221729,-0.5578135585224512,0
1.1607802680662573,0.19059028065378217,0
0.6198791775098832,1.0234705446684977,0
0.7507659320486639,-0.18441023346013646,1
0.5174928631320973,-0.3359757563671849,0
-1.6443247662929128,-1.0521799702585268,0
1.013607935417441,-0.37284999560300097,1
0.11457514061273119,0.5308736243244488,0
0.6236594155357444,-0.6114064983986388,1
-1.250311275347697,-0.40476900754814216,0
0.4740289567224939,0.7924387425935442,0
-0.7090094500364679,-0.9347959687842542,0
0.9718672139942867,2.3243618428098562,0
1.2426941817674222,1.1807790159673688,0
0.5419541439399335,-0.46460299360300855,1
0.4628725026880447,-1.2781414631981816,1
0.9045701279724098,-0.04674527678035205,1
-0.43713564037127295,-1.3782777282249288,1
1.0526670044877946,-0.20311390137835472,1
1.7776986518199172,-0.015603982212654568,1
1.5089322898048494,0.6566009742207952,1
1.9478341611505559,1.4732366575205507,0
1.6799483697357322,0.8865045521667447,1
-0.6840242488171491,-1.471465743178942,1
-0.7722186634125846,-0.681142095982996,0
0.17367195181362982,0.17645687213119926,0
-0.21170090750556966,0.33326673201672097,0
0.38638629076448955,0.2579561740679156,0
3.046602984655935,1.362136452716851,1
-0.9214512783693063,-0.43500207664899837,0
0.7083918384990403,-0.23160395703008754,0
-0.9801070268817162,0.5727869585428358,0
0.4889728149303778,-0.7265685851491337,1
-0.814398742807589,-0.33459754393089863,0
-0.12349476727329071,-0.3711395351958692,0
0.6028121978560899,0.1970240407292351,0
-0.8611512684301921,-0.3539618127617294,0
2.311748220043416,1.4186705934360677,1
0.09922340273730579,0.17472707206741953,0
-0.009659866508018306,0.05602893387577076,0
0.21651664904163648,-0.8101816527137887,1
0.6260295614605658,-0.804657657362048,1
0.9906939483833085,0.7408895929913667,1
3.3999611265371015,2.5568472903118464,0
1.4820998356287882,0.8308072353665743,1
-1.203474383147393,-1.2772526677988276,0
1.2587888261654632,1.1694180440461048,0
0.4410674299446661,0.23001467718340698,1
2.9224236619220907,1.32038148361896,1
0.22694308615558997,0.5630401233784839,0
-0.20435987068142714,-1.5781890606304632,1
1.679338266607501,0.23316397471356112,1
1.8816409203437756,0.7517011074819648,0
-0.13390992460984777,-0.7279556332037183,0
-0.8902124200222329,-1.0726833443266686,0
0.7359428223384389,-0.35127680612783385,1
1.0475781175431957,0.027807793140530574,1
-0.7995766052665954,-0.1917607255258937,0
-0.4106993054752596,0.3837124977646998,0
2.1691827864242446,0.6043672471267506,1
0.7925186738767869,-1.0645017293991748,1
-1.610348409328946,-0.32547407181849625,0
0.10696691211736398,-1.1190984724837818,1
-0.2283751559687086,-1.5127269174072024,1
-0.12250375704446448,-1.255588211060846,1
-0.26191868510231925,-0.06418878042360718,0
1.6142980309253254,0.20972464095180796,1
-0.14005891810857618,0.5762625423588759,0
0.5237520535359347,-0.02059451802832286,1
1.2891888050047922,1.2826709459467678,1
-1.0045343110900666,-0.09728812917256853,0
-0.2891014722595575,-1.9487426365604268,1
1.1496101646301227,0.4929096871781062,1
-1.2256628970607388,-0.7912032966850361,0
-0.3742553327426762,-0.7690589024012771,0
1.0699631755251748,-0.5870979523017739,1
-0.14190427767433533,-2.06513491184404,1
1.118640001151595,-0.10939377434624475,1
1.0768331909247872,0.017433207304806374,1
-1.1141233137495512,0.5198622790611049,0
1.0324615059652151,1.8122349790125882,0
0.5121855868487055,0.8942176384800283,0
-0.0744810884840383,0.6835403262175119,0
-1.5099840941378164,-1.1769401491259817,0
0.4884257792988512,1.306079844245383,0
-0.025214750251941278,-0.29669346006225705,0
2.002339413302116,1.269832901496222,1
-0.21974834411857636,-3.229609212512094,1
-1.0729139280988453,-2.6961064703294624,1
1.6557690836291508,-0.6336490162216779,1
0.4614627478546105,-0.1609569439724087,1
1.7067451158855118,0.7015516390863813,1
1.253685891780671,2.705164203829163,0
1.1711937010987161,-0.34015813286709945,1
-0.3008571408042363,-0.6639470994594473,0
2.4406803184347066,0.6048273888030816,1
-0.47373653860083564,-1.9058671951512054,1
0.7908574079615119,0.36299907968787715,1
1.8457258822023226,-0.03674792577945618,1
0.3529086558201969,-1.1352103139394798,1
0.4596994374458432,-0.11418260696280166,1
0.7355731701805712,0.29609135818888277,1
0.6749845607233765,-0.15050240821933833,1
0.9253673996084535,1.0305296400957995,1
1.5105959883520175,1.133305561474284,1
-0.1197313652033646,-0.410070714178738,0
-0.18345914974894587,-0.7163739598205054,0
0.05720227378989018,-0.2389738835531079,0
-0.14836847000330322,-1.8390716002312066,0
3.254881718594069,1.882933726716505,1
1.151974459295509,-0.35942280773442525,1
-0.9794609847349408,-2.0027659547778702,0
1.3121005423790923,0.05215656059803424,1
-1.2508367525045603,-0.6559930672967065,0
-0.8249687096715358,-1.574363093624587,0
2.311555265626213,-0.25020395470892254,1
0.49210655474469656,-0.8010974853954909,1
1.1801974129142765,-0.5617445188182184,1
-1.867684909592979,-1.2791914059659748,0
3.8408874732302785,1.5644261554526178,1
-2.590717581984206,-1.1660441261691854,0
0.47597976632720174,-0.33145656707834575,0
1.4676180339419822,0.8518247951518974,1
3.0009570145434656,1.3755258022074917,1
2.1246109831203976,1.3164976558922026,1
1.13748809413278,-0.03461303695531504,1
-0.34208945152301856,-0.48158944457246167,0
-1.10012717822521,-0.9446405944312741,0
0.04893592887128234,-0.05053477795326806,0
-0.9342671010159421,0.008714622560259521,0
-0.023446068723766544,-0.6046637292556117,0
-0.24172124117021854,-1.5455233115141402,1
2.049422716593222,1.280083616840842,1
0.7174179334836681,-1.3940553891956586,1
-0.22578208657183443,0.37839778707031996,0
1.599621977959609,-0.008727109324159127,1
2.1462196641745104,0.9123772892217045,1
1.064681311169013,-1.0529493098672396,1
0.45210203791949943,-1.0949496800703613,1
1.1100452894566504,0.5390646112155053,0
0.22150025681921348,0.08592417688326527,0
-1.3528622437799862,-1.2058149924547967,0
0.5689943075280427,-0.6926237798206443,1
-0.8918813850823695,-2.6681872690612285,1
1.4117048134309342,0.4980646622184579,1
0.9392471823528618,0.7114896378590895,0
0.03179202481016109,-0.22389587617544895,0
2.5384164632100727,1.78123410426821,0
0.24569271686575908,0.7463863785402239,0
1.3817510745098078,1.7057971246338364,1
0.7825922710739414,-0.5631951554507847,1
0.8933299959299764,-0.028377561489980323,0
-0.7470260614651817,-0.3667825428504179,0
1.551143375079063,1.0587456120377687,0
-1.53205868087282,-1.47389061557221,0
2.056822515424271,1.6364201014292106,0
0.17046679898051886,-1.924861626037418,1
0.182919940266372,-0.9405148206777152,0
1.8169945713688076,1.6756204821850273,0
2.587195377295588,0.9389740864254216,1
1.761973787263889,2.214096220691269,1
-0.7581429429605706,-0.8415090222488937,0
2.2871791773137993,-0.1501599430454406,1
1.872478186579249,-0.14313925319793844,1
0.050534426985273675,-0.7003250575710064,0
0.6203122509147723,-0.7901372427977964,1
-0.5421722215404943,-1.5158875054181347,0
1.3617953269918226,0.013214790544120905,1
1.2183847890557986,0.5080200001658355,1
-0.23893771899802943,-0.5552595615740427,0
-0.16656065215338708,0.08085979267208887,0
-0.4888005210948878,-1.773072525189942,1
-0.5791144220772836,-0.2026922071619193,0
0.041951898849200614,1.5046058861521798,0
0.47241335604501344,-1.604169556534573,1
1.40923968373363,0.2984291634095551,0
0.032257541963031613,0.5416511159131234,0
1.2507779784704165,-0.07986874831528716,1
0.40796478434987027,0.2180081660546459,1
1.350382815871452,0.30015746156440054,1
-1.0404177388921954,-0.24776082898001586,0
-0.2316920252166213,-0.5061726032912525,0
-1.2479730976669943,-0.6862574044812418,0
-0.22054875025155687,-0.3152450402014591,0
2.786643030655542,-0.46986766391886464,1
2.600743534919088,0.6131180746154851,1
1.3689247814523726,-0.4352760195442922,1
0.47353315573295657,-0.537223117360553,0
-0.2007926092616259,-0.2628929373277001,0
-0.5185502971046998,-0.008072442915177162,1
0.699102261999959,1.6279347568644897,0
0.10971872094934465,-0.4631492656572518,0
-0.9958112913828748,-1.0256145475005622,0
1.6627133340653264,-0.28470582053497884,1
1.933804065895306,1.1815224068081582,1
2.4539180518434,0.48322714100597197,1
-1.1949200572935925,-1.5541608818351056,0
2.6786340333792227,3.2647775831622328,0
2.1851507813325055,-0.10061559622476107,1
0.4939350208559779,0.5535169510591089,0
1.3358396161831945,1.3421304687896187,0
1.3178870765071256,-0.7539375254310073,1
-0.36650511964983523,-1.5178193907395707,1
2.2585873354518333,1.2054377812537365,1
0.0034879742972224737,-1.1417090522500333,1
-0.14897035829292465,0.431966636149301,0
3.0152019802613044,0.6010625503649296,1
1.9127575275544966,-0.4841822222746331,1
1.187171734870368,1.0210415008435234,0
-0.4997322296872488,-0.749916937517766,0
0.29134395285365566,1.087927020886712,1
1.3494264455117393,-1.1641574807766066,1
-1.4721506408166107,-0.8522381594892922,0
1.7375031828701872,0.6251455237565258,0
0.3802262190143151,1.1158816508338076,0
-0.1961012196247005,-0.47971254077002146,1
0.2281035970495782,-0.23522820515535478,0
-0.30450628356283715,-1.3134679041521042,1
-1.3308612609433565,-0.9258587464582266,0
-0.7533767877324814,-0.7538646726606684,0
-0.11499251749153444,-0.45100824772095227,0
0.3741624498416285,0.5705870542514362,0
-0.3178120137354983,-0.6911435660456792,1
-0.46300354679705347,-0.1636101546972554,0
-0.008810305882445036,-0.6320747120960554,0
0.8808588944318275,-0.4607467764628794,1
0.9816615641270893,0.7921436894284241,0
0.32082379967255253,-0.7535183817262542,0
1.7954830914381377,0.34441474511567677,1
0.8987531479948478,0.6527852695619718,0
-0.5422173528287675,-1.3723759125058506,0
1.0393103910037795,2.137557656626449,0
1.5434562526992015,1.8718159393510225,0
0.8787745320639558,0.8942545196838435,0
-0.07586977236825855,0.5644228101439723,0
-0.13731615758569293,-1.130074310307907,1
1.1128337813482434,-0.2687797273734942,1
0.4165648838376378,-1.4490696291620164,1
0.379934079166365,0.595469934517391,1
0.7028277373874499,0.9681847791273599,0
1.6254652590576923,0.2790950626725588,1
1.0709176790227863,-0.3572543366693531,0
1.3939161510139009,1.0859748323993887,1
0.3404225920494084,-1.198054572072167,1
-0.052885687688861704,-0.4248684451977826,1
-0.8072606344377206,-0.9413082472276803,0
-0.42560359748827986,-0.8032719904861322,0
1.370894000653677,0.3961414063425107,1
2.566967110061488,1.2992753419933167,1
-0.22050216021622404,-0.6904207482516644,1
-0.5753817078434297,-1.0454071733439203,0
2.1728041279456694,1.6250292642762816,0
0.7599176781386878,-0.014307544073785181,1
0.28615315995708024,-0.7857107233252614,1
-1.2827249977820412,-1.9834597572008112,0
1.2018545560591973,0.09781824738302007,1
-1.0157594361674191,-0.5292667639827539,0
-0.2074547843239676,0.22641540058437942,0
-0.43467755340985353,0.08172466021372332,0
-0.5229451605920856,-1.469613404111771,1
-0.4870664389680274,-0.18942862436491245,0
1.0694435380975091,0.9708174056457297,0
0.9332081922246094,-0.5452829380847408,1
0.295890690662302,-0.6749400642174488,0
0.2732622771331238,-1.3213822069358436,1
1.1256875345093855,1.5555082861336456,0
-0.5351217851359649,-1.4527179577689642,1
1.627664335174842,0.12945056947409816,1
1.3928947798209383,1.107411119893632,0
1.112024417598374,-0.27855254053374007,1
1.0045180404902139,0.32927500708664154,1
-0.6484141416637564,-0.04974752702029575,0
0.4950532633395486,0.7550832455506035,0
1.0382813535763133,0.9275245507886741,0
1.4904541523513792,1.526743320778106,1
-0.131980252329536,0.057456636109282706,0
0.16124422769445634,-1.3617579096412706,1
1.914673914562061,0.4383774383050544,1
-0.18085839132501422,-0.114965830633573,0
0.19947552575034114,-0.5455114819798035,0
0.030623534886669336,0.023656341025725627,0
1.3027860275071337,0.9676491964793834,0
0.58282210467145,-1.6755123086511172,1
0.13014483116681558,-0.040034511729213546,0
-0.4935297069001593,0.6635575958340431,0
0.6050648071715307,0.573057122508144,0
1.6123017121402496,1.1125838139403144,1
-0.2592981615985634,-0.7573675010096927,0
-0.24028049690308806,-1.3865778774093607,1
1.221014647907769,0.255086767896068,1
0.6996923054245032,0.20817065747619443,1
-0.8658271871356811,-1.1294972743696488,0
1.1547102500424762,-0.7797258084738038,1
-1.0737246328908585,-0.14699026048589703,0
-0.7420216268151931,-0.7665757850193319,1
2.3207473061489017,1.0302567248229333,1
0.07154270852290745,-1.2353310131035355,1
-0.6255875780444847,0.5090889493136889,0
-0.08228472638442105,0.9721069106251187,0
-0.08671946918783008,0.5652988762802044,0
1.2191752494161496,0.04827460406495798,0
0.4690381844366993,-0.04412731370942445,0
0.2895442822975224,0.7237612833262604,1
-0.9439873835772319,-0.10971411357783122,0
2.1075291620944543,0.582112175783783,1
0.19899675686774249,0.22077383495108266,0
0.8996771773198191,-0.09715808493245942,1
-0.6398139911126892,0.12214218865639312,0
1.264588264640334,0.2906938254393954,1
0.7081797219677627,0.9955131592681514,0
-1.029938105593213,-0.7148957330224028,0
-0.14120551666293485,0.15252641401153905,0
0.42668882973691347,-0.999796865859769,1
2.6493125385875214,1.5806354563614933,1
0.26097592022269084,0.5203105034832497,0
1.8064468157153153,0.2331690374068697,1
-0.02602732285742304,-0.6716741507063154,1
-1.3330547823524046,-1.1064354460131307,0
1.128860825411787,0.7653370035317401,0
0.6823566225125716,0.9248863906975051,0
1.5460765263305356,0.9387827707369661,1
0.9627323678584658,0.5076842071595389,1
-0.4419317537239922,-1.6308470452872996,1
-0.4808630566019543,0.3088562342903123,0
1.5982622093679626,0.7019916072843203,1
0.6474363760985279,-0.32945144584896957,1
0.4472633015484889,-1.0375303780406535,1
2.3883939978278477,1.881595582252304,1
1.2384644541369636,-0.49104056403738466,1
0.8187493810209079,0.5446297922392965,1
1.1158161139347855,0.0033241990711384323,0
1.1891595600148392,-0.22621753180070064,1
1.688644307824831,-0.9628444969559391,1
1.8689483688933124,-0.7151191406899389,1
0.9133660003391616,0.20884317262661822,0
1.0278579103751169,-0.5206561380780185,1
0.3030623452034962,-0.9234219939856395,0
1.4483987664063287,1.3122557853767869,0
0.13538814236957109,0.5071358944275308,1
1.6571336733859547,-0.8664540514245807,1
0.6551295989987395,-0.6958305287127808,1
0.15377245811530746,0.5162308573734969,0
0.7562534766923052,-0.04180084684920342,1
-1.3294798723716559,-0.7234583415740053,0
0.4201682515340739,-0.991301688102657,1
0.3700778368856189,1.2564782629768774,0
-0.6822097656406442,-0.7961353830234185,0
-0.5708044566562444,-1.080534630436375,0
-0.4366080142236847,-0.4012258343360577,0
-0.5995059580229403,-1.6847276572080208,1
0.011426434823977056,-0.8097315027475841,0
1.3328765201795119,0.38227848942270465,1
0.09616221741152393,-0.3129009537933082,0
-0.28277620632797307,-0.8776322541659817,1
2.114317529712533,1.6025220892455125,1
2.613169555652581,0.7499949087574529,1
0.9914956134126999,-1.2900888137866537,1
1.2559410394614772,0.06555682733720804,1
-0.41160372555201236,-0.8449573060915714,0
0.9690522150991367,0.4829873018251627,1
-0.1365403558344751,0.054092433751022406,0
0.765458228971799,0.7142223239731688,0
-0.06631031028082085,0.12255030847617157,0
0.9487527635362738,0.24396406377298618,1
0.03223652217293479,-1.4024359300839127,0
0.8627785830973976,1.0819759411290863,0
0.47898218906084644,-0.12365211175115481,0
1.0894912116709925,-0.8625307942933599,1
3.2066097932414848,3.2046165574000045,0
0.7261987719619151,-0.1810432610115532,1
-0.4848720774709028,-0.16717529368740472,0
1.0998639044825098,-0.5597315962622106,1
-0.6345688265679601,-0.094064008503333,0
1.6141443309101131,0.6910706091180339,1
1.8171026272102648,1.3062233819661893,1
-0.7629187879008898,-0.44279468682271306,1
2.587889632041702,1.3796790169122155,1
0.042479040369170384,-0.8694536824374225,1
0.2884239514948498,-1.0598588519208239,1
0.5568026210298226,-1.2065412274831349,1
0.6083547336064923,-0.42174542673245513,1
-0.35821108289775355,-0.735619361085277,0
1.289616441076251,0.6499672185089158,0
2.2018416308340916,1.34079352223888,1
1.9364978187691233,0.22729402564260787,1
-1.1197513876677119,-0.952188707644081,0
-1.9961872352186718,-1.139408651300075,0
2.207906342759313,1.1937695397696146,1
-1.2299858296636548,-0.7328268553422803,0
0.87109798944269,-1.2513378913704754,1
-0.29481010321193213,-0.3672893017170521,0
2.259251639855095,2.495805360622496,1
-0.4735417155951498,-1.7899942947365821,1
0.7679002304133192,-0.15530743251903228,1
0.4657700566943449,0.5540136942875087,0
0.3514668034168037,-1.5396336909883557,1
1.4087081212944168,-0.1013160034348158,1
1.4157554013166642,0.768758882002384,1
0.32021631151678476,-0.8646083542054656,0
0.7039698058695254,0.9947308282460734,0
-0.1371742382257823,-0.3974596418912946,0
0.45148867527589454,-1.5878205434095858,1
-0.02862999029684439,-1.0028932518893114,0
2.288389810588309,2.262839554607724,0
-1.2707063915433847,-0.9813249420390503,0
1.716153639617532,0.010721109743858877,1
1.473633045582426,-0.18597669429712504,1
1.8703103818964264,0.019926975379567367,1
-0.4722305427623941,0.17057543014240564,0
-1.9848507497543981,-1.691797785714934,0
-1.0977658103619574,-0.3511070222744773,0
-0.8388023593328994,0.03751673085209276,0
2.149123047204667,0.8369449803973618,1
1.6728117913469815,-0.36416996710108607,1
1.29246458475047,-0.41558473415470726,1
-0.38755013052501064,-0.3336044805828121,1
0.03344840138218488,1.2712694882492337,0
1.5820797597483596,0.18548764049534391,1
0.9313770909729169,-0.4512666504181864,1
-0.6655640159284306,-0.3918125361495662,0
-0.36632973385957873,0.137012354648882,0
0.9419090530728467,-0.17047928988722438,1
2.0059993252352126,0.830695753783914,1
1.9777188802121737,0.10255154556469498,1
-1.275418621633229,-1.3579095807138655,0
0.0198916734889732,0.5487225113405958,0
2.159238807085549,0.7604187815666683,1
0.3885936461419985,-0.2512945311906839,0
0.46199121822541345,0.7753006846593273,0
0.17337241048373916,0.025805419464566236,0
0.9203981416729898,0.2512618218593054,0
1.6512363413153985,0.40398588656339046,1
0.21849674916348544,0.6091006337626418,0
-0.9219008861507216,-0.4266264199437328,0
-0.26786432852932474,-1.7770218937159403,1
1.3009999764213283,0.40428967560563706,1
0.5036100905363318,-0.046823741906451895,0
1.1131546539771724,0.34518325160737634,1
1.6837505932008707,-1.2185927789275113,1
-0.5752242084835777,-0.646443761223593,0
0.9837272543703222,0.1833504492847225,1
0.19062730635507483,-0.2872780234634117,0
0.3407355366505814,0.20268817143926604,0
-2.650914875201628,-2.4266988747329923,0
1.2911926371716687,-0.7680898051688692,1
0.060388538174317885,-1.1050836135849673,1
1.316685113939077,0.732995945803442,1
-1.5398678864350628,-2.0163243263302904,0
3.1666950455170757,1.296698242646601,1
-0.46643085223881675,-1.1449284502990698,1
2.347564719510642,0.6685353967019098,1
0.18896980167630661,0.31312488185376847,0
-0.4451935971687597,-1.7281149713688433,1
0.2678008866584209,-0.5491102236135782,0
-1.4630092825797782,-1.4946009005599217,0
0.08860463080143034,0.7943097452048742,0
2.600836179749509,2.4306685636620937,0
1.4714748423251038,0.6855311067814298,1
2.2443576798532523,1.1603315641992675,1
1.6023315918776233,0.4612955805464212,0
1.188951074318291,0.8532728952244711,1
-1.2801178410234761,-1.5419146510358726,0
0.8034448909908201,-0.21864969185955552,1
0.04406562752437469,-0.17983500250176016,0
2.1641512600541235,-0.4616703470112041,1
0.89557269010147,-0.3407668981204849,1
0.06630021859177226,-0.1297828957034658,0
-0.6890392405667507,-0.3878978158796559,1
-0.6215174542014923,-0.48750001400550647,0
1.908446317078549,0.8580787934860923,0
2.3913876760686454,1.7824362592663574,1
-2.078598370658383,-0.8192600808900724,0
2.5158856727938246,1.0498191666163739,1
0.31440781717031596,-0.8192704981385653,0
-0.2599325229465116,0.681438095877135,0
1.3779417154737987,-0.8477743794807256,1
-0.19565673176497334,-1.7782448922746328,1
-0.39060881665606395,-0.8781115769072917,1
2.2725636777041607,0.4309780123448786,1
-1.2033005784895185,-1.4378323859984088,0
0.03436641211019564,-0.3529606550071071,1
1.555092383135726,-0.23022128310549758,1
-1.2268715387698574,-2.4807404751941387,1
-0.49659026806693757,-0.988647563817036,0
0.033783586850652636,-1.578632301444057,1
0.5992797333408586,0.7545506783258475,0
2.3917923592271038,0.5622467563871375,1
0.6158412477113291,0.7882436954985753,0
1.4676365456983917,0.21912691453110167,1
-0.8266643699950921,-0.4664965565595135,0
2.4153265925824434,1.2678601051222622,1
-0.9928988952979095,-1.4995126365968,0
-2.195529029235515,-1.8318678939709858,0
0.6913817709770088,-0.519162916294091,1
1.1115010801896186,0.687260579182457,0
0.786422134549895,-0.1465580575582149,1
2.130065708709243,1.3547827651703368,1
1.327634488696866,0.23761001327444967,1
1.3654617212024758,-0.22416438646191317,1
0.24693952373596695,1.4792418597491557,0
-0.589662776184536,0.05072441710654771,0
-0.8606327786259673,-1.6209872969779702,0
2.453872498061652,0.5588158821610428,1
-0.04319456541099694,-0.22617055409294035,0
-0.6932701760054294,0.27017264075857966,0
0.5593876410408557,1.4091181722526276,0
-0.39002698436740757,-2.2207218392640837,1
-0.40710730238464055,-1.0800211067979721,1
0.8853846671156814,-0.7422131016338938,1
0.7390404751547487,0.8416591841546127,0
0.34982025700682545,0.32545600851357587,0
0.7171968493218991,0.24404232785716246,0
1.9344415189871957,0.96055179133734,1
1.7567618642365497,1.4696091134220188,0
0.9981389914344708,0.7471555166390783,0
1.864063629402746,0.8485331198376567,1
0.03779811851658842,-0.24274818562361838,0
-1.9629637239343298,-2.006712801724295,0
1.3379929818499918,1.2286780501612016,0
2.118743863581285,0.67102480413905,0
-0.5470062114247822,-1.805475964074659,1
-0.3738743469441004,-0.09509309036677487,0
0.4106107231887832,-1.562071488777859,1
0.9147077943908866,-0.20286704643200348,1
-0.3965830542245111,0.07910295540444012,0
1.0052450063285552,-0.2090588866281147,1
1.06504129409225,-0.5985558637535673,1
0.0269900527771336,0.4621716087922869,0
-0.8868324049436016,-1.971841011693956,1
-0.8635885245970362,-1.113410978453301,0
0.9844299254369366,-0.6137275521412696,1
-0.4592129699111431,0.17591289693436363,0
-1.1696860740350175,-0.3569357470249329,0
0.8102119673671273,-0.5679403500253029,1
0.8326604652806868,0.3849934954405917,0
1.069106542168421,1.2418593526198751,0
0.18768423707709087,-0.2995177191719055,0
2.715760664906758,1.2491679369785158,1
0.35455658790282396,-0.12186207582945417,0
-0.07888862369715066,-1.6229015282585877,1
1.2535766442181038,0.43390313897633237,1
0.9647711224978924,0.7072071702762576,0
-0.1880988639062092,-0.8893393252575268,0
0.13427278859167846,-0.6257524253537954,0
0.006606882820275883,-2.012529135047003,1
-0.9412423247224755,-0.0005837552552303254,0
1.2189483309598903,-0.16134377384164128,1
-0.449401793193606,-0.5093179356771227,0
-0.8673837064017098,-0.5670009667386859,0
-1.001797680326053,-1.236077727432442,0
2.099929898307371,0.6704107817318564,1
1.1026997123366638,0.9189369302474609,1
0.3267864136849232,-0.4259782519496087,1
-1.3520172857589112,-0.8003442826065745,0
0.9160713933664139,-0.5261303206971553,1
-0.14869722252473136,0.16882691896676588,0
-0.5685949469694785,1.1181941530867647,0
0.6215081763586005,0.285835253882009,1
0.7257341347593338,1.055214632742726,0
1.2774810578536122,0.08560049832437934,1
1.4160549151166992,-0.17331780050532733,1
1.1971587517217392,-0.5525978831518985,1
-0.08155380642203935,-0.7417881185036501,0
-0.3925796283332985,-0.8384951849843004,1
0.8928041049594153,0.1445683276824981,1
3.962539570203278,2.4083056493444728,1
1.6777552684591694,0.48633053114869923,1
1.0797472117521683,0.7578407526916239,0
0.8920739312411174,-0.25391076927403944,1
0.8852766636213197,0.7755456154810922,0
-0.5544060797739674,-1.5240475293666205,1
0.12868364002920418,0.8068809329504967,0
-0.8718059063175069,0.38576681831314974,0
-0.7800761842897201,-0.5678292554887049,0
0.5798024506687961,0.7795263747496447,0
1.066710613547301,0.5105000185300963,1
-0.4120593903507501,-1.8800279442834043,1
0.16593692880643962,-1.0025117043028549,1
-0.8888035091653081,-2.275558901807326,1
1.7383482809939377,2.016489083199178,1
1.468390425264597,-0.024392830965825014,1
0.34172100516048654,0.2796016343206969,0
1.0629434362957553,-1.13837035065839,1
0.6342490231502653,-0.9308771699843311,0
2.626820223172717,1.6532035554024194,1
2.146291785245296,0.8998192743069661,0
2.230818440889887,-0.3213033390438263,1
1.3216137642198111,0.3132831778280283,1
0.5237763225008824,-2.017819150804215,1
2.3003765981103363,0.7821488796584992,1
1.9654098058309142,0.8678660210670127,0
1.950757193371275,0.4927102355405568,1
1.115068013817279,-0.2686020087754211,1
2.022736458620533,1.0091604290404934,1
-0.7213539624644183,0.29659225776968495,0
-1.176659870846832,-0.7002544975825852,0
-1.7971156098037366,-1.1329530284029337,0
-0.12889167147204827,-1.7847591204940425,1
-0.41712682789776223,0.1508148997596439,0
1.0041882888276505,-0.09854243951424663,1
0.054290680846632355,-0.5415669940982732,1
-0.05304968123354471,0.8099245410552111,0
0.41733324519438675,0.23055590953576527,0
0.010906223164868445,-0.5714133499112545,1
-0.12932994680878562,-0.8046541065659174,1
-1.654552764136795,-1.0085792653549015,0
1.8874358455690619,-0.244917662544962,1
1.28216833300387,1.81599658709068,0
-0.38851945719488357,0.25998440999033146,0
1.1158393604222379,-0.423421708753217,1
0.3358620678282781,0.35662344339222746,0
0.36288901662712747,0.4778877357611436,0
-0.6491876823664718,0.3447333596561198,0
0.8693766707724723,0.4324748671147614,0
-1.659136176235357,-1.582529825034214,0
0.6441673667333194,0.9291212764508083,0
0.6547650702880192,0.07629350072126907,1
0.19222539513239326,-0.017490631126295116,0
0.1122401448495618,-1.4718963245952663,1
-0.23271699383399438,-0.8918615456580895,0
1.2945392901899593,-0.39705489910544023,1
2.500433814773722,1.1510091049298183,1
1.1002938657215038,-0.4391957388854341,1
1.7143119262179187,2.2754525484182855,0
-0.9918724287023777,-1.0108036859769554,0
1.1467090092619452,0.49707943363413915,1
1.3520318353355598,0.23264743399833065,1
0.9599027377152495,0.805020405825848,0
0.45837259297115684,-0.8391814296289697,1
0.07153455465621378,0.42925845950991015,0
0.21797721951165674,-0.309498516972196,0
1.0329293708062166,-0.9945281365716676,1
0.5598892273737976,0.6987907481674892,0
0.2246495481912329,0.4484810093186708,0
1.079181721179856,0.003928744064674194,1
1.1930263032804043,0.6300830998664296,1
2.7386694718488256,0.21517110498957384,1
1.4936070907252978,-0.2185686757226794,1
2.0968554748175032,1.0791895252758368,1
2.3495643903147134,0.1700323015679176,1
0.857651013596158,1.923407290577055,0
1.2374805283289827,0.1479851007979172,1
1.8685575039281077,-0.638531135695351,1
1.4408595099333308,-0.2812228934675025,1
-0.5461779157546263,-0.9285256288771901,1
-0.0069567364705862555,-0.7720503528791124,1
0.3831587665203092,-0.921796811035119,1
-0.9701963501095223,-0.3379405401950431,0
1.219033099503127,0.9817499456343819,0
-0.4925605488316717,0.15792920296219132,0
-0.32388336221340364,-0.8324735211277822,1
-0.5772222833483859,-0.6003320882123593,0
0.6173355447433141,-1.8471474925306803,1
1.490078667785297,-0.006367934804264564,1
0.41565183398548855,-1.1313506734513765,1
1.5040007044125598,0.8934484936881492,1
-0.26202035500113063,-1.5209845976932066,1
-0.6804467749502392,-0.6153348372049845,1
1.0411160579157608,-0.29850624606021503,1
-0.8155007391107741,-0.6283545997307901,0
-0.04907734013609044,-0.4831625514234131,1
0.15652817206511618,-0.6876901562953213,0
-1.082794458690568,-0.7443689867554628,0
1.9590528504282614,0.5026620512485638,1
-0.545885953184377,-1.0599870302880259,0
-0.02462904475021341,1.4435483208467639,0
0.9911971905600349,1.1649816461146227,0
-0.19439815649783898,-1.5754134964679196,1
1.8175585596329276,0.10217557142992033,1
1.662305685829074,0.2738136342149788,1
-1.122383380892462,-1.9898113314167767,1
1.6728709669365407,1.4303093129776383,1
0.423218227264686,0.20424180431783168,0
1.4045065295961061,-0.32380342715946403,1
-1.7442274156530515,-2.516491071458427,0
1.6575595910711813,2.0858193279397206,0
-0.4988264185923765,-1.404375622652106,0
-0.6785783928694857,-0.45425259783310973,0
-0.8405977001467131,-0.47261169947036535,0
-1.168937470876014,-0.9871287928241316,0
-0.7956980667454228,-0.6912238143370383,0
0.14061970775764165,0.42658889677794704,1
1.56674946791247,-0.36570305242935625,1
2.1548869113191467,1.3500264177227996,1
0.2867241803345616,-1.3029321124718232,1
-1.3456046971251068,-0.8600088513329578,0
2.682078381377703,1.152805590863024,1
-0.6992125479871062,-0.7098696610830315,0
-0.8150175503454598,-0.6055750075516662,0
0.30156639031113663,0.6578621434774163,0
1.7914146342329058,1.3213857592188296,0
1.2866741400104638,0.17793745239943062,1
1.311629852244952,0.5057034709260287,1
-0.414927174730422,-0.5650460599315327,0
-0.34902024617798827,-0.012588618291098764,0
2.794570380915011,1.4175622286864065,1
0.7618182218682465,0.44366851135637764,1
-1.6768590035256996,-1.5362609904431532,0
2.1823109956054156,0.9308881421402443,1
0.30937248125373706,-0.6462394590110485,1
0.6365610666928007,-1.0573038644808437,1
0.3596497162160718,-1.758964870095346,1
-1.3074314952770605,-1.6706376389171642,0
-0.14837036223735467,-0.016601030604230536,1
0.3687180887722966,0.6570290302881356,1
0.9218751586379138,-0.06664953883613381,1
1.2533477716537191,-0.7126798373188112,1
0.8123291365772369,0.72299573523618,1
-0.0851764851406549,-2.031192090812601,0
0.4995579469142647,-1.1329732316885512,1
-1.3564402365564217,0.15511756311098363,0
-0.2895529448811312,-0.6050866834308835,0
1.8155736687698165,0.22539662926328832,1
3.7164631106447326,2.813021056119437,1
0.16753894065419636,0.9979878547791313,0
3.226158185924265,1.9969136609619467,1
1.4379807398691191,0.5345594191062336,0
0.2050844886456087,-0.3436103252074308,1
1.4605461867545237,0.5318476788706701,1
1.0748190009143566,0.4468637149774181,0
2.6416789145658583,1.1491677799047868,1
-1.7799760301658814,-1.6741992389593006,0
0.2797500440806181,-0.925218838826502,1
0.879508494776434,0.5625197884899918,0
-1.9218295998246648,-1.8109416235203226,0
-1.1555613339125286,-0.4929104122524012,0
0.18664387737094446,-0.10624297066270998,1
0.7539572221954339,0.4190155790073872,0
-0.7790720544189604,-0.5031832251158513,0
0.502749264345461,-0.7205646487530984,1
2.1335740138419905,0.8157005007766341,1
0.5658300371493638,0.6243187721905634,0
0.21423426660777267,-0.16723662216036864,0
0.9558377197115341,-0.1300631624144797,1
-0.626557371067404,-0.46713818767356674,0
1.6205919557595037,0.19430651556767553,1
3.215712773227165,1.3743217097587557,1
0.592346026900516,0.7060193292191642,0
-0.1731062243154815,-0.6211405339901448,1
1.5686060362737915,0.17695034627066994,1
0.4867398395729904,0.6798515749797786,0
1.983769163250092,-0.24127018891207083,1
2.0416942434170724,0.9064191954208367,1
-0.23553997247851471,-1.0989715707606174,0
0.6611016680169151,1.0852178247528796,0
-0.50772688411144,-1.8181128063411378,1
0.5247820346981247,-0.3101614096390664,1
0.5145832488562055,-0.21346417791583636,0
2.035174976859655,0.66238554152876,1
0.5090342356664002,0.18974625704541798,0
3.2144786765062765,2.191661451026724,1
0.49173624573401287,-1.2024518402877313,0
-2.587852714837211,-1.84503634602281,0
-0.1901663569924505,-0.1592937297319009,0
-1.0382219314935228,-0.29792733317686165,0
-0.54811187272703,-0.2802489068535743,0
1.260872515367577,0.6213268976870503,1
2.182794258860769,-0.34446997389572215,1
-0.5742318409467205,-0.03967181106319052,0
0.5101374087666688,0.9158683316917559,0
-0.3805320441614832,0.16348813725842296,0
1.6473417862086044,0.2432396249853789,1
-0.04816709474169067,0.800403553013178,0
0.9901810385348944,-0.766982092132531,1
3.5997754932521877,1.8044252983891111,1
0.14803006138430352,-0.09247066588503912,1
2.587268169263872,1.0042217065467092,1
0.38182324636200016,1.4297036153531437,0
2.3002695961229724,1.3871334895681673,1
-2.7590144320150203,-2.2358265011003033,0
0.19655580653387103,0.4685795110580185,0
1.4429431817806062,0.3548448500532609,1
0.05393276853097009,0.6343453128015581,0
-2.0437349998112775,-0.18642778493853526,0
-0.7526828501317566,-1.711538173752387,1
-0.6061141657404975,-0.09528986503755449,0
3.139076175517035,1.2474995963788116,1
2.667170486070529,1.614224345120801,1
0.9173533114924041,0.5073539147792752,0
1.4881377910575067,0.9138094368314638,0
1.0868503569034054,0.7973023953753684,0
1.5242258464848506,-0.6401399400974258,1
0.2655906068215871,0.06894140709366184,0
-0.4361950911966393,0.47479261329306444,0
-0.38192808123207955,-2.2077886552669366,1
-1.3277833683102414,-1.3460502856623024,0
-0.8091953541623743,-0.007371084084329517,0
0.4973643494768235,-1.0057164336826572,1
0.03686293196759497,0.38300194493143985,0
-1.5077595653893299,-1.8883834188367274,0
-1.2027308573782511,-1.0880520437350005,0
1.834160892709849,0.31243124232277625,1
-0.9626079529237236,-0.6723379117858044,0
-0.21037331023487527,-0.43864929798073865,0
0.5430277446629426,0.875084488107574,0
-1.7329453314315597,-1.8139211045596892,0
1.1405828322045466,1.8399558503100497,0
1.5624296007774396,0.23818225825611047,1
0.020052599570534273,-0.8172008889273646,0
-2.1400976858347387,-2.1115039478544597,0
1.0887676669612085,-0.3849600429165761,1
2.338187562992216,1.8522729664993391,0
-0.4596134681491514,0.18870758235194496,0
0.14089307178090715,-0.00879373819754623,1
1.4634379480698585,1.3058952021099783,1
1.549198859210946,0.7467755640847469,1
0.5887985854689705,0.13732368298317552,0
1.1025438154679295,0.1351918577284694,0
-0.4469561468098939,0.2120780940003583,0
0.050811860838577146,0.24519397141336327,0
0.23765568965565542,-0.7666829910470436,1
1.1530400984370406,0.895156456320907,0
-0.8020382507846346,-1.4709187512821802,1
1.4310312849315567,1.1431286804962446,1
-0.02747707614049988,-0.14779292115838719,1
0.3527548614842305,-1.0188153203251842,1
1.0691574180297319,0.8410101919947415,1
1.1915098758081808,0.17717218389149952,1
1.4371559236853124,0.6629681748365918,0
-0.049989059880751224,-0.2482940780956862,0
-0.453263974369416,0.5393259622676746,0
1.6068386153509877,0.8616703622168774,0
-1.6250870046382684,0.10404382908013741,0
3.3864281750558574,2.0991921397722657,1
-1.5429453902314154,-1.1967472814727405,0
1.3629125411435075,0.05743167075108995,1
0.1352681736045167,0.006547814856120913,1
-1.4669577646462655,-1.4386095036567563,1
1.7012660503053822,0.3293944179449723,1
2.1860668490130917,1.4090207400765418,0
0.17635708927881735,-0.7042023867495426,0
-0.1297129166073108,0.016321923454461033,0
-0.020201100421386974,-0.08331245998437092,0
-0.6904366245766672,-1.2518296724767943,0
1.6251330390034686,1.9983431338252193,0
2.17224298059626,0.4239134803526094,1
1.6208935824600768,1.248538838941491,1
0.9294464248010424,-0.25782703206213103,1
0.003686823735032485,-0.9954562890020922,1
0.5727669217384758,0.9274075075278866,0
-0.3188081310145025,0.07417969934733704,0
1.041976418557024,-0.3777911844760935,1
0.7893781259156005,-0.3695516560178063,0
-1.3410138189401564,-0.40490488079631465,0
0.17093037616341375,-1.1324331036830741,0
0.542493034449788,0.9834986121694338,0
1.7995861665667134,0.10964629355676311,1
-0.28418300377574823,-1.2306847191235262,1
0.6474459151344786,0.7144835076922905,0
-1.2327696179966907,-1.1743834869164844,1
2.1134544588599793,1.6501191904457686,0
1.018488452891583,-0.3807950029398851,1
1.5826816032938307,0.21286000899241042,1
-0.9979453541834721,-1.5579998610622778,0
0.5846387376579205,-1.1977766960987617,1
1.5065710417598468,0.7782303863340985,0
0.576135449805509,1.224708941611135,0
0.514822416866406,-0.09158687897630982,1
1.3769647249525052,0.7630235426382088,1
-0.2498360495130887,-1.01918544445881,0
1.5029763181405873,0.002940516021864154,1
-0.8912477394225824,-1.3430357735080016,1
1.03487476737367,0.017726423523275876,0
-0.7677547282727495,-0.2695533860384741,0
0.3434279849174312,0.6578266861110857,0
0.477719345813226,0.7710323297594479,0
0.07483133803970202,0.44993266851715275,0
-0.9968984646558218,-0.7663113981165107,0
0.7824661242606414,-0.5141572233590133,1
0.5692720911661923,0.3878747642090848,1
1.7743331528773263,0.6605099087614654,1
0.2155227503195582,0.31256200876158124,0
0.8130484543212197,-0.7206009625312036,1
2.630914124560788,1.8777019059175835,0
2.6854029751387385,0.6970245172315328,1
0.5683342610068804,-0.5019154565013642,1
1.9853312528434492,1.3643197905787727,1
0.9337436622039366,-0.255336497715835,1
1.3333750486635483,0.7846342903556014,1
1.2885542349358043,1.8654213911974091,0
1.69749430053318,0.07059714003087467,1
1.0214133829090988,-0.06547920809124859,1
2.120980202409217,1.307675325295724,1
2.3613425550065554,1.4094043888010257,1
2.2942886616230824,-0.26189886532493784,1
2.21804235788846,-0.01940371210110936,1
-0.2491009454031293,0.0896959814139666,0
-0.7754511116138436,-1.33648783227911,0
3.0638906112624937,0.5370210955036556,1
1.8652943196369756,-0.5594099511996818,1
3.6167799822293043,2.0895476565583446,1
2.3037940389440714,0.04444782210914215,1
1.6862897132626387,0.6813627307607467,1
1.5641087722046148,-0.41201841498323866,1
-0.033437443301461145,0.49410178408686894,0
2.9852437994639303,1.224410206275002,1
1.40470622877266,0.1102060550917994,1
1.3580727470051304,0.8444388645576146,1
0.48054589262682756,0.10804489461867926,1
1.4324709233692903,-0.11025574468565781,1
1.3280104478020862,0.056639440660646155,1
-1.2530648414322056,-0.8123382464234687,0
0.9922675283572993,-0.7108587361492487,1
0.5232417211050778,0.10837611619163724,0
0.0327742112535705,0.8047773429291754,0
0.11306091939126271,-0.25069381025561055,0
2.05499083181949,0.3592294066992545,1
-0.04608558610477197,-0.18921155868939393,0
-0.48652178001568175,-0.7438314838273915,0
-0.6654309029222845,-0.5414655763976175,1
2.18787019786411,0.41466114539665583,1
0.47640661997533895,0.3193972601373657,0
2.331047031137898,1.0901433199076855,1
2.0058855949969425,-0.1877552931688821,1
1.4729792972985636,1.1975733600345126,1
0.16712153719710043,-0.3204292558800002,1
-0.04661748175524992,-0.8723240550487898,0
-0.33709014810563287,0.32954854909601317,0
-0.4202331156355107,0.48483918552449307,0
2.0517827778145534,1.09318589641359,1
0.23355735448810006,0.44726681041762706,0
1.9759119993936585,1.8470090358202578,0
1.9447487558863532,0.4476760804571502,1
0.37842325819485717,0.5885642609411681,0
0.742232989135328,0.752828442509683,0
0.09459652412641076,-0.7590638775679999,0
-0.4071712868499563,-0.007600244605159795,0
-0.6167464500986954,-0.5810475844395574,0
2.8912443422949616,2.2788389651165906,0
-2.076799646680146,-1.258369143679467,0
-0.5312300253140221,-0.6138008037153742,0
1.0803167119021744,-0.6385602223756763,1
0.9972415358088731,0.7827219996686337,1
2.988125393710857,1.3636618455960707,1
2.14171163983657,1.0329735091991588,0
1.5248111524744004,0.8339658613014668,1
-0.491046239691204,-0.24852286365110873,0
0.923901352150858,-0.06878992009124849,1
0.7494835218929349,-0.6372093539880435,1
2.784472019527283,0.9011221129413408,1
0.031557036913936146,-0.7554511220301382,0
0.979825549220313,-0.4201354424697716,1
1.3500882852761196,0.42878929480350086,1
0.6593393757487915,0.38228634710073345,0
3.8436714592102446,1.2822258431817135,1
2.542116322108896,0.3368195031425182,1
-1.0031624055922077,-0.5018132927317447,0
0.6281831374961603,0.2677043681910401,0
-1.0256288523055248,0.7375996746438934,0
-0.1625078565511288,0.2456763058226201,0
-0.6161069870427909,-2.0906877642421637,1
0.48638260326373883,0.8659087909029912,0
0.17995697855811787,-1.0875094107256444,1
1.4089829416471713,1.308999360487747,0
2.300784176232761,0.18229350112246043,1
-0.505651160335487,-2.274100525908901,0
2.8341051177905197,1.0016414732279615,1
1.160457765625105,1.1278490939155181,0
1.25144420568795,-0.21643553538209043,1
0.9008938164951849,-0.5575973262620179,1
0.9290557035400235,-0.5091764773647521,1
-0.01267634465688472,-0.47403323092020605,1
2.9907673181958474,1.077965534231027,1
0.5884254303504232,-0.843218846117457,1
-0.06970887435129615,0.5059624735112274,0
1.0875190038827864,0.6842923350693839,1
-0.08636447433601391,-0.44698259577580574,1
-1.9661279670458633,-0.9489376023102253,0
0.502424167560024,-0.7457019699048485,1
0.2794548620407285,0.8512149509367475,0
-2.0609852311614865,-1.631541514823095,0
0.3503437328434031,-0.3405919221956645,0
1.2750486015727562,0.9860727838708577,1
-1.240019086959885,-0.5665069609711214,0
-0.18073969044762395,-1.7684461379668408,1
-0.45248785877465725,-1.1661381449211747,1
0.7995057161363155,-0.13976449207033953,1
0.13243971104441843,-1.124216425173673,1
1.427767247443814,0.2543720187922292,1
1.378218564347083,1.1162783582411557,0
-0.9945187211012347,-1.3473980057428299,0
1.6016924802667558,0.39141494978148766,1
1.8683898284924836,0.9576798241274475,1
0.8630551414149663,-0.4198504130427621,0
0.3618645907365356,0.20265784827744268,0
0.6611539205508815,-0.4709430626688191,1
0.6934807440180636,0.04055701710413239,0
0.21083155609903348,-0.7732658506013217,1
0.483120682823454,-0.012671140924183668,0
0.4841263260109327,0.3184140157618983,0
0.1147812611740017,1.2685998548326018,0
1.174896640773571,-0.19514343018219574,1
2.019198514441001,1.2865430781944447,1
0.7385591202760138,-0.2224087119082273,1
0.3138915576258794,-1.0723835462024938,1
0.3144276724616013,0.20573692141797223,1
1.0468600514817457,-0.2637627015520805,1
-0.6960499522079854,-0.5543728590090552,0
-1.8617357836241162,-1.0985467006713145,0
0.4931058745509278,-0.5596354568379972,1
-0.31211106804274896,-0.16442336860384305,0
2.3603797442055336,-0.5825871390941374,1
1.288916285207101,0.083588734463558,1
0.9840328256963191,-1.0992321164329943,1
0.7111143150890753,-0.3791947914887832,1
0.41524760069641664,-0.7420821615862081,1
-1.7552118589091368,-1.8128107717499555,0
-0.15910270041826413,-2.321502937923781,1
1.3570623508069937,0.20652374637167017,1
1.4104083452558394,-0.6551460851875496,1
0.5829358236123978,-0.16142664382203192,0
-0.44242303798138727,-0.2569166650818328,0
0.32946899624833553,-0.4167957903763173,0
1.5674348440731407,0.5056853954143543,1
1.6652465091139317,-0.14535385843182097,1
0.20909341946836868,-0.4066862594837516,1
0.18542031227226197,-0.7484883712913902,1
-0.18641186942072618,-0.1248054917420288,1
0.44425808168237957,0.23516008381005665,0
0.40141043980795255,0.819763225435042,0
0.25890141058369404,0.19327096637569977,0
2.6205791312746625,2.0822156502218756,0
0.45242676261083303,-0.5091145141327469,1
0.031017809549861754,-0.18238011017122654,0
-0.9386886641005923,-2.0028275100154196,0
1.4101876529122137,-0.9102996238607114,1
1.3433171196604445,0.030630536647658062,1
-0.4583465670427478,-1.4805096274787548,1
0.8290657376730126,1.106671985094687,0
0.42534580364200897,0.009131085614526444,0
-0.7115807870465254,-0.40839242317249963,0
1.4183380415545808,1.2721569453504697,0
1.7291415806983352,0.36401437681305443,1
0.08187116872232425,-1.140472784066085,0
0.33185035395327717,-0.3916473392352152,0
-2.2288452370576115,-1.2673006065536911,0
1.4201206267652344,-0.42165610160357825,1
-0.4009288059500708,0.31425859557556135,0
0.5051257570271211,0.5584957175581438,0
2.969515114544355,2.0517638668270815,1
0.9145855249669924,1.0271058558550534,0
0.5073294857052822,0.38745104987074375,1
0.8242362112416484,-0.3552293267277208,0
0.21823286334618547,0.7903874506543449,0
1.2579890722015736,1.481287559281642,1
1.2993416438284686,1.3318028982691643,0
-0.25578384926279424,0.3192639846875607,0
1.9546136850719336,1.0949272343257301,1
1.52034234139416,0.7304150744922681,1
-0.1197844664812846,-0.5293598709063324,1
0.30838059530618905,0.44627577106078303,0
-0.8622146185724329,-2.9813206544045334,1
2.04808311447296,0.018015606344964533,1
0.7402599554267523,0.6394940391107743,0
0.20263813270182052,-1.1995049844871073,1
-0.5817541837148958,-0.5845703184161793,0
1.2043669885599257,0.035977037734927206,1
2.4285975053818536,0.6287522783872784,1
0.7725770846798258,0.5221725026052345,0
0.7083947981806394,1.0989426869282897,0
2.0277942434957583,0.8911080401143596,1
1.8042385238255516,0.31373133335596015,1
0.89765741358461,1.0755473785407466,0
0.5117305098759948,0.647096774256985,0
1.5270225104842052,0.27989771397174645,1
0.46448798315092854,-0.9838433130998891,1
0.7329873489753685,0.3283857713551146,0
1.4112511294057177,0.7294179794315581,1
1.3999863454749715,0.4838106125211627,1
1.4614344627554348,0.8846020735305516,1
2.535640465379984,0.4855717371685609,1
1.2029468342686742,1.729436388313309,0
-0.35883306016530714,-1.607472982429942,1
2.5111985328817092,1.649030680748392,1
-2.8971238814945726,-2.823662208611725,0
1.3792591695392382,1.2047662435147566,0
-0.7053169336609566,-2.3956366234074036,1
1.9451782568072329,0.9344494795989863,1
-1.3219373972887014,-0.3439334338929476,1
-0.3741367267893898,-1.1222261670181104,1
0.5047324165610665,-0.31461961503326064,1
1.1170271630723738,0.5977049048339058,1
-0.046983834794909196,-0.09321710820899842,1
0.4357807647151757,0.2597323313028586,0
2.051871639255033,2.056719374122511,1
1.45942728033943,-0.6279739208301596,1
0.2030815305223319,-0.7476262732297181,1
3.284863160710409,1.6709580616252595,1
2.2842080014411454,-0.07552116658494117,1
-0.008836633941339078,0.5272035772131337,0
2.472423101091843,0.5895709523443599,1
1.606323280403503,1.1774547187213935,0
-0.3830035928078237,0.39902958166011593,0
-0.1777053227226105,0.09777873321399166,0
1.0332720909017423,1.2737027273725061,0
1.1664931058766168,0.9589181609072485,0
1.4396112448684928,0.30961972694911233,0
1.4866922705923107,0.2121235840346232,1
2.0013703252084296,0.9379234521523452,1
-0.7437704759905274,-1.0642103603375213,0
0.7484136668559149,1.078873344542658,1
1.5300570957794921,0.8925944674173896,0
1.105975527137341,0.8822334127503538,0
-0.19132235814919285,0.8785528953783978,0
2.6919695971347037,0.6464967179853183,1
0.020753802318360142,-0.9702808428632597,0
1.00665028466878,0.20018244748332284,0
-0.741130261890967,-1.048016899346383,0
1.0730305299906264,0.7492408914766064,1
0.764546091121912,1.727816803686711,0
3.1111973573557803,1.4674673184945752,1
3.1636591611182077,1.9766096796035808,1
1.8631196166803414,0.5141715644103462,1
1.571463184874198,-0.02712019111663628,1
0.5042843323369585,-1.3645961669774656,1
0.8818929586712885,-1.1296738433832911,1
2.1940699236209062,0.21748307763185729,1
2.8048253365276814,0.42190501465221075,1
0.6586974061667573,0.28275600650623606,0
-1.0601646225877877,-1.7368906224642935,0
0.055080012946954915,0.9495482813133933,0
0.6559428026840642,-1.3011891353464116,1
1.4875346790605355,2.0456817309476683,0
2.500739532626428,1.261837571407863,1
1.3676313244297975,0.5020368402832629,1
0.21574292219039312,0.9341604716280585,0
0.3932771528656826,0.7985927239860942,0
-0.596495794095159,-0.46606142945861284,0
0.17036073268390314,0.8010190767025451,0
-1.3611479050852395,-1.4733718194028378,0
-1.2835851441558286,-0.48075667116264686,0
0.011069664098846873,1.1692628447294506,0
-1.609723410232404,-1.8218992639047817,1
-0.9504022030298106,-0.8855739242998585,0
0.9235796625695776,0.8619151548758516,0
3.350448310557071,2.792240972593269,1
0.46821564880212513,1.095023100732615,0
3.214418370801301,0.7833018478614506,1
1.2181249884107161,1.6498461530659918,1
0.5317331323107736,0.4965737654027915,0
1.0399209518225732,1.4814909078504301,0
0.26311117073807355,0.07067507350390205,1
0.3469019328306371,-0.32011235502818164,1
-0.3282024547645148,-0.6145035994520203,1
2.2386076914604343,0.7366290058559005,1
-0.48903566315163305,-0.5303348555727795,1
1.7267901428010108,0.7507128530788824,1
0.3246049801838278,-0.22320872635102593,1
-0.3195419747295077,0.05900241472478291,0
0.17828196137307217,1.3327058499512818,0
1.056888735820161,-1.4505118142937978,1
-0.16919298296489502,-0.5016549656948447,0
0.07992436685013371,-0.6524635853765092,1
0.38291023429951787,1.3937155628877276,0
0.881775121477332,0.49057581045965115,0
-0.7396510331428203,-0.1989605137693362,0
-0.2676863410791306,-0.6003408312498131,1
2.0702397672523123,0.8959926856674024,1
2.490986435852478,0.5119285139879705,1
-1.5102259715858006,-1.2254041184270346,0
-1.2795248061409983,-0.2008677716877203,0
0.08995173820125957,-0.07558604981281815,1
0.5669160202424811,0.6265990193063848,0
0.5000467166436012,-0.49477731797401836,0
-0.09147970053729232,0.05450639238694064,0
1.1038547213485221,0.6681374822006477,1
0.18617031811322785,0.42964308154892744,0
-0.005253460494394972,-0.9365672102894484,0
0.1563478862907329,0.523399425648502,0
0.49532970837412205,0.29298020856030776,0
1.8517777814963399,0.5665494787160977,1
1.1017500501161357,0.4781171181220145,0
0.7476631556353295,0.01731925423733472,0
1.59647075940297,0.7638190353432238,1
0.5676514506675477,0.08771215820269886,0
-0.7718039382871571,-0.33850088864231825,0
0.5417122461294425,-0.2120140585771788,1
2.2537197928213564,0.8988081860427009,1
1.6980880361119173,1.1573480246202725,0
-0.49551636665046367,-0.4987955364677776,0
2.953250585395909,1.7836531936997744,1
-2.0181131342453456,-1.7778954553893045,0
2.126714140041797,1.0390397844432913,0
-0.7215930314776716,-1.0932622637578986,0
0.7235204112234279,-1.1186077154396143,1
0.32065056244855294,-0.9194519747838066,1
-0.38118790214355536,-0.3360348508054783,0
0.16086904095356996,0.025638074814830804,0
0.2702904960965592,0.036072424749236345,1
2.5244232312162493,1.0714482686845475,1
-0.39138199046414124,0.20497939383087171,0
0.11764034143716447,0.20300661324843466,0
2.0221365726934906,0.4705336768269604,1
1.268471967805704,-0.22238685609412503,1
0.09033121474530215,-1.3377848442903297,1
-0.2083417037862945,0.14006202141770577,0
1.4539980505209933,0.8253466807029554,1
0.5604481421732559,0.8473847634644455,0
1.6801491928846537,0.4984842827382143,0
-1.4686686041547778,-2.040342035437754,0
1.184251084943862,0.1614302307205898,0
0.8349650275833818,-0.14576535886147646,1
2.5027619696033168,1.9297257963367624,1
0.6428185991437833,-0.7236077773284058,1
1.1657165066525699,0.684897458465086,0
-0.6070958886839758,-0.8675235349190783,0
-0.6757897037025079,-0.9838573277412345,0
-1.0496963294971047,-1.1477124043386329,0
0.6277439589572813,0.04122825874855761,1
0.9560240274295642,-0.9888933768722401,1
1.631627281146379,1.1407118641505918,1
1.3997386907383795,1.4951028327255944,0
1.090154175873634,-0.0340274283230445,1
-0.3750650796169025,-0.25468627853877307,0
-0.09343458834102882,0.3564958409905127,0
-1.9983195643874954,-1.8491968680349644,0
-0.5103500727547405,-1.6583053120149396,1
3.086911532139913,2.0780217780843135,1
3.2351984445037116,0.8722079053451528,1
-1.1405436930764625,-0.3989723024163274,0
1.6560372724085393,0.03870245714802105,1
1.1620704961907948,1.0971427558391713,1
-1.5066468108628321,-1.0292830719827937,0
-1.7063488409615326,-2.162948805839359,0
-0.24800578653778724,-0.1864472442158898,0
-0.025465971343757873,-0.08726134039720417,0
1.52390122753192,0.019399022120088413,1
0.40141902518884565,-1.1409428975972131,1
0.3083492906856268,-0.03136783211995956,0
-0.393963454337514,-0.98892941031782,0
1.9284898529473549,1.4410200701275082,1
1.178251314112138,0.0294608110064847,1
3.583899125198384,2.1791098032859453,1
3.195739191143853,1.5133394568586742,1
-2.7636973143590673,-2.549313055374887,0
0.1901142776625534,0.0203385558479208,0
-1.0853247311924028,-1.4773552830420418,0
-0.41316259524907717,-1.9401625459756304,1
1.0217931825390096,0.293302148067506,1
1.2671602903672503,-0.24186109254853239,1
2.0639810969701315,1.2230271908603645,1
1.3556993723148771,-0.012903260591151213,1
0.6955955089605755,1.0873411314123342,0
3.324761466238301,0.29813228081903215,1
-0.6543654137326625,0.5344133627767864,0
1.7551152932054197,0.02416740870703959,1
0.9174155466865264,1.3405894150152797,1
1.05996654412304,0.9625178167551737,0
1.203597615349097,0.8008408420988515,0
1.822394581582942,0.5835356041682654,1
-0.19241324308530625,0.4928914958549242,0
0.5919573092306978,-0.17460718843098783,0
0.040341135421317606,-0.7926706168376819,0
2.3410125656189846,1.2231958238262965,1
1.9843672631464235,0.8593069998874567,1
0.4231829890460049,0.9026559989819694,0
1.3605499255474154,0.455968836009225,1
1.5642261006486857,0.0931585938556024,1
0.9861799130934583,-0.3639581502756341,0
-2.7638993569470967,-2.5424180839386983,0
0.23718249550774306,0.01631347696604823,1
1.0604177307863922,0.95897899551638,0
3.1349656044114713,1.7211841905430427,1
-1.2548796579806676,-0.05574652800073135,0
0.15296136585779707,-0.7044564741570856,1
-0.8218031816243283,-0.6521554782009291,0
2.5899099789943145,1.6892348445534389,1
0.02766945770457485,-1.2861707489405168,1
0.8546880053408725,-0.013201546157245407,1
0.9240608616714255,1.0179024578202078,0
1.7128246975852215,0.6986203424135868,1
-1.6885999206995528,-1.6929110175166588,0
-0.6203486656726815,0.24456425185367775,0
1.796599686998508,0.010916511151655716,1
-0.21522192569872922,-0.3016889383134402,0
2.7472093795880372,0.2912260200264888,1
0.35946343211572285,-0.012887305404880565,1
1.4467552175241056,0.8437257087493185,0
-0.47858701310471524,-0.1798678719682235,0
-0.4026469392196623,-0.9238703262740283,0
-0.7051190039225529,-0.5720750193676887,0
1.1099011812463373,1.4280041022223846,0
2.4027030369931888,1.0325190167135545,1
1.9802521263868256,-0.09322145776321182,1
-0.3709491699267671,-0.8072693892323407,1
1.1351849882242555,-0.836588974243619,1
3.1616604593055024,2.2144070658444766,1
3.0874679898927493,0.9769362117320911,1
2.4184142127686235,1.266251540826397,1
0.27968123179129933,-0.2716422670311048,1
0.6507442043540831,0.6643454928060185,0
1.155654051040946,0.3327297588263373,1
1.3759752220508792,-0.002481868101962098,1
2.706993710723924,2.611810429338697,1
1.355531461393761,0.4724177646544472,1
-0.2234590249216103,-0.1673007438689496,0
-0.8934800587259619,-1.5282310368115304,1
-1.1129727251936963,-0.8160263812873179,0
1.8532795819629002,0.22921570174118563,1
0.845434015936337,-1.0467227124934562,1
0.4004179022552693,-0.7677761283554299,1
0.7293536071432178,0.3373781091242623,0
0.5932523173955501,-0.10897001629250913,0
1.2914967948400558,1.1600956683065786,1
2.88802624774777,1.976904402115737,1
0.7426639870706734,0.052549863892381914,1
-0.5594710511031968,0.7956738177202254,0
1.156688394086758,-0.02222875265896212,1
-1.2811813191593975,-2.229303108997292,1
0.8513789922809094,1.2641202451698026,1
-0.07468329545845286,0.1575166718574759,0
1.815089576618547,1.3001589123281585,1
2.5274532863627774,1.115724807414424,1
-0.5421131148150752,-1.2480293908036704,0
0.3064058619060549,-0.2910904189032693,0
-0.11058389761862708,0.15077626868557137,1
2.3187231694253176,0.040427383109896554,1
-0.5434211347212221,-0.7181009477791999,1
-0.45149323969211586,-0.5597950628595104,1
2.432892981601475,2.3330830909712947,0
-0.7891930649975387,-1.0244643303523633,0
1.8803426521749882,0.8449537593363106,1
0.6236094060236866,-0.5455851107480245,1
1.0103459885711759,0.22259354083666075,0
0.5344923494765611,0.23543589716422295,0
0.010740159530840343,-0.18538542865352298,0
1.6645716507712602,0.8391704413823753,1
1.5279918990116832,-0.4610888862916516,1
-0.4547975204473271,0.02818141070387296,0
1.4085192190039986,-0.4879875337359951,1
1.565787206795386,-0.05939036832354558,1
0.656456489564947,0.4977815559826052,0
0.8908275012432975,-0.8996874075009997,1
-0.02994862100069562,-1.0360502149083934,1
2.289299642411471,1.5696616791199278,1
1.3518656463798449,0.06805511120109829,1
1.5831978222176064,0.012002300170885152,1
-1.988212860745117,-1.1594215253683349,0
1.9281678583967061,1.6441116491696208,1
0.5510353803995552,0.2552697546745631,1
0.3625682170026744,-0.6525554078441346,1
-1.1880321773306421,-0.7912062773249815,0
1.9160000993663595,1.1256514757484064,1
1.4260625224742305,1.3532810539349347,1
2.770478211056517,0.9510108826631324,1
0.7899315185419696,0.4467375393682025,0
1.4153032436179487,-0.08818741849620233,1
3.325122042596969,1.1083670244398958,1
-0.8675249173389883,-0.47261359557253724,0
0.5558984799859188,-0.7348051390529007,1
0.9644825654906377,-0.25036752213210933,1
-0.052903201679540185,-0.4588954017643446,0
0.5411007518710111,-0.46173540672876784,1
2.003393312219461,0.4331671695343175,1
0.959810523112615,0.3662359634352361,0
0.23012889118490365,-0.24311361140004625,1
-2.50929229995554,-1.9778942382878448,0
0.18038063349826594,-0.03140478902684753,0
0.6048283787416663,0.372561027417203,0
-1.2222542161104573,-0.2769524966294247,0
0.7754669590744088,-0.2286427473507819,0
1.9444271940250046,1.3691310275344828,1
0.5874618784336313,0.48698564876729117,1
0.9842993429199217,-0.6824588840320078,0
1.0059037355724174,-0.7157268980813452,1
1.9732351663537588,1.0297111228372093,0
1.2370426379001072,0.8047369649100532,1
0.8536813721691008,-0.48115246080897794,0
-0.27653306888072593,0.92713206895541,0
-0.6871919570801902,-0.30642505593716923,0
2.8755615420870067,1.6947374243709956,1
-0.9203356783405148,-0.3436838976035069,1
0.3621468627067753,0.15853278954970337,0
1.4701009305836985,0.19426177766796732,1
-0.2217327922063741,-1.3154847540968804,0
1.5850821424276036,0.7537755586644573,1
-0.48127851664726423,-1.5513105509852954,0
-0.5480594733658589,-1.5872892945566548,0
0.8668890324117087,1.4641893689613146,0
3.322212581646692,0.45592212780688385,1
-2.763439129630954,-2.9505502484499435,0
0.6924276350416491,-0.6792487082837375,1
-1.1998525822927604,-2.5282613222432033,1
0.5995407058219855,0.2557435553315262,0
1.1109272471367837,-0.6172290951625954,1
2.244099800497784,1.4057717358144375,1
1.7643372416912064,0.5426727648060679,1
-1.2903869064207734,-1.1747921721750014,0
-2.7444016852112827,-1.6591364495809768,0
-1.7885368611385315,-1.3158695737657204,0
-0.24644095623125997,0.10601433375672631,0
1.3867491688392057,1.5931785571677297,0
0.8386143016602391,0.7504384374262179,0
1.121793811200851,0.5143846204513836,1
2.3379732094878425,2.347924378422038,0
1.756718102901019,0.7259552642122609,1
1.7593623827407778,0.15913944215593717,1
0.7802559611674663,0.40712474413522487,0
-0.8440748865757357,-1.7447677372903334,0
1.7956712154313244,1.092603840175562,1
-0.6427142364445037,-0.4736396320580121,0
1.0389462764694428,0.3884950221681004,0
-0.894763640516922,-0.6009760023001313,0
0.8370477859645402,0.67925320000793,1
0.21983240465638665,-1.2197718491831333,1
1.2377393800819934,0.6084702772042931,0
0.5142866937142118,-0.08650208383644704,1
-1.6962501363006548,-0.5291852214008274,0
0.6923217264225129,-0.00900761322924624,1
-2.2525984621539408,-1.7486775491520814,0
0.9637911668896408,0.7404793700524317,0
2.2778431319367822,0.5473423849352116,1
-0.3244938408244493,-1.1423061085381188,1
-0.7016678115359223,-1.7610463572735378,1
1.5964380399487126,-0.8610690838588548,1
0.4983303282158523,-0.7780598756450297,1
0.7995929119634994,0.7260335228704825,0
-1.172612249665144,-0.25322433861679267,0
0.5665092140677689,0.7402853673652365,0
0.13188303730532455,0.4727984709442686,0
-0.8604491924415866,-1.2811685211937178,0
-0.5022786270706776,0.5239605183402185,0
2.8868475062939183,1.1550574591917167,1
0.4608028996802568,-0.004619723553085604,0
-0.6473649219463339,-1.157563015544525,0
-0.06975566865722205,-1.7696136513217673,1
-2.0300150641387447,-1.7499717787468276,0
1.0375370413377683,0.07914606481063852,0
0.6801720986597068,0.04626156844815974,1
-0.6714362705111232,-0.2549364515999822,0
1.201436384802959,2.122946933138709,0
-0.6343549011866114,-0.5746037808976148,0
-0.00011982056805621218,-0.1721347110831277,0
0.6553978101046422,0.6147440314056324,0
1.165706493014159,-0.009977288758373077,1
1.7606227357428663,-0.0019180045922049828,1
1.5752350789988045,-0.4242129999174935,1
1.9175947440164003,2.5536730571590542,0
2.096584384429608,1.0557894538409542,1
0.7821769621464324,0.9440249608673948,0
-0.8643993680396316,-0.5952484994584205,0
3.6028137947871084,2.5132089566051743,1
0.689760394280815,0.4127603115203803,0
2.49344477479638,1.3616638377496455,1
1.0721346196676464,1.5268770058571641,1
1.8535447764955555,2.170204864100001,1
1.352808278313366,-0.4752650484719526,1
1.4429711172511892,0.10867848138336415,1
2.011469136044482,0.4306068771812126,1
0.11590617473284999,-0.012730308792435186,0
3.7106896223596015,2.5351561374711853,1
-0.4982103887527045,-1.5974214872608272,1
1.6319172331712908,0.2689301375047088,1
2.3281063812778515,2.5628230925605218,0
0.8372655456817766,0.31770642334243454,0
0.8338193890348435,0.2776694116161805,1
0.07759513085062415,-0.03627023511984581,0
-0.3318809521930276,-0.1275341357464268,0
0.7567007374801391,-0.9747519197068675,1
2.2881943779223772,1.0905944957616798,1
-0.7603277532819375,-1.7266941308570838,1
2.147579722508116,0.9262584404327565,1
0.028164689711969445,-0.6392750220210172,0
-1.2000154223853985,-0.46430504985011534,0
-0.19188174372057035,0.6661645523880945,0
2.074921850728735,1.4971132829426885,1
-2.5279707946947756,-1.6985808507180926,0
0.21625596906451505,-0.9078731736843225,1
-1.1183843618967757,-0.8331613667498243,1
1.7278121837041733,-0.5762352465977577,1
-1.0879942980766675,0.024950123187673232,0
1.2946204410370163,0.0027327725530397074,1
0.7403178045186238,-0.9903605695600867,1
0.190622253558691,-0.6392560219150687,1
0.42312850836022675,0.19880642863537074,0
-1.864675296370089,-0.9965467961101819,0
-0.3932613783398593,0.5442946596135919,0
4.341992593635898,2.919712021260353,1
0.9539610006832627,0.6637164829881216,1
-2.129295914723986,-2.2488750119830527,0
0.06707856334528078,-1.556566539865377,0
1.2200660834972932,0.9554574588121885,0
1.6629820617857205,0.2627957794152554,1
1.8386059925368605,0.7721474179627604,1
1.8021905054702811,1.864179746503635,0
-0.07590890062432698,-1.3244248735169588,1
1.691270792849898,0.7058318933860492,1
0.14736470854119021,-0.2354462154750582,1
1.1283979093656942,1.7741095806042086,0
-1.1364280591602225,-1.373199503395502,0
1.2041292327352915,0.5700224046109112,0
0.04470285863819701,-1.5537405113532041,1
-0.16161180741970135,0.27180531054252666,0
-0.18792477246936157,-1.7693373335487272,1
1.289982168042538,0.005941839372741573,1
0.9128170070452859,-0.38579578464880604,1
-0.7518666162342389,-0.3740058865340932,0
-0.726970430928246,-1.1702444472310614,0
2.548131482184513,1.2378540897177608,1
-0.7336902408570234,-1.0286949480308598,0
0.9431174703287314,0.1316501218820007,0
2.6234230585836644,2.2265473341026265,0
-0.3304432384392939,-1.5002122545004304,1
1.2642549382956323,-0.4156603005324948,1
-0.2320493880872692,-1.4041572402601248,0
-2.6184559913852783,-2.7094851647252836,0
2.0291977770565097,0.8386374682938306,1
0.4350045719022724,-0.3678429573230473,0
1.4618725912436141,1.0748417379891706,0
0.07265292314994487,-1.2252588475657153,1
2.5766008531950098,2.6026185580447403,0
0.21026659828061525,0.28581861280695475,0
1.1013475869326486,-0.8256980913849473,1
-2.038436451981265,-1.0083457190871075,0
-0.515176839924403,-0.3346922444050973,1
1.9380758608431397,0.644578105498497,0
0.6395881215828789,0.21463954701802768,0
1.3724010652141345,0.05636712702482435,1
-0.6785169986970778,0.2627055386985133,0
0.8807663414105243,0.44460349943949334,0
0.661470991946927,-0.14608105087275491,1
-0.5999942273948216,0.4635500433987858,0
-0.7876748594092131,-0.7418789346364663,0
-0.19964955420532723,-0.5605885397755792,0
0.40748702779367335,0.35535175687936355,0
-1.5874654496378748,-0.5431121055122587,0
-1.0602474616590767,-1.1195052574169078,0
-0.7605271394976885,-0.5568507909431287,0
1.2980747816315585,-0.4215390691990022,1
1.6313667878779328,0.9499174881677224,1
-0.2686661208943568,-1.2326101122495792,1
1.186841857505628,1.27624630564339,0
-0.9712864464176153,-1.3697455830125438,0
0.6195451817102736,0.318447517155127,0
0.9841882258948128,0.004566816531740341,1
0.3993124172661958,0.16816612272351428,0
2.817217262144312,1.5557299032205976,1
0.45111678497622143,0.1481649515130055,0
0.3031362928358665,0.3622355527244126,0
2.0799059739751584,0.17470882907233481,1
0.4011653079423959,-0.40612314517080494,1
-0.3499204496633046,-0.963048355520707,1
0.4901825617755975,-0.7698990886705633,1
0.8815916790963672,0.1793963554804473,0
-0.33123896832133654,-0.7991105962968871,0
0.4362717790835619,0.03323648922034435,0
-0.4684138545754619,-0.2768010308530912,1
2.3781580573744696,0.8506237741287883,1
-0.16912100458171253,-0.15749000005112349,0
-0.40172951382877514,1.4336326292780355,0
1.79799901678849,-0.35987615979360815,1
0.339392707150836,0.6682876985873872,0
-0.8312107561590453,-1.9337925880887918,0
1.4583391127029897,0.7071470176993213,0
-1.1491968358172717,-1.70205566918621,0
2.9067068177720112,0.4558732185709955,1
0.9086743306647049,0.12164471294576829,1
-0.8903475846454969,-0.8473843296691423,0
1.2433937327617064,1.2732491707907583,0
0.001133070791909072,-0.2676956428068709,0
0.5430785157385258,-0.4787369011007032,1
0.7927584081029592,0.45849655111613064,1
0.004880973898880439,-0.7592639397151844,0
1.9439091952611622,0.7335651130980159,1
-0.7410997027110343,-0.8584662432659184,0
0.678752151507956,0.624234479200064,0
0.40124891733903156,-1.063513706284716,1
1.0416737995764618,1.8820219496202657,0
-0.07777261326666163,-1.130655302453227,1
0.35617183782953293,0.42305656621107274,0
0.01185870472876438,-1.2676668354800715,1
1.0483373253136807,-0.12421927502738565,0
-0.5051959979782673,0.09642328112532057,0
2.7161895699213603,1.2067092967342226,1
-1.6222686338534227,-1.999212054626505,0
-0.5406968646888028,-0.9138975286333987,1
1.1870918332913376,1.2301167888226314,0
1.0268565908625682,0.09298120765675198,0
1.2087785325747487,2.7282601469210808,0
0.3715338812896765,0.254059280768415,0
-0.470901706127169,0.6768188905162351,0
-0.04600268389122286,-1.2362601372738542,1
0.3541942222589275,-0.8685912833615023,1
0.5734087493916445,-0.13847916315291353,0
1.2983890554105286,1.0406231288830337,0
1.00631473312454,-0.4295150386645676,1
0.8911405786696535,-0.4176624878517392,1
1.7390278355305826,0.49925329589565376,1
0.6858060617385717,-0.22074873127994982,1
-0.7630111737213136,0.18096663305852576,0
0.9042509041850401,0.47848587312287083,0
1.2961452414590793,0.2455396872249266,0
0.9337652679761569,1.3084022855581556,0
1.9245810962072945,0.5463119263000019,1
-1.6799913779285172,-1.4921772728500997,0
2.358773111680542,1.3686709101046715,0
0.6249066600563372,0.47169234468180754,0
1.0926383815533303,-0.5796477565699467,1
1.7086588304311798,0.06189686315631583,1
0.08003648800603336,0.39808334959214187,1
-0.022326561417098992,0.46302831332870475,0
2.608891342721109,1.077258542188312,1
1.8099927960071125,-0.12434430179773534,1
-0.8172156604862557,-1.4638813385662857,1
1.160754778569943,0.12308893522162026,1
0.30661237555437776,1.4091710666945558,0
-0.5285212820980394,-0.36369617452163533,0
1.4370314520206897,-0.6865628950872845,1
-0.694627276933774,0.37309322768536435,0
1.4372833582843796,-0.19532907282497466,0
0.6424415811229984,0.9236469308495937,1
-2.3131677901929097,-2.5569333056481383,0
-0.5046295010185213,-0.27888232108408234,0
1.4670976871673673,1.6008680379405886,0
1.6677750872734358,-0.4914629732793164,1
-1.3053339081570763,-2.255775563621724,0
0.43633405735726677,0.2849866425507758,0
-1.3185235252224599,-0.8417101514091171,0
0.04986663722218691,-1.380574249443148,0
1.7454802548894262,0.10882264896147519,1
1.0690724294680283,1.560569027618099,0
-1.5619867995570227,-1.1886102104014042,0
1.4358580839359945,0.12197803917301779,1
0.24234728257237959,0.1563816239144939,1
1.5537878133629803,0.723644089659402,1
1.3271108698993253,0.2172324509116324,1
0.9892361215251638,1.0716010806820553,0
-2.011059855614925,-1.2463139575764046,0
-0.7108268456053667,-0.4740911072781317,0
0.07903817647448785,-1.5085981930776602,1
-0.0599350659143043,0.8750516690707622,0
-0.14461834881689833,-0.22285201903551877,0
-0.22665390807045327,-0.5642958131393663,1
-0.4723995135606627,-1.345788874824134,1
-1.0382345053819453,-0.9966715393790019,0
0.8115007941050281,-0.08545436945283343,1
0.9759084052092077,-0.2641560747984105,1
-0.3278195982998546,-0.40518320005968955,0
-0.6526124185333095,-0.655187820217599,0
0.38681153635328536,-1.0736814792703517,1
-0.7996827264179008,-0.8959595127044323,0
-0.9320333641127441,-1.6555134607373676,0
0.9858000000549769,-0.0054519088787227795,1
2.5022247895190857,1.1996049698172786,1
0.7300039093421131,-0.3649877478453878,1
1.7742600454240338,0.21680528956433437,1
0.00924520876259693,0.2793153800639731,0
0.6181768558014104,0.7810657208039183,0
2.0152450763554217,0.5387255947282993,1
1.1221913412973343,1.2737068040977593,0
0.08975372095935792,-0.8485621336317235,0
1.3940738678502949,0.596415169756592,1
0.5748606589720424,0.4624211352041933,0
-0.4884959747800992,-0.16972476418669252,0
-1.3777311270393224,-2.317775654764645,0
0.25182079028422655,-0.8596569873271241,1
0.33079852631619383,0.6133523056029629,0
0.498011263543624,1.4795880407639477,0
3.011758256348502,1.1749112353339712,1
1.6769589161962593,0.10462835877330887,1
0.753226277664192,-0.3347141356118529,1
2.301509868744305,0.08581278605456055,1
1.0554010389098705,0.20561647207827222,1
-0.6466332631876581,-0.18692718773068653,0
1.5011775131485223,0.2532911937436572,1
0.006907412517273891,-0.28013828946930536,0
2.1517488110047127,1.3818717207608946,1
0.5457622095130468,-0.8389340323609058,1
1.0412294576897163,0.0850778136416845,1
2.0214423280765064,1.3285336783005286,1
-0.46136487158264217,-1.0899774033621792,1
-0.7255659718037085,-1.1999804198988024,0
1.3393890023163206,1.6497364861239707,0
1.4615004955878197,0.0446794060993355,1
1.0208673620107853,-1.0639282038081723,1
-1.082305368275717,-0.6715183231594811,0
1.2764481375092809,0.7512182420121504,1
-0.11518348424780078,-2.269295170673135,1
0.10567446408984926,-1.2835681446049272,1
0.108947389271987,-0.7338449509834089,1
0.09999161381799015,0.06682709503479727,0
2.0638827631417436,0.23773581019912982,1
1.9083210204996461,0.8531480046884484,1
1.2952790030157142,0.6034141338733445,1
0.37905834638533425,-0.12242663222834742,0
0.37008752468044004,-0.14853049443233024,0
0.9995405921853042,0.7894809466605411,1
0.9129837118859776,0.14863774114803718,1
1.169247751047749,-0.6243404258262614,1
-0.7718307097760501,0.08172689542305954,0
0.06332857983540996,-0.6247346846762452,1
-0.06179409390986779,-0.6244419629961804,1
-0.5973836335875393,0.29930253227468107,0
2.544179453595768,1.117699994414638,1
1.1835470801570356,0.5747667574062038,0
1.8555524372401733,-0.7675765730945162,1
1.2812214002057956,0.0222240326396855,1
-0.12438228008952867,-1.3562362696485217,1
0.23761390247516287,1.338351330925188,0
0.8827186519860707,0.16545869272772154,0
-0.06958021386001274,-0.3299828189256988,0
0.35097039669866603,0.7523086636502258,0
1.261632442246212,-0.6063811513556846,1
1.3579625589163413,1.034139213962623,0
0.6662199924602893,0.42982463956883854,0
-1.7532787440723674,-0.9567520473401195,0
0.5947258012872073,-1.452882053872516,1
-0.6872841743253557,-0.204034372036754,0
0.38903368096084256,-0.39643684946495517,0
-0.29627775954482943,-0.8249382447815349,0
-0.6036717295830896,-0.022815488875111686,0
0.7197352513377665,0.5215761200804194,0
2.1762837557850654,1.2629936467028873,1
0.016180401184408638,-0.024146528494279534,0
3.418876228873149,1.4237249767710725,1
1.0671783108867308,1.5751361959480679,0
0.0467506937654674,0.2324555522685819,0
0.5951509335954689,0.42427729525884206,0
1.6100201087851722,0.44714624453695023,1
3.3912566618172644,1.1782620591936201,1
3.224437216999232,1.5383115447137472,1
2.498446604177585,1.5291429600976096,1
-0.5317315842161918,-0.6810641651742461,0
1.5981542870875218,2.138506338768057,0
1.1440313382456884,0.20965578460287138,1
-0.11135998437326658,-0.6399467695862253,0
2.6617832476137124,2.5743414064280716,0
0.8349353012731296,1.0950578333463774,0
2.869025478297523,2.2219172634359468,1
1.5990672558892722,-0.4711835330167263,1
-2.345277488309742,-1.627816782524745,0
-1.633500916278478,-1.2172951726765784,0
2.0901779128688798,-0.19409925676990555,1
1.318354764253173,-0.7429964229909284,1
0.455802766377263,-0.5308806916986447,1
0.17128222858836928,-1.306716509779244,1
-0.21860507235825266,-0.4431562037422392,0
-0.10061170269849205,-0.8759310562746172,0
-0.008266675873186836,-1.1446754173590252,0
0.39460521009641547,0.251817526929725,0
1.6731154905821741,0.8649712901090392,1
0.8448333493713098,0.39288520837285,1
2.1288616612466824,0.059167647619721285,1
0.13455592176735923,-0.9389645642261306,0
1.0522225549649133,-0.21277869961624615,1
1.393476313585725,0.05785470723644124,1
-0.30884280049840557,0.3217443897171557,0
-0.25823206519162056,-0.49470948799223735,0
0.6484040141955284,0.5834843816418193,0
0.41502235264186926,0.9572188461806843,1
-0.5442974958630475,-1.6572300122815473,1
-0.26886771524184094,0.14349711470448698,0
-0.46355786471507954,-0.990396875723741,1
1.191339241470701,0.2696450497847749,1
1.6568116372369428,0.6589225948965705,1
2.9367975793602357,1.2556926067313914,1
-0.3471009413960029,-0.8005470992510876,0
1.1919593427665742,0.7570626280975457,0
1.695314670190038,0.490066864768645,1
-0.8852086077579333,-1.9021437672367842,0
-1.4169927075065905,-1.178428217440424,0
1.3839205487188417,0.17990532581999055,1
1.0422468181968465,-0.6421011724313014,1
1.341974787281195,0.7499701836244861,1
2.369216141523842,1.77156913150841,0
0.14464319016305952,0.5953265049715977,0
0.3130218375558764,-0.17221375819752574,0
1.2177207181098366,0.29114511860768183,0
-1.4591630182780935,-1.3472015580253047,0
0.580853409438308,0.37884278220810513,0
2.7132587477199337,1.4499069858259384,1
-1.9841691020481769,-2.9434473360808004,1
0.05142669151407182,-0.39027081653839574,0
0.1968235836127386,-0.339969696620723,0
0.8643791454453067,0.7956923892036426,0
0.5815188529081441,-0.9333024465747956,1
2.375759411707245,1.374762345505721,0
1.4732562357871304,0.09104126505938841,1
0.6173601327339774,0.5440591382817034,0
0.7533138950054863,-1.1077442712420633,1
0.7310804424002172,-1.3699205560727208,1
1.698638910453603,0.8806413099374495,1
3.5518516781214737,2.4285271449878283,1
2.112226629859521,0.8632961302350203,1
1.1316365378105862,-0.3309990620794415,1
-0.4690272547255648,-1.4081526755104476,0
1.229522281491234,0.8898627888520486,1
2.103441007260397,0.5415255045728623,1
-0.6718245885643275,-1.2828641532439435,1
0.016373255191680647,-1.6202459960181312,1
-1.721014977022215,-2.0186415028683284,0
0.7954587397034721,-0.7983292071632592,0
0.33406299194655154,-1.1095205584865175,1
-0.4818464969001772,-2.2615728888155755,1
-0.7309197033261767,-2.5423255897034265,1
3.4745035699588485,1.4937590809426828,1
1.2040434338602732,-0.8939774011351876,1
2.2002140889475266,0.07962137889018064,1
1.570255461952532,-0.5068121931218261,1
0.8131645766153796,-0.7657954639279781,1
0.220879284360079,-0.30835906561652027,0
1.3363215678470441,0.7910029399967135,0
1.2842675780871942,-0.16610777012075165,1
0.9483540964978596,-1.3241759372986797,1
1.2759481477198227,-0.9924500275730344,1
0.1666892461532805,-1.1243639099058031,1
1.3205205615405984,1.423016588356567,0
1.0851421841229933,-0.29753385651778924,1
0.16207600270341493,0.4093635557532417,0
1.7237959790191404,1.3110003065124805,1
1.1108761440054218,0.3732566293039424,1
-0.49992354530901234,-0.7691308050267769,0
1.5541759901890009,-0.220169429966514,1
0.437448160638139,0.11620366956828354,0
0.16125506429247743,0.10204906529522088,0
1.9985961451295435,0.996223270301089,0
1.1228990839147521,1.3087743067619448,0
0.3831086088712088,-1.113381098212135,1
-1.5959809635763385,-1.7238246563023025,0
0.8212256803371667,0.6739907652827565,1
-2.263765131922719,-1.3881028182736532,0
0.5478264789321338,0.7403647661049677,0
1.2949575023715445,-1.1171303915510307,1
3.5627687856913806,2.9829173980924555,1
-0.388240964028996,0.07042348761024626,0
1.624047275888033,2.3483109333867844,0
0.4821669796497215,0.5756382295457356,0
1.9244034533888388,2.768172311553946,0
3.059961183906047,1.581273255181989,1
-0.6268731145991414,-0.21683850784841088,0
2.198433308062654,1.3003219774139763,1
0.6987205088713341,-0.5911808242487018,0
1.5594640959114439,-0.671020879742586,1
1.2771731575784468,0.7289436471295976,0
2.537520546605233,2.080937443638466,1
2.6247393068894125,1.1299439284800707,1
2.682490644612471,1.1833643125178355,1
-0.07035154453472711,-0.07813874407831954,0
2.5377850142892147,0.9082663611550109,1
-1.2519318529678647,-1.1697918855300686,0
2.0800503024052244,0.649090854080377,1
-2.466105223915785,-2.4619053062463134,0
1.996229788395586,1.4876650068982118,1
1.4021929709975935,0.6434447330546819,1
2.3587794398541044,1.0092429360891977,1
-0.9865611602665203,-1.0194434899621423,0
-1.103643747433515,-0.2575951763698624,0
-0.2140025969903545,0.329953613266752,0
-0.2029613445927055,-0.9587991995618146,0
0.5912817219494673,0.43685992914611277,1
-1.3403167157421316,-2.307489183245529,1
-0.16127429100890445,0.06565106167486422,1
3.996123398475378,2.2640032892058546,1
0.8458507825226707,-0.3441441294569358,1
0.44900571159389835,0.6899794876312665,0
1.9287144678999644,0.40596244899359973,1
1.309055114651932,0.7246527346514311,1
-1.4345058470005252,-1.0844992627101893,0
1.0871659317279636,0.17481128527987358,1
0.8759123286670445,-0.46581842713337923,1
-0.34483510932577877,0.8670640261166359,0
2.818590865612399,2.461218132894768,1
1.4216717381620325,0.3935220762443713,1
0.496519490121508,-0.0570152427200528,1
-0.37918129285128166,-1.0478007379423522,1
2.5161278824569147,-0.10063506814119945,1
0.353790502306619,-0.02057527572550603,1
-0.09853122897288427,-1.2045584750787917,0
1.1547364506463345,0.3073339197085136,0
0.565402396333671,-0.41820602693625236,0
-0.6680833804543915,-2.577173702388256,1
1.724531585904347,0.4324188888906902,1
1.4904400965532645,0.5529067233272836,1
0.499725782136888,-0.4620995919303199,1
-1.1511755622358484,-1.164445450354781,0
0.5380226434129106,-0.7412417021114911,0
1.0222493022507395,-0.7230805096273153,1
-0.3852241424779992,-1.6226610288057082,1
1.1962652472075386,0.4954578825209326,0
0.2680959160333995,0.15209245726045972,0
3.603459279129818,1.5435977601631004,1
0.6591210109526523,-0.5103737293530815,1
1.2302180537034924,1.628940443657328,0
-0.513293692219344,0.005436649266602725,0
-0.2902596810889262,-2.273248907120012,1
2.8795035579293105,1.0814417295125838,1
1.2266935373053038,-0.024610373034163278,1
2.0663558338611807,0.9847626147062115,1
-1.0164649787823758,-0.6370011091292576,0
-0.8261215290516015,-0.5953997398797529,0
-0.22823831805248926,0.304746210615544,0
0.2685207830031539,0.9112317675248873,0
-0.31815387412797,-0.15153229777766375,0
0.7596974827266699,-0.7236515267452364,1
0.107151771726534,-0.3430225466999671,1
0.016813182074046064,0.722890191973392,0
2.647421268368975,0.4467541955419761,1
1.146674020140662,-0.5887474855421241,1
-1.07553892705319,-1.5472049231864051,0
1.2889824715295755,0.35010427665153304,1
2.6442917837812563,2.29365162953534,1
0.7188757477196668,-0.43672864253629956,1
0.6190878248039672,0.4037723524101016,0
-0.5353783845680014,-0.1757877839632766,1
1.8118244295622223,0.7651024452233192,1
0.899716229754134,0.3589291397695123,1
-0.35098995766579216,0.33357715731354076,0
0.5562722192897053,0.5658112762019333,0
-0.6585284979990489,-0.5583751618273946,0
-0.9845417030932018,-1.1587518467598539,1
0.9641974794297477,0.46888028900101186,1
0.655675280447774,0.5684293331222261,0
-0.848113511514423,-0.4852226827918988,0
-0.8375444869876455,-0.6529344261167117,0
1.428572793416159,0.11944398514589337,1
0.6307878704330614,1.1537612640690826,0
0.9811852341108038,1.4301753037719012,0
2.0233469320061865,0.542952715554294,1
0.01357575937169675,0.13245851746805207,1
0.5748075580464209,0.4621259619913468,0
-0.010724177389169975,-1.0764370491171567,1
-0.5231202289505956,-0.209522776854074,0
0.2688646607733941,-0.9909557408066618,0
1.4613105017688977,-0.20342375837160268,1
0.5255662865382738,-0.45628213412631696,1
0.8443525395258894,1.7180230923143887,0
0.692278999675084,0.08692945339965631,1
0.3309167302197908,-0.36375592418041286,0
1.8353438329453506,0.5451293132245391,1
0.31153985919037747,-0.17719351988997967,0
-1.453677360442164,-0.17207335263050574,0
1.3590842454856031,-0.321660682455204,1
0.18771195323743045,0.609236271224381,0
-0.817546930819235,-0.6329970088841481,0
0.13278795231708873,-0.2094439301736026,0
1.1856805814599287,-0.5963695274980583,1
-0.33177282240070555,0.12241000774337617,0
1.6659204161934864,0.5685543116124205,1
-0.36723029977936283,0.11937547188542011,1
-0.13271954873507227,-0.5542205666342626,0
1.0205448807945927,1.0195130355466078,0
1.1217797343185267,-1.359355589092116,1
-0.08898659986519464,-1.7090032575835412,1
1.6936363145741669,1.9182564497991472,0
0.5457343990836574,-0.6016232237223581,1
-0.49645350858547777,-1.5154060861364922,1
1.2176313582155622,0.12640285658333159,1
2.0229553786777834,0.9057861541518167,1
-1.8292393870170742,-1.1226463603901133,0
-0.4604215158802043,-0.4008406217016532,1
0.11826370927000646,0.4489688244117398,0
1.4747225375420696,0.3392548501860273,1
-0.8171738010040976,-0.28859684853815765,0
0.9154285728745147,1.767064510644196,0
0.899577065366656,1.5664731319261165,0
1.4873251542871864,2.0611548684507164,0
1.7957789812958131,0.8048896751915222,1
0.24784679802245457,-1.3204438773770777,1
0.7989912127203828,-0.8218888585573794,1
1.9337400065657036,0.5468773361254814,1
0.17234053524634152,0.5442384585412586,0
1.534609754853357,-0.14786510819930818,1
2.6686714946980583,1.5715148700026487,1
-0.9823463075230652,-1.7167096653642575,1
0.9973424181673817,0.6209424103060824,1
-1.3614689199737113,-0.5724717503326876,0
1.1179571708944014,0.11843463369386348,1
1.0225445549328298,-0.7608469117775553,1
-2.2831930381086822,-0.2172696567445813,0
-1.507413921786994,-0.31183094194922717,0
0.03732848089648422,-0.5486298554802986,1
3.1496709449960463,1.9789561417398644,1
2.1184182405203416,1.8225637460277972,0
-1.117922416722988,-1.297260201123689,0
0.461243730406192,0.568380769465852,0
0.45195227932980897,0.3592975867931075,1
3.0072550625127152,1.8157941558349264,1
0.45667729714340666,2.10742312992916,0
2.680019872852008,0.6009752644141656,1
1.842983173216341,1.120366546864797,1
-0.47183753484731983,-1.4527160516050828,1
1.1362995789684185,0.003563010467357277,1
0.5906930885025149,-0.7318936472831253,1
2.843063757138057,1.6712502367305475,1
0.22922681716313206,0.24338847893268664,0
1.1761073233465542,-0.2781917334394708,1
-0.7244446735731005,-0.4325455236257657,0
-0.13937136405575845,-0.05411812383496164,0
-1.5192547057117551,-1.7034285919367191,1
1.7244426063334712,1.3931036250228168,1
2.1093167643540447,-0.30126419321017583,1
0.15222029204186735,-0.1375602658423967,0
1.804356730893642,0.9769852386860822,1
2.2144305297977405,1.1026116325823523,1
0.5284203668854026,0.4936769383731557,0
-0.8378244883595389,-0.9383363115037271,0
-0.9819497093776091,-0.07753995482276838,0
1.116908734131141,0.4092634924082857,1
2.6402873545938177,2.258676618794978,1
-1.3234988751672918,-1.3120580426166473,0
1.1699006573903457,1.2300447812855981,1
-1.0281980225193876,-1.3107993306531232,0
-0.09992299550343642,-1.0682800460129842,1
-0.47459372980144177,-1.1304674998645745,0
0.007488987734158625,-2.657652865792118,1
0.34595405024450543,-0.6552940222754966,1
0.37781755197704214,-1.048875043615051,1
2.0983098840757606,1.2909840278662745,0
3.138169554827388,2.108596484628014,1
0.257079581899613,-0.942868942937243,1
0.3710532673821653,0.8259717117717374,0
2.4401673536373565,1.8274940521348364,0
-0.9679128589934997,-0.023290432635980945,0
0.1769378269336157,0.7783363357993955,0
1.837925112077241,0.5613068054944881,1
2.2671831868530186,-0.020802524608621788,1
-1.2450899174929766,-0.5680221768594419,0
-0.8666578337995885,-0.28714826257533976,0
1.1247233438932192,0.5335699771787601,1
1.4401876433608252,0.3140588517356548,1
1.7200263559098612,0.19318441760488556,1
0.326082372736316,-1.2308357310958753,1
-1.0074596926096586,-1.210533589197896,0
-1.1634284386378424,-1.4112471032334248,0
-1.190149702832756,-1.793472060407588,0
0.4921687757830857,-1.5080522738477597,1
1.334119095756625,0.0753387176099203,1
2.261312363764325,1.1930509844162835,1
0.7668332526342094,0.14542893423845893,0
2.736846749968092,1.1132122502230553,1
-0.31241548888754966,-2.815861194513247,1
-0.06414637591732841,-1.190091482372742,1
1.316681545496888,0.9197551761075662,1
0.14853549396816565,1.3001829407285697,0
1.0407891135518106,1.42635075355126,0
1.739795754336758,0.40180308527018255,1
-0.33932742215455924,-1.226416651283577,1
0.8347610102318276,-0.9363022371564014,1
2.2595280859193467,0.9367093429955157,1
-0.1104925323178176,-0.5465476960607528,0
1.3057269436689114,0.7448150066040579,1
-0.6174248676494535,-0.06103270760557519,0
0.2767275142350987,0.5462237815590844,0
-0.8368500801117801,-0.03524119698243464,0
-1.8888660182770067,-1.2858859751403209,0
1.5961727151717595,1.9596216798444985,0
1.3572481508949055,0.3660307310713017,1
0.7820847520408687,-0.5201372527021458,1
-2.8529116328565975,-2.299715171717455,0
-1.1030163399383568,-1.3417864414198626,0
-0.5937170757995627,-0.30745783369044494,0
-0.005872780445739192,-1.4912423775858321,0
-1.4845669890469124,-1.6398939110444588,0
2.5022602485544514,1.3757104649652347,1
1.4703559120257774,0.6512730927508089,1
0.42343609575765123,-0.5379164995728581,0
-0.6752754661529567,-1.149983197609524,0
0.7359478800093882,0.26847175892898084,0
0.46374573838278144,-0.8745211063083522,0
0.6229814398884307,0.3299694472659959,0
0.8198093056867709,0.431920056556434,0
2.306488751831886,1.2108178302184778,0
2.969466026708137,1.3098439788861718,1
0.9929449255902167,-1.0778873072368724,1
0.6486434430994147,0.4558754597351283,0
2.29396863327507,0.9523244831465204,1
2.901797629580873,0.9980865528845547,1
0.4734316899511397,0.2667599185245065,0
0.42292507748488306,-0.678436234190618,1
1.832805063393893,0.7580341942636639,1
0.23550958370340985,0.018538226417243633,0
-1.2588351173472379,-1.6346799994405463,0
-0.4702206484110943,-1.0461281492362409,0
1.2744612554447574,-0.04367224856755772,1
0.38660275903366115,0.1160092180768869,1
-0.7265192751619451,-1.0398015360858996,0
0.708025516461909,-0.5367063499195275,1
1.1813545475873624,0.7136699461131684,0
1.211444027897563,1.4679110094736452,0
1.839415991428358,-0.18020433367315947,1
2.154510170966076,1.281150918742575,1
2.1030915077249164,0.1939807495710376,1
-0.20569198063941993,0.014028362797464921,0
-0.9548822804294647,-0.09078238832634651,0
1.5339771880277024,-0.1301068537577791,1
-0.639798947598807,-0.40193487547723666,0
-1.3654515691684384,-1.577419150346782,0
0.7652926481493318,0.6648514879857034,1
1.420932324464778,1.2531329973165257,0
-1.1972672223277225,-0.819666950926403,0
-1.020570104302061,0.43356050857596,0
1.4409895300653563,1.3461807277020035,0
0.11406096701832767,-0.11936228778462223,0
-0.33393169519744204,-0.24539345494355558,0
0.36531963301908443,-0.25019223772967936,1
0.8883959548031071,-0.15609940955119067,1
1.9669559398375234,1.08685320526053,1
1.4823527994477692,0.8820197113536509,1
0.3511931344688022,0.1300968091059179,1
0.39469329210408866,-2.196592647544882,1
-0.42118954009278203,-0.9049454863863811,0
0.6436567381225863,1.0955275322097067,0
1.0977538770352395,0.26192606876562063,1
1.0366527202445854,0.6921400946068226,0
1.7422140611673997,1.005257396788343,0
-0.013247110372748611,-0.1406112002140188,0
1.549944249463102,0.5780800114730105,0
1.954171522726543,0.43535190315473343,1
1.9480280742776648,0.8487377892717168,1
2.3108168863352816,1.6996565848202472,0
0.5250588517826449,0.020179422654202403,0
-0.4881721787903933,-0.9254721521392937,0
2.0929827709729456,0.5118502512984828,1
0.23013951208066008,-0.7929754577585127,1
2.3898793498309376,0.5740233076106728,1
-1.0712568387777077,-1.6119593631527247,0
0.8808140182264643,-0.13236267520114067,1
0.7783161888314358,-1.5956713028826812,1
0.9414211120948066,-0.3217762377882759,1
-1.5905252941585466,-0.7262078348221592,0
-1.6816616981711054,-1.2332573762841583,0
0.5425775727974695,-0.554583565508885,1
1.5209628624251514,0.6128280949292249,1
2.2118499334086827,0.4853679183447454,1
-0.1856309477512307,-0.30558392620119895,0
0.07551463225166935,1.7113772731124983,0
0.9990646432553161,1.2452433410541581,0
2.2448513259816485,1.2612819544563454,1
1.03999955596661,0.09317515195579143,0
1.2599896933027053,0.23473013919412064,1
1.5536290385737077,0.6207461218933237,1
2.3794244800731192,0.24766868054168717,1
0.3442837244622884,-0.8443784800463462,0
1.0875291955367838,-1.0591483296819169,1
0.629984138651371,-0.4888059439336877,0
0.3078226962420176,0.30516581894498807,0
-0.6857202457718844,-0.12501647724788034,0
1.3844257678313707,1.6041863980146291,0
0.08236238529382595,-0.09067475848916905,0
-1.5322630021082955,-0.9145665197070421,0
1.3870447324922657,0.0247899683759718,1
0.6215481502545103,0.4200045609327959,1
-0.29159471478498433,-0.2647652431959963,0
-0.00174835750818214,-0.33343881430568206,0
-0.8457056089661046,-1.651494898740774,1
-0.53183572039454,0.25836315646037533,0
-0.6237643942596582,-1.309527887731272,0
1.7488161354166762,1.075259135640501,0
0.42499928076914584,-0.590514891767714,1
1.5255147475492097,-0.06491181345585972,1
-0.3599082665096055,-0.5861540314661696,0
0.015303661202238477,0.805467273095315,0
2.1371344459882957,2.306235459104219,1
-0.00381054300791012,0.1994603906782851,0
4.139853010866083,2.638508096455347,1
1.5552239897983597,0.26259894369771425,1
-0.6732737657910273,-0.3266592280151047,0
-0.8386308332260297,-0.5330617096078191,0
1.3676095601429463,-0.0232036283289015,0
0.9331972694431453,0.46351414147264497,0
-0.4274158723788882,-0.08072006081436457,0
0.7212515191734141,-0.0019686795185409364,1
-0.22516852105617466,0.8012953416047971,0
0.6966138185973769,0.11427017169113922,1
0.8965928911710964,0.17421215499912587,1
0.679383431980931,0.6547001818699419,0
-1.5632587298642477,-1.7815101539576708,1
0.5899841061954082,-0.6065509252917938,1
-1.2878271530770102,-1.6597162665430605,0
1.1623279339891233,0.5394940355148761,0
-0.3988517764118043,-1.8473743342275084,0
0.8062461119636887,-1.6181983704404317,1
2.3829386027876254,1.515825027238471,1
1.5310592192877923,0.8374752722386865,1
2.9537796863643084,0.45566020635557325,1
2.0273409360113526,1.1328721618595745,1
2.1954464582604905,0.808631483421121,1
3.326106468542447,2.100299040055674,1
-1.6434411866443952,-0.8366478964638961,0
-0.1952661007428602,0.6339354805841457,0
-1.0632844783405946,-0.461553794267537,0
1.1850468677262038,0.9398593152375199,0
-0.317153960218688,0.6346167450863998,0
-0.2116837987076603,-0.04717388456708639,1
0.20449645026841523,0.4100387525634134,1
-1.0825394925856158,-2.6246156627867294,1
-0.2251572675773834,-1.6221906787978542,0
0.8981798219970324,0.3100665625364159,0
1.6987532653833393,0.8234901147392504,0
1.2992262668984833,1.4312498881080922,0
1.069033578071542,-0.47818843138702,1
-0.5104667093684309,0.1709955946541456,0
1.357359183109937,0.002665823459921256,0
-0.7803547280837353,-1.9121912263068355,1
-0.5682678047722383,-0.19050739081097418,0
0.25005820332355866,-0.17258286518844576,1
-0.8723579533895867,-2.3873501641829513,1
1.4728045965436185,-0.13624820890064765,1
-0.7374156750109013,-2.173545379690939,1
-1.11949517809813,-0.20887259638789635,0
1.2272327413942852,-1.2430453526328267,1
-0.6595537228163126,-0.7339700605999887,1
-0.8692986671456938,-1.1289650878547304,0
1.1974098770124828,1.0657085305970937,0
0.32461480267424986,0.6392990833695458,0
0.6988001231397278,-1.3379264230627552,1
0.6843359857807443,1.4724265423666059,0
-0.9087583591532,-2.2386912746802796,1
0.8671199674007054,0.16769662760228263,0
2.832373598654796,0.6538998611736515,1
-0.49513680246354863,-0.3650324434925362,0
-0.3395063169006133,-0.6309968573124893,0
-0.2910709110766366,-0.14669405488756837,0
-0.016113093018824198,0.38393303194772904,0
2.2752401482504627,1.0246106658157534,1
1.540240845199353,0.6132000733607572,1
0.16708623393715868,0.9878676528297547,0
0.3004504888710759,1.4305526050992015,0
0.9711162769509825,-0.4605775168944632,1
0.2771040063673703,-1.0928292902682215,1
0.7846577856305472,0.31731798322099236,0
1.191066499476063,0.3223753753801826,1
0.1392475866315285,-0.4728225641314053,0
1.7283729576681153,0.36116788112721177,1
2.543176904799703,3.4669129990220933,0
1.7165004259276881,2.2722773888675167,0
0.13213354074169237,-1.5147625360323747,1
1.5595520811548313,-0.08312028609104706,1
-1.0770203389591932,-1.0833772711535843,0
-0.3464252367562595,0.6324686339094984,0
0.9455450540952333,0.20065841658169634,0
1.582334664593174,1.0584195400761829,0
2.5594526934587734,-0.128481832818363,1
0.7842979436602268,-0.3305661281117709,1
0.5424474620940328,0.7878851189178311,0
3.0936102027252796,1.1637331760564706,1
0.6438016134111763,0.5495232702356533,1
-0.1082920307065194,-0.11547033559615864,0
0.30105181529415326,0.3016698173398474,1
1.481361326819193,1.857181323589564,0
-1.212290210886257,-0.6851282832862519,0
-1.8549422942532239,-2.6327716083237642,0
2.4337423582805786,1.6686921567037096,0
2.0512933542615217,0.43200240225157305,1
0.5756612746617683,-1.2743769726145688,1
1.7104831005177878,-0.24130661697178488,1
0.5382482365107699,-0.11226432141483396,1
0.9387890032015876,0.5410263483486882,0
1.6772970683104256,1.667561461768897,1
2.3274059938977567,1.5947700470002741,1
0.5226399490437327,-0.885453051152862,0
2.5941814506959675,1.1210039737155661,1
1.3371185077423962,0.6231371026077143,1
0.5763536630144978,1.5980529530556034,0
2.0556450733618163,0.3312122213417453,1
3.5105920940833286,0.9813117998914889,1
-0.1754561874351108,0.250893992456925,0
-0.4264139657931689,-0.5040840343610182,1
-0.1095130726777298,-0.9860557706706313,1
-0.4128322756245142,-0.30931139757216763,0
1.3830207067150417,0.9214595293078749,1
1.2950324877254404,0.2097941012003561,1
-0.5132738966753743,-0.9385539817377458,1
0.34868335476847245,-0.6331781639711628,1
-0.4750525329625285,-0.2898205910725727,0
0.9032974731045996,0.8854321495643921,0
-0.1302788344987913,-0.19332902940706195,1
1.1528902612005096,1.0840313759636508,0
3.213569687443661,1.5996985209695178,1
-0.5931567273108836,0.07349809898579336,0
-0.4968656128927327,-1.152108369740895,1
1.4610443383262044,0.792000125185857,1
0.14446187086033008,0.3472880700570993,0
0.6210990762263537,0.4243208543923675,0
-0.815886224565676,-1.2622657317698753,0
-0.9507525644249274,-0.6165649100081014,0
-0.5088575717149496,0.07247477992881987,0
-0.77487572761219,-1.087813257679231,0
0.4123393901520323,0.7192738445982405,0
0.9838051384959902,-0.10412598366704405,1
1.3331429400662922,0.07835464151884522,1
2.6252674241260117,1.2785975877786802,1
0.5095792355139823,0.2294839874630465,1
0.761839878352227,-0.8198864596662931,1
-0.003971798077583451,-0.25463711114780946,0
1.1162232382064887,0.7548897792607184,0
1.3793167929275079,-0.35898338118023027,1
1.4316090384320983,0.1532288184054749,1
0.6533221446942087,0.6204931159914286,0
1.4411662364809061,1.4874222977590386,0
0.13887782011390695,0.11586023637857668,0
0.3407676582844336,-0.5257200146892811,0
-1.042277869295815,-0.6837364571714767,0
-1.5523388007654748,-0.9754327905827651,0
-0.34670106001252127,-0.9097721378001498,0
0.7733735264813314,-0.2815765991324897,1
1.9624897458396922,0.9294819872946325,1
2.0713144511701933,2.29718135564248,0
-0.018897562490086006,-0.2594249737724871,1
-0.05660805594453544,-1.1200546524311612,1
-0.9644895936951039,-0.43781614535706387,0
-2.048671638074356,-2.1444317219184317,0
-0.5520118094533004,-1.6838000644174236,0
2.1575526279201953,0.9026287006897743,1
1.156699068603531,0.06748017445872743,1
1.9001583528617463,1.061663098441553,1
-0.06049208805431627,-0.3171895103052481,1
1.0071758820871974,-0.2593918549861082,1
0.8210265327706563,-0.045698419619442626,1
-0.34183596454065124,-0.759541788573874,1
0.6816855740495422,-0.32179570325372164,1
-0.10272173509723502,-0.6639001602368498,0
1.8442173035436005,1.0939818607909184,0
-0.6513033232619906,-1.0623801184733541,0
1.4312005769686325,0.7192289277573006,0
0.7154769392108757,-0.40861514035673974,1
1.2619137883667673,0.5356584722322083,0
-1.0231491386459488,-1.8282359475573362,1
0.35723105111694314,1.4624877641736482,0
2.4656612012091443,2.788391429569305,0
-0.2721604412900025,-2.038593328387859,1
2.316075804088764,0.8750658335056503,1
-1.9727923937488911,-1.7358513731480374,0
2.3516140921310065,1.0212694936984283,1
1.2863343361020467,-0.23427138711745238,1
-0.8688943875396787,-0.8635243279630477,0
2.7017381534829736,1.1521147511250953,1
-0.3309045015197731,0.022396227507236768,0
-1.0777923806814766,-0.7464049055262754,0
-0.1207925842809518,-0.8058647614999742,0
0.7014330184905004,0.45458321502162574,0
0.691872895084676,-0.500714417759765,0
1.0019154513274255,0.6239211652020982,0
1.6898613922602268,0.12928731618014153,1
0.9034268115426906,0.3415844228007439,0
0.8377522980571364,-0.8142171718641662,0
0.23822977893950714,-1.5540717947996776,1
-1.676824069333798,-0.9580901808519161,0
0.0410700728177496,0.32722808951139926,0
1.2739830363116655,-0.11464224708668361,1
-0.04507775481458731,-0.36651269080965976,1
2.3285783858667446,0.9184448625494538,1
-0.2843491912179555,-0.8777873838733181,0
0.905187792057482,-0.018853166533079006,1
0.9936922929173774,-0.10050702668304996,1
1.0364594461573269,-0.0847206467321248,0
0.46645322773876136,-0.23206564551756315,0
-1.0123161346139697,0.1622418110737705,0
0.7823817616275557,-1.0998364144703787,1
-2.370586078308645,-1.7129558170001402,0
1.1389006605504888,-0.03884618903891893,1
1.1818488126814422,0.0761512390877839,0
-0.4069383550240824,-1.2023801295545575,0
1.3979023172681233,-0.04778311049178333,1
3.2659429873679873,1.2193314711844723,1
-0.14896255478894635,-0.4307205787914449,0
2.4008465678882835,0.7821198928745529,1
-0.12762088489974466,-0.6548211154477999,0
1.2696361600452266,1.8165628990925202,0
0.748377395047529,-1.0495839746649898,1
-0.06462658083325375,0.21897262886247762,0
-0.46823310217029496,-0.15427355315625488,0
0.640607556474364,2.1291484922111743,0
-0.7525585510501781,-0.7972844248009238,0
2.7081636402957074,2.8339967729417035,0
0.004450770859466768,-0.7053783453674962,1
2.4840783331103626,1.9394770028140853,1
1.3030041462186546,-0.7663602890810992,1
0.784510538875979,-0.739627632487137,1
-0.8323738679376196,-0.23290344723021772,0
0.22359440037563938,-0.22302688112883365,1
0.664453567070064,1.5359049191756395,0
-1.5615942841880697,-2.0123866059839695,0
-0.8703229338313038,0.47380460042064493,0
-0.7663138941476513,-0.027654012509103723,0
0.5092082383463925,-0.5815952788865937,1
-0.17412433097488983,-0.34318801851679115,0
0.0633961535327578,-0.09197419043479688,0
0.741784327299094,-0.12686533703115177,1
3.6184488537428203,1.8453597365377101,1
-0.9790238844346688,0.04556790699500095,0
1.0129206387248535,0.8295624582581984,0
1.4988095287740282,1.0357310475247117,1
-0.44494563846641144,-2.0900446948173608,1
0.9231961116296221,-0.29172022525318364,1
-0.6400215308476842,-2.077366900764042,1
0.8997683617683481,-0.4508807820436699,1
1.318947495854705,-0.8702736337751822,0
0.48726662846987046,0.2453889574599255,0
-1.0131762929840993,-0.6690890141240563,0
0.6224092228312897,-0.2369351081647045,1
0.7496467672056328,0.2811236890709619,0
0.9809012448107044,-0.6168908930573883,1
-0.1514437918792657,-1.4506517177456506,1
-0.7475079281894187,0.345828281628231,0
-0.09294870127708058,-0.03861921037629016,0
3.444695289308152,2.4052098616563757,1
1.8369768124641053,1.0895100516204268,1
1.0802131216714606,1.0965213094656001,0
-0.6286127338875012,-0.7042940094627582,1
0.9858888438986879,1.7087744111631558,0
0.7125900559595497,0.45634215087938257,0
-0.5315753596826882,-0.5791941098878187,0
1.6156541674266616,0.057486848717414135,1
0.3434321202893946,1.4856141887800756,0
0.5176261273714803,0.012748086837424198,0
-0.2278787733503038,0.1540615190395788,0
-0.6311214869839342,-1.00203239844003,0
0.49540186811266806,-1.2283938220273753,1
0.1293895185317484,0.571238454946991,0
0.7132468449365245,0.5491645722681604,0
0.08631671904137272,-0.4379406993560423,1
0.8917002550751016,-1.7586521882080746,1
2.46391982493296,0.9798188388628657,1
2.085438890969574,0.8194121177993022,1
0.14643800541634466,0.01643070722633855,0
-0.2718896495491756,-1.497275450643575,1
-0.6060871347246025,-0.9744294937665977,0
1.372105015595108,1.1747502127696765,0
2.8206596519722766,1.1957745248112641,1
-1.0538857290762205,-1.5893245207482756,0
1.8632020070991322,1.2191467898458777,1
1.0300852224633383,0.30599686695529776,0
1.0890964690789655,0.5608651594901273,1
-0.872776654348526,-0.7788770719630067,0
1.0157129432119971,0.4265040155440383,0
0.6001015582745266,-0.8963065224415163,1
1.0519478372583186,-0.2598457569888949,1
-0.32607210068908116,0.10945385213515832,0
1.543726669030933,-0.458616453590361,1
0.01826781310914827,0.5393168854427561,0
-0.22454328942379673,0.41427202250329753,0
-0.1336212782803457,0.4344238853784539,0
-0.845225461974507,-2.5009532087382333,1
0.23655361562452315,-1.425059921983666,1
0.5284737625672885,-0.4227009031277194,0
0.34330573117999086,-0.3751652641210173,1
2.0970788838419168,1.2060147149629044,1
-0.7473540213381971,-0.4019303523493304,0
0.7938815014432864,2.1570830124253897,0
-0.0395250875848499,-0.4161375900848598,0
2.294047832245257,0.7690261592753432,1
1.2084752457298975,-0.6298999064315794,1
1.7805783173188927,1.54123062974538,1
1.879461150604775,2.3177636327938385,0
0.6261148193072024,0.22784738754452716,0
-0.3893881806419483,-1.0870670124851325,0
0.06649259490746236,-0.4217027456197254,0
1.3210724646692025,0.5688577262408224,1
-1.3602658747372365,-0.4526224498693251,0
-1.122861542614907,-1.6240057938148251,0
0.49675714808027194,-1.0733601154421288,1
0.7768157830585379,0.3565226764310327,0
1.5301166853429258,-0.22343223465818837,1
1.2043237961187412,-0.8513310661297672,1
1.6044922394195225,0.14461954743067681,1
-0.4261268950180285,0.8738269235025994,0
3.3104661965053976,1.149043068420468,1
1.900136369547032,-0.1055606492068575,1
0.40804944571398405,0.1433716822472709,1
-0.7080362909257741,-0.6532314767018388,0
-0.11503820155646721,-0.07408879804676782,0
1.8241723216905132,1.390132571376456,1
2.5036040685052035,1.0534504432583558,1
1.639884069536793,0.43910859348642506,1
1.277902244641187,0.7695797659164675,0
0.210167930573113,-0.28227836318513355,1
-0.14661653297024002,-1.857685417179967,1
-0.3122010317176073,-0.3277825424054094,0
1.950194960746234,0.6952267811821674,1
0.39677658478856814,-1.768530582030043,1
0.8216985098792068,0.48246707207089684,0
0.3277554360293818,1.0400453886407575,0
1.0487834188782752,1.9814549265964685,0
2.4539221945928817,1.916143135619101,1
1.2413720250643592,0.011553278531144271,1
-0.461170635762961,-1.4502171452046084,1
1.543856513735068,0.35986527024042847,1
2.455946114803651,0.025651597464348645,1
2.119201645928443,1.1350118740848578,1
0.7865368521131747,0.9044643586372171,0
1.595840486282723,0.022502056372320323,1
-0.12805898278379368,-0.56679005883691,1
3.248711955569793,1.8587069496245554,1
0.15983306020283905,-0.8448565849125892,1
1.3549683706960947,0.7393923974567536,1
0.478314223503949,0.2094642887682039,0
2.4138806323848256,1.2444214440346548,1
1.8836564663633293,-0.03348894704430833,1
-0.6050731151241889,-0.31123321257054426,0
-0.9414529679586756,-0.6852778379975528,0
1.75309735422033,0.14417142579956818,1
2.687895458626019,-0.21980386065625862,1
2.2066708845814698,0.7206684218994502,1
0.4257742430390877,-0.3569598853249851,0
1.5258043523889724,1.0950362595694751,0
0.05870719390003459,0.7769705636421659,0
-1.4018315531431087,-1.2968805012296276,0
0.3192131347485473,-1.7484580427626886,1
1.356504361381427,1.5843914876141927,0
2.2720943559094042,1.0616815873581549,1
-0.3053496425562613,-0.734318343526428,0
2.185967027538723,0.8539813294295584,1
-0.3128643892185228,-1.8659807499573962,1
1.2466941752400031,0.3857862001927877,1
-0.3476417521705642,-1.2502981430056026,0
3.1539780997916225,1.4072491776019698,1
-1.3709034303087075,-1.6244888085427223,0
0.20151402957837497,-0.25685090395149096,0
2.5504344627280195,0.49516907064760385,1
-0.5880719658091297,-0.4062328193700231,0
1.623144934300771,0.832780223113149,1
0.2602067997966781,0.11699770367967727,0
-0.9923116092659688,-1.2819974598800792,0
1.5558819055451636,-0.03299856344433892,1
0.06134752599349288,1.3406131027277686,0
-0.19081778508691322,0.9002133243541194,0
2.467924494251375,1.9054452368160115,1
0.2966800625421354,-0.7193924016707347,1
1.2621898076689362,0.4864894794936187,0
0.1232180039036288,-2.095592363654217,1
0.39080231320224235,0.21074885591355655,1
-0.32244076611119965,-1.2001246044744276,1
-1.1647578223437896,0.20920396137581831,0
-0.30785518479961677,0.8353331841361656,0
1.7802398601840304,0.6177189072600376,1
1.592883417861541,-0.0719959428133573,1
1.5295862206454856,1.5134263694131571,0
-0.09467034960118945,0.28406617156182395,0
-0.06603785981849364,-0.2531550231732564,0
2.6907619894028194,1.4217965350213624,1
1.6912891521832796,-0.15455302903661944,1
-0.5896506515844071,-0.95729758727928,0
0.9705564008380876,-0.7357483792319152,1
0.3888471511110413,0.007439257528257326,1
0.3512201062458859,0.7833626928263354,0
-1.2447959865668015,-1.1162859304102202,0
2.623349890935351,0.8693076387660912,1
-0.39324430931253757,-0.8205760880224459,0
-0.37646854790797685,-0.4607070061184279,0
-0.7573893882624316,0.6057049942046913,0
-0.4513968168700646,-1.3573248772112418,0
0.3679919811723593,0.11637394087866507,1
1.114396123965464,-0.04206327838173147,1
0.18152514549132603,-0.5389871953921176,0
-0.412238486320296,-0.163173769008842,0
1.2635622594800822,-0.40219937080179036,1
-0.08149077873493532,-0.058816909774744755,0
-0.8574751233076623,-0.715092518545376,0
-1.0496571552404932,-0.9366361726289961,0
0.06578770994656445,0.10205160490093683,0
1.5207906129027515,1.66847712034839,0
0.8092643940399911,-0.11786684170885729,1
-0.11535176262543301,-1.1672117007820562,1
1.5698615403076888,-0.2883957583661056,1
-1.830243019767497,-0.926485677617889,0
0.41975445662643873,-0.4257400344237216,1
2.052547415488397,1.1047065068469313,1
0.5998587883174493,-0.59610010754499,1
1.9250774177496672,0.5859264152799418,1
0.8221949963230553,1.837572036600331,0
1.1600931353741855,-0.7612762618901007,1
2.1981823400012637,-0.07350185090803377,1
0.9609387132527933,-0.7997851882339099,1
0.5182327690450494,-0.9596372410275846,1
-1.2572278699847175,-1.2471163444313265,0
2.4814668395721267,1.8833964225948652,1
-1.7690972140822738,-1.6483093057105698,1
1.0416814034529043,0.27354619102241834,0
1.812182498034927,0.44869889040544186,0
1.5055841114196977,-1.0948947541215728,1
0.4632639335774693,0.20696079489318503,0
-0.011156075414968042,-1.1488014484545235,0
1.0014405642732576,-0.4370410387969062,1
-0.441916444756673,-1.5316322639686013,1
0.08291450435428153,0.4199094937372478,0
2.1885172293884905,0.5026242635009798,1
0.012610138165017794,-0.7467744311255764,0
-0.5176590457719918,0.07126059442636794,0
0.49952454107024413,-0.5781454378847791,1
1.4960774381953008,-0.629692691317141,1
-0.13913813180022871,-2.692039104024778,1
1.2583009904347773,0.8546717702197676,1
2.129606074805039,1.1236334794304,1
1.997133507505249,1.172414675129154,1
0.9883565472874714,0.22584137831995105,0
0.35933259076549345,-0.5833886985740949,0
0.14424320056621298,-0.6988219587747331,0
0.4868173630568039,-0.06636081591912622,1
0.7705916879745578,-0.9837831371457753,1
0.9763765141597256,0.29970627762363655,1
-0.6560360579423274,-1.6500087696843773,1
1.8848436949499152,0.39974689526966034,1
0.541643013835605,0.7983023805038474,0
-0.6963297017310756,-0.6212424231100663,0
1.3283608735177035,0.10561212848744521,1
0.05046674087707714,-0.6832568476467487,1
-0.34649085348479464,0.2261064368800474,0
1.398828930359851,-0.42221771303915473,1
1.8086521032947855,1.8187948199523705,0
0.6421717678681647,0.3312271213025798,1
0.7101922259108728,0.27015567117961203,0
-1.0915437575814253,-0.9533003960123615,0
2.076283248580685,0.9499083063127249,1
-0.07965076204116546,-0.04836652468040304,0
1.6364689446278933,0.2210691724792987,1
1.2015416078375207,0.2738166172942169,0
1.539354441309851,0.16723300462881877,0
-0.017290233277835902,-0.6963811288124564,0
0.05843559380495938,-0.4101020366268705,0
-0.38006069753029337,-0.0949196929738287,0
0.32504175830443666,1.0233155151280986,0
0.6487213152089003,0.8498654854501357,1
0.1296651816024761,-0.5099164341627098,1
1.3782418212291925,0.3436946102063271,1
1.8361514330717457,0.0933948397190884,1
-0.44926777277526536,-0.02921932643149159,0
1.664398574094082,-0.051502921231873486,1
1.7225284819347515,1.07690857421537,0
2.2735129578473376,1.026637605205962,1
0.7223709138248537,1.4125431591368098,0
0.9732336457456204,1.2870058249846628,0
1.3929491997488963,-0.2719290585192536,1
0.7341006612571263,1.184236515617495,0
-0.32658552282061015,-1.1180376130790046,0
1.614748815573425,0.6320639926846873,1
0.3948924784872486,1.394755699554732,0
0.5204075328666641,-0.3531685188769187,1
1.994153672725202,0.17023627138720623,1
0.13528580737841867,0.7601018763697166,0
0.533778471970591,-0.6266067669600592,1
1.0869457892109617,1.528857333346431,0
-1.1079986481001567,-1.3005479494669794,0
-1.505823909564752,-0.7457991495185482,0
-1.162558722633801,-0.9496422247721551,0
-1.2178465132027132,-1.7344331157249522,1
1.991445034606288,1.3022457583661409,1
-0.7370320318816987,-1.3746698855697403,0
-0.7713974301873805,-0.2895484729987989,0
1.2527717420930828,0.44863734921628756,1
0.1915157103962922,-0.6575687190627889,0
2.6243627652004107,1.3375486790080897,1
0.4303714934743097,1.2877831740628363,0
0.6477180965700715,-0.7368576588121347,1
-1.070933476277569,-0.8496842800501082,0
-0.37676797426846637,0.5173975305801842,0
0.8747833914879736,1.7474818180052636,0
-1.157639797804365,-2.307364119175587,0
-0.3601043459755441,-0.7209362224779907,0
0.6862852187715928,-1.394058031008784,1
1.7730875773562564,0.17587063159371133,1
-0.11074212804521039,0.8136447520942142,0
-0.3924646522693866,0.18993108722711732,0
-0.4118890435906209,-0.8240984905301727,0
-0.14641968424917992,1.241480438854648,0
0.6391892361908273,0.6623746016990416,0
-0.8985126168298695,-1.219213714798688,0
2.7858998708965466,0.9645332831983654,1
0.8613153695848581,-1.0746673570174554,1
1.69774092569196,0.26286311767156,1
0.39002165680550294,-1.0026140941666508,1
0.45878594136605344,0.01990111051060779,1
-0.8516345433927025,0.318957564364006,0
-1.1580468924266925,-0.43326848527417755,0
1.1197905488687925,-0.04586032954016966,1
0.9058400100115571,0.6078924608822333,0
1.9837255309791695,1.3067201887280524,1
1.0815084650393398,0.027788819145521487,1
2.4743318266848857,1.8178886347123338,1
0.643821818706157,-1.0371809355402388,1
1.938485268873551,0.12056365154482541,1
-1.5907755995241444,-1.0092744799998452,0
3.278971642814298,2.167758383028049,1
2.614297839796342,2.2819122212965333,0
1.9001237038113459,0.8517220768983138,1
0.9214043399927226,-0.7032034351189748,1
0.19401621248770148,0.9513926236526427,0
-0.4728847624560926,0.04160730916334652,0
-0.5896879733707261,-1.6335974984184478,1
0.732763410776503,-0.29139449800070505,1
1.9941076343616482,0.8642793364735709,1
0.05117929200715047,0.4166449832367541,0
0.8732866657597601,0.06237549389160269,0
2.47049146418058,1.266934583798344,1
2.0585816866053754,0.9656792219139743,1
0.006736364053576768,-0.3507182611820239,0
3.19867865781754,1.4538707364634575,1
0.5898533641000998,0.20046027599795693,1
0.04016304582169278,1.175722918298063,0
-0.672082474344584,0.034321109100695704,0
2.4342866391893576,1.124295636773845,1
1.504129948181836,-0.10380549409067143,1
1.3803438630293756,-0.2012639458354807,1
0.5231333641388379,0.2972645199133409,0
1.9835262876148887,0.7603861799124675,1
0.6141865052811389,0.5160680269296452,0
1.2509738267402477,0.23515843861422725,1
-0.6267881873578536,-1.3144521630783483,0
1.072311935972229,-0.6086128053844441,1
-0.8142926634231125,-0.3670774402858211,0
0.7596123281573319,0.7102503342253997,0
1.2310352774561457,1.1006970197979946,0
-0.41690277946613186,-0.4236908481854756,0
1.0438840171641965,-0.26437561589479236,0
0.9656718103057077,0.5214287294095719,1
-0.07528068180107962,0.17689676341444324,0
-0.4219534669123144,-0.44202588954486083,0
1.6764630793201678,1.228445568434643,1
1.9236822865383236,0.26211957376818423,1
0.16859550949308663,0.2732415390850398,0
0.07412467034771764,-1.820429857948233,1
2.549013680700498,0.7814483195115682,1
0.8290528119157629,0.508774700750234,0
0.009691792853870007,-0.057760335294140173,1
0.2892046143491749,-0.08629936220797552,1
0.35144677877235453,-0.7034538548041251,1
-0.5122442886888944,-1.0630077043946728,0
1.758910863998777,1.3596297399718884,1
1.2336376339224047,0.9662592626833056,1
-1.7411993262667,-1.5579195652756292,0
-0.18281096062071384,-0.9449507636381879,0
3.198380947679252,1.129124322948112,1
-0.3438400553642413,-0.6705502380538455,0
0.44987551598930003,-0.7051052322375193,0
1.0383533781685714,-0.00325388053775261,1
2.2096358680944186,1.023554632897656,1
0.3289067558963754,-1.1348305621576642,1
1.9580237275321157,0.967106361098294,1
1.2714646069929405,0.9785681100673562,0
3.534150655390625,2.2331635590096766,1
1.163353572609393,0.7940746411730154,0
0.444892990467916,0.03451554873405363,0
-0.11972978797414235,-0.4514699722878785,0
3.218113145162593,0.902673386084392,1
0.11221080128551375,-0.3209676665619602,0
0.8241513788895555,0.7278777447603577,1
-0.006412063137371697,0.5848183167909038,0
-0.10568418546639413,-0.0878058377769484,1
3.1389421802919615,0.6811637094561805,1
0.08858513637494321,0.8962921979844253,0
-1.8184014972987343,-1.2830213737784393,0
-0.1303611156709023,0.10263561318954881,0
-1.2441040102162422,-1.2259330930969914,0
1.0421528713387413,0.25812888572407405,1
0.011993461707769996,0.11752119993330319,0
-3.624303222425038,-3.0703040812011664,0
3.868490796704699,1.5819846769918162,1
1.6272564727665282,0.28987934362033374,1
0.6084615225422859,1.3177150762014953,0
-0.9519439306528982,-0.6857047256133421,0
0.15337908100373077,-1.6244639217674324,1
0.8611672263923129,-0.35912007679886737,1
1.3252105412027797,0.3871306552076695,1
-0.33279240083063805,-1.1303819605918428,0
-0.1410412800147105,-1.122354153980365,1
0.044890351508848236,0.187490637041546,0
-0.6488320284265328,-0.5408736260562544,0
-1.4932140773237175,-2.2379627660348294,1
-0.812255611487527,-1.3280318004475347,1
1.422412530383518,-0.49134463008078255,1
1.6430152914722451,0.3161418937574285,1
0.7743945182922353,0.053461597427705634,0
-0.40499625578374443,-0.8225147004684082,0
0.08215618376889577,-0.893863003505819,1
-1.3018205055861454,-1.0227519207050086,0
0.47018531762128535,0.12408797811135057,1
-0.5622989795962953,-0.6840795864711999,0
-1.7995400496008103,-1.4264430497696636,0
0.22728023276659665,-0.1779876800827739,0
2.3086138109092675,1.813236722471117,1
-0.002070359190205817,0.018979495514203845,1
-0.022169378692643557,-0.8990751548766204,0
1.292342991983824,0.3281147862317799,1
0.327357914596481,-0.5703479014872522,1
1.444831014298046,-0.20954256215317005,1
1.1199382166654792,0.4941598345101404,1
-0.8174569900242905,-0.6902040695734505,0
-0.9015562200128825,-0.15533327618599221,0
2.9709344639019744,1.8450894378376936,1
1.7845281473370336,0.3956350536317649,1
-0.33148376065277846,-0.49476880920778216,0
1.192712440107277,0.7839774617434274,0
1.113418096751637,1.0247410877780636,0
-0.2505952020651738,-0.18121241815761657,0
-0.2952706354299284,-0.4571269531461322,0
1.0270254542015864,-0.26629895123190833,1
-0.2978546334727234,-0.6603249472487243,0
1.0950265096522889,0.23520089820250767,0
1.7813926708668892,0.06969724680550667,1
2.1326453662374996,0.053438693273360906,1
-0.07064553910606564,-0.5707240863851812,1
1.7850281291500714,-0.24738158902915655,1
1.1938878909278259,0.7880950769420837,0
0.05342113888195654,-1.4940246609708165,1
2.036958177416397,0.33814449105642386,1
0.7296982853881582,0.9619846414146036,0
0.5446868401317636,-0.2905906191721112,1
-0.36663679427682366,0.3142800578414167,0
1.0277019762560613,0.4857805219042637,0
0.7703135701830497,-0.8719610987666059,1
0.21092905973673948,-1.0531590240757922,1
0.5313548465573915,0.5080173211322832,0
1.9923791865439497,0.09031364331366074,1
0.015024625622095148,0.7156312868214427,0
0.6030466290661491,0.8094540750475451,0
0.6326378725194192,-0.21373622223089983,1
0.48559976553629175,0.08879804840814662,0
0.23542658998306132,-0.6070782566083351,1
-0.7612456154230793,0.29781505371417427,0
0.8847729334498028,0.5313620768075269,0
0.5262664215993256,0.06827864163931109,0
1.3124557231064902,1.1240595521872805,0
0.9919379388467123,0.8024578237169641,0
-0.020825331302803063,0.16456456279498705,0
0.9585141306278736,1.784389244313483,0
-1.8734311802746793,-2.6509410223714696,0
1.0743525519584347,0.41406736391736476,0
-0.23344470028084927,-0.2514305353962834,0
2.0027621727134393,0.3200865162805564,1
1.5849009423160902,0.5365393870327158,1
1.5606816409315205,1.151368283623315,0
2.2290926144104395,0.37818320829204594,1
-0.7668224810875216,-0.5915783359964358,0
0.4127742430374547,1.1751714160034485,0
1.9019929794448183,1.33348158788944,1
-0.2994762802504085,-0.7462701559687331,0
-1.3196912181317806,-2.2001381306727263,0
-0.20588757984125228,-0.2825439305757469,1
-0.01811769641667207,-0.7206838762956717,0
1.024988745979683,-0.11194497196311243,1
2.410549715164322,0.6631365558598279,1
0.7920254435577354,0.8334039998401588,0
2.8586811623695945,1.267209611155542,1
0.8269549860290084,-0.3823008572549755,0
2.0685502375866287,0.6040174653450441,1
-0.13521325942162665,-0.2783125612116821,0
0.12196032000810453,-0.7664945610003366,1
0.42469458270270716,0.9145503258948401,0
0.17099148010025833,-1.104606852515887,1
0.04378612716785901,0.40986417719376395,0
3.7871240406327153,1.6942664980008477,1
2.288744702829578,1.3563909023932508,1
0.8208161256507011,-0.035454970081767984,0
0.03446087885718163,-0.3817459187529779,1
-0.013676151310576038,0.058137298668788195,0
1.1958764850825465,-0.5065092535553726,1
-0.5417718673397727,-1.5634837232419843,1
0.389227459360845,0.9139123695941562,0
0.6119127320712745,-0.17213875874872772,0
1.9351234609560393,-0.083058691620696,1
-0.053821534984742694,0.21154250500437585,0
-0.6537572715416424,-1.5046961556748686,0
1.045718768900747,0.1564705557760244,1
2.3372664514277135,0.23771473245981745,1
-0.11583896837471377,0.3268797647869467,0
0.22149091150321348,0.8754124103865459,0
-0.4721348978389571,-1.2400983671503116,0
2.415848063799883,1.5440800954110208,1
1.3017480449944396,-0.28925905781867384,1
1.095625811900505,0.4256487203746044,1
0.7523525721980404,0.34433197091171047,0
-1.0115508635281272,-1.9803282282761052,0
-0.4098365223500735,-1.0403775829045236,1
1.643245187649009,0.5960799263672418,1
-0.5164355414971691,-1.326385497121172,1
1.4261718921852236,0.8763169841973611,1
1.173096710480267,0.17051789145270468,1
-0.47708627225014677,-1.0179824679256468,1
0.005352919054673944,-2.181111433135978,1
0.3062488208629972,-0.38819330506815364,1
3.4443574643766244,1.430320929683667,1
-1.4543478886152388,-0.43144712059709084,0
1.5203854220633184,1.0177611577356502,1
-1.865040308016364,-1.841467528442255,0
1.4489199946750175,0.44411342794766906,1
-0.6045133592116647,-0.5676163959858646,0
0.5068331697475725,0.35528884604142663,0
1.3034493154435094,1.349798087431139,0
1.9781361299423803,0.422858946610886,1
0.7152122898504123,-1.1218277159678174,1
2.1327808057317714,0.5306415449614729,1
2.3460956928537233,1.408696720874212,1
-0.018088305518657394,0.27258950857801834,0
-2.1919891292617817,-1.9214545839478105,0
-0.37136059992114545,-1.5671122693231603,0
0.41653337047513916,-0.6898744367907214,1
-0.6901525864855818,-1.2487397847562711,0
0.8215958832132836,-0.05336497111382893,0
-0.2140800521196622,-0.8257679080703316,1
0.405133596265698,0.3514611032134738,0
-1.4098902863315435,-1.458521886720391,1
0.6166872603463552,0.8711473548633819,0
1.0009042112323177,0.48425689726275384,0
1.2302290778455471,0.3103847345025759,1
-0.8242351390830412,-0.08246714824002897,0
0.5897330850086406,-0.435746388558988,1
1.9964577871480944,0.6557649824351248,1
-0.15949290057301227,0.3872810721693287,0
-1.4668081934744726,-1.7319507972090684,0
0.7707172785087664,-0.2024696592287095,1
0.47931386807285226,-1.0047953595376253,1
0.26326426379563006,-0.5387508384592832,1
1.2416788086576482,0.4711825068261269,1
-0.4892039019091641,-2.021343719193362,1
1.5352084691372552,-0.9052086726276956,1
0.616448747783724,-0.01633529834857052,1
1.1112577839814521,-0.07631942672361523,1
0.9834149324734681,0.33258535857423716,1
0.652018219323035,-1.550335894608054,1
-0.8892058377967449,-1.677873281006562,0
0.3144625112489223,0.7613336807588428,0
0.23093668103417367,-0.9608844355682258,0
1.306608158699378,0.19898326323809065,1
2.6414555829935207,1.1496703307049367,1
1.9915997788281516,0.8750387531993319,1
-0.39380231917107344,-0.15112932363619494,0
0.6786838586953549,1.8925615410385213,0
-0.927288829221081,0.19006191485244064,0
1.3783921472520824,-0.665276155738433,1
-0.059967419429321066,0.1463551906386821,0
-0.05392690751565943,-1.3526964942750317,1
1.4280216731410542,0.9854830706641124,1
-0.30124191716338844,-0.24503339661522577,0
0.6978083616379448,-0.5071464230966194,1
0.48755759597961157,0.4582802326864128,0
0.30520297371453,-0.12699297428576653,1
2.1599145363024825,0.6896168304414051,1
1.4716523275704156,1.9021141644964923,0
0.8796291165747031,-0.3608541193798411,1
-0.646811627651384,-0.8712218655617898,1
0.5800166567998458,-0.6614240505471449,0
2.1964266203401066,0.3468821586486957,1
2.293341528702615,1.8542801514309932,1
-0.040530876710250574,-3.1606542738269203,1
-0.23584338741676816,-0.009042580146608201,0
-0.44253317169523876,-0.6993308327824106,0
-2.1715568999796453,-2.482726137462923,0
0.6015092876899291,-1.3862331379316641,1
1.3010779248427542,1.2321888042345552,1
-0.8508993085161108,-1.167521990307943,0
1.3415437000289105,0.3091348024159123,1
2.050252362253246,0.36236316383175515,1
-0.5245091203207668,-0.2710086466604334,0
-0.10096187760136699,-0.4918827796893312,1
2.20398933119373,0.5673204510114936,1
0.7972117621767275,-0.1393288211178909,0
0.28635451893600544,-0.24629465312364024,0
1.161851970451174,1.547475487858602,0
-1.432403796024539,-1.8108461826031412,0
0.08954593386944953,-0.08539440319941832,1
1.6698487497277164,1.022164564240127,1
2.2070016023348518,1.5960624094330023,0
-0.7534459626719019,0.4718319697395935,0
0.360094777188701,0.623377508796498,0
2.710804057382452,3.2719859567212355,0
-1.0494735941668698,-1.1772465089911033,0
0.9689879285710263,0.3396260548992456,0
-0.11961089659045301,-0.006385591926597201,0
-0.5906174727781417,-1.284312149062534,1
0.7609383000760519,-0.09727236599527023,1
-0.12372463834503963,0.1794434541220677,0
-0.5800906642857844,-0.006278037199815905,0
0.00575992440947104,-1.695498781116903,1
1.8317083017384719,-0.3156633775412935,1
1.8237754936292072,1.8366482182233108,0
-1.1217861157550686,-1.7674756399022955,1
-2.0744453503937192,-2.021365467858075,0
0.059595327390161684,0.757107771736796,0
2.2353955140795527,0.8682922279864838,1
-1.2945350595771616,-1.0238118287709113,0
1.0431496180372162,0.30733991642616054,1
0.3241240935295463,-0.6155103939684868,1
2.2723781142433634,1.1243347954229315,0
-0.397110139796363,-2.5461243623351666,1
-0.12049021195600455,-0.6305695467477119,0
-0.9507303064366999,-1.7898954527430415,1
1.8086338103213753,0.36841494147309833,1
1.0533849432990383,1.0761509549923662,1
-0.5845090359228066,-1.3028458592452044,0
1.205904351023892,0.3142111589188315,0
2.2491853446599057,-0.11086629930194805,1
1.0879669511972367,-0.1054322667216781,1
1.213706135918234,0.14075913766342724,1
2.097743191384889,0.6998524463271393,1
1.36548193718778,-1.1735668169910942,1
1.0018577910679967,-0.7641555243948647,1
2.323662868025898,0.7411178237448869,1
0.7013895002265799,-0.7870344989081838,1
0.9360764903289469,2.144134453304499,0
0.6921376036170034,-0.761744941646056,1
-1.088184409443014,-0.5812515838858477,0
-0.1328226914610004,-0.03026233072725558,0
1.5753838889221703,1.6178255421917893,1
0.869621402572703,0.5132138930191489,0
1.3074734361842224,-0.2331912994069588,1
-0.9217855605466289,-1.2373364929904893,0
1.1170997140676464,-0.06465441220023713,1
-0.45021193371161683,-0.0463427319626446,1
1.3056690832045506,0.28604014667497124,1
1.3859084286115064,-0.44531896658982767,1
1.0857133937598202,0.2865807835964265,1
1.038004689906191,-0.3576139886103431,1
2.3545173178475034,0.013162792294182489,1
1.1606359176720016,0.8617121033965882,0
-2.272178057974125,-2.057427509256251,0
-0.16730319192897333,0.12234090972926037,0
2.4912024632250063,0.6961342458376539,1
-1.0769417699314545,-1.2263670836561102,0
0.8650838262002924,-0.7561868704311265,1
1.0222325718556977,0.8633588413824517,1
0.02254575078486165,-1.1309646215692901,1
-0.27696407724091476,-0.1041726463208152,0
-0.5458339673570797,-0.9225653072698284,0
1.4523077901620094,-0.7639740950371077,1
-0.47322003292948794,-1.0745001013606668,0
0.7140401793282256,-0.62765536304968,1
-0.7459687237115229,-0.6300027665121044,1
0.6115837493836123,-1.6238225110622577,1
-1.0063925167327183,-0.8004344415594723,0
0.5194745930172374,0.36126161351079694,1
0.11994312897758809,0.02747460610559995,0
0.5845122091936287,-0.14370549795967413,0
1.3906823062688978,-0.2840739246951661,1
0.11340109228359396,-1.5223430239382019,1
-0.8286181668116633,-0.5491000917921676,0
-0.7091415150583584,-1.267519100482893,0
1.0814149890912887,0.6443228264167067,1
-1.6532679789604872,-0.8154072509515693,0
0.10750176064889147,0.04557328632235134,0
1.082672078342094,-1.3147431442799211,1
-0.7065624166367189,-1.1381158636245707,0
-0.4590862040950919,0.25215270433747644,0
-0.3028138471683789,-0.3074337450066039,0
-0.06252592608200544,-0.8904238494019746,0
2.3378437960857124,1.266929260174619,1
1.1865504083687748,0.7647977818542434,1
1.3596023876933392,0.30223675591209526,1
-0.3096594119456849,-0.04964540729829888,0
-0.2559058101720575,-2.9407056079508895,1
1.9891219253682975,0.17043779722959518,1
-0.667987580254195,-1.1435494694566097,1
1.171887440988231,-0.2867121429768677,1
-0.5312825929905679,-0.46570243758897467,0
0.455666451647881,-0.06288768581808431,0
1.6242838114462865,0.9856189266239102,1
-1.4095297283874442,-1.0518893620777987,0
2.3105893712710945,1.4460966500301025,1
1.9561077408321,0.6368703558519778,1
0.16292741606304437,0.9163625878724919,0
0.4524137092885332,0.39393008605492075,1
-0.957634916215972,-0.8188901222580577,0
1.5028342547905404,0.26106365299584333,0
2.2029791687783273,1.6570212598569167,1
-2.069278246318912,-0.48170252823000764,0
0.44850107118624316,-0.9406765574508191,1
1.943564573879337,1.2153867038705968,1
0.8656770246152066,0.38729223443540517,0
2.6001929003765225,1.0359351597449373,1
1.1251324121965962,0.23453092349305876,1
-0.6500554380807922,-0.39371068238448625,0
1.4452742628091633,-0.31761540545292044,1
0.6312355015375023,-0.6977135952682054,1
0.05251518634929169,0.61737256923602,0
1.9931463551122328,0.9980147798421123,1
1.754450307241683,0.6248133012884054,1
-0.0897318046868591,0.5069744367926972,0
1.293650879468207,0.9868724671043547,0
1.449684518385373,0.02341434140995025,1
1.5583228530749684,0.3849614308288924,1
1.0518839128217943,-0.2540760357684188,1
-0.40356099611143637,0.44378392435335595,0
-0.682644540952493,-2.3642585333532415,1
-2.901631038254819,-1.3559333109252196,0
1.2516563815551174,-0.4937433351426107,1
1.2036161558175762,0.39387108787988667,1
-2.363712184645593,-1.628823480640562,0
1.7939815428360637,0.26978509735733536,1
0.5245237173095437,0.38028455059367905,0
0.20311745591091868,-0.5841444019822631,1
-1.0654917092148606,-0.7189447827956336,0
1.562960452732335,0.9282650989948903,1
1.210520205960261,1.3492397815971504,1
1.8191641671524288,0.4454400651132646,0
1.8842177866261363,0.9619253789025263,1
-0.6321907429348752,-0.36259351553859553,0
0.03199354145771232,0.16225387304340808,0
-0.2587005746668905,-0.7094935816610618,0
0.8074930057248921,0.8837783491297905,0
-0.2789679496323547,-1.338353556814665,0
-0.010796247146163408,0.25903524836898256,0
0.5295388642598602,1.379805917110529,0
0.5297260343859777,0.4855202916361079,0
1.5085643295975493,0.9846392472235701,0
1.2789242776377605,1.1043099276955617,1
-3.2788198775797834,-4.305530609207883,0
-1.034621803308518,0.049760218288719224,0
0.5355449400376572,-0.4128447719753152,0
0.568281731004893,-0.5052474938534226,1
1.619560640333894,0.5507022083636138,1
0.007056144129764226,-0.25970980532990645,0
-1.5097894819387752,-0.35989371655680225,0
0.898139754129878,-0.7423997221796559,1
1.8986435171100018,1.334620329071323,1
1.218934770855712,-0.0989729319906973,1
1.126202579876345,-0.30309651374083263,1
1.5116431786331508,0.17964179148756962,1
2.511228743170423,1.146623427442036,1
-0.15664891513382617,0.16306849793052033,0
0.009782486183004983,-0.48328654086340234,0
0.20118557239149112,-0.24688660139760513,0
1.3638887683826808,-0.9445908517520846,1
1.4526480751501032,-0.4634251763059889,1
0.6738425681223434,-0.12126129199371702,0
-0.6071406985782591,0.0644297767842427,0
0.4282733801241705,-0.4366368505138103,0
1.5142001972264305,0.17029910577444513,1
1.9854667921590932,-0.5459904403941298,1
2.0195699653539645,1.0719696497628595,1
1.7719867300628076,0.13450169757217176,1
1.4661787167319122,-0.47222544404268807,1
0.8087909751521123,-0.713724391734076,1
-0.31979553966766777,-0.183686415744588,0
-0.9947325756076688,-1.2834133933395824,0
2.0907057977545542,-0.49435342400829735,1
-0.43705629405270496,-1.795241622512988,1
-0.45289683593193897,0.102778371734899,0
0.8950803608729277,1.8790265624494067,0
2.295496531483534,1.0755551801030894,1
1.6868560734082991,0.8860932373744148,1
1.4010577637186297,0.03513548511983467,1
0.10962896822032175,0.062116341633915634,1
0.6613850667453023,-0.45939591313152484,1
-1.0219505060000533,-0.9899636346466706,0
2.4762779256871505,1.0848491214079932,1
-1.2036117816071152,-0.9869107057007315,0
1.782501042182389,0.5016394076584593,1
1.2360523093853422,-0.14140079686239296,1
0.13481301703774995,0.7498867154471142,1
-0.2784789132325923,-0.5193389521912815,0
-0.10799685586163123,-0.9315151207416201,0
1.1848422135288517,0.022490778483325674,0
0.7475284286877942,1.255816232945185,0
1.205216328274912,-1.2481278050493074,1
0.4885356092746235,-1.051426045612396,1
1.0354470588905038,-0.30574423037558596,1
-0.31589105071514006,-0.5551061678575008,0
1.7995318337605584,0.12853047271041976,1
0.43156870841137207,-0.7808416667452521,1
2.107347543481492,0.9627349694367857,1
2.393096589463028,1.1097205664759437,1
0.5420321274253352,0.05559642693485147,1
1.4587921192545548,0.524487184008297,0
1.3570685711519048,0.9455663426042823,1
1.262359412936374,0.9021670149258842,1
-0.6317081944047289,-0.39727432915527866,0
0.5513700622543742,1.0184911591594072,0
1.2874612525862374,0.4457277824222173,0
0.6890925896286452,0.23693323497720306,0
1.5136277231349404,1.1666572506350747,1
1.7381602768077085,0.11068011981163418,1
0.9172231622372115,0.4716874314193174,0
0.38190262446234036,0.5277358989387586,0
0.5664788148622195,-0.22873280934438084,1
1.3511169620887378,0.8470858713377187,1
0.7903281406076644,-0.5420869954204315,1
-0.07756681982776978,-0.2633021685065364,0
-0.024559242699627823,-0.28169274647966297,0
2.1799083254167675,0.9800507449069952,1
0.2352472370703694,-0.010946246852974715,0
-0.6079703638575097,-0.5759867045828844,0
-0.230035087031489,-0.4116289336218999,0
0.5056373963859484,-1.00704633424962,1
-0.31057474240032157,-0.9119156568924931,1
-0.5481873328926384,-0.012378296188391072,0
0.8593846324756702,1.5216566518830503,0
2.3920392294279464,0.55636674017511,1
0.035338812578082655,0.4272605026709441,0
1.133763074699072,1.377365487605794,0
1.9938681912318006,1.0140043568205235,1
3.052538700096063,1.831763009005014,1
0.31083481841827826,0.3541380166374639,0
1.651550121774386,0.613004937372909,1
0.28094526180336266,-1.1046340551779654,1
0.4547094225260053,0.5440347409404517,1
-0.27488021675585683,-1.0574031074571781,1
-1.3003920468775865,-1.4355176192606987,0
0.22303956518815016,-1.4686508420974722,1
0.47474868906172407,-0.37036728348881665,1
0.5373116119856381,0.9005175202480536,0
1.0248579559725273,0.37686956664255333,1
0.38624895280828536,-1.0150322838753083,0
-0.25012883663224494,-0.22772096781664036,0
-1.1486752705659564,-0.9039599450720817,0
-2.7844312950676633,-2.7979344179882375,0
1.5833216192395128,0.9081326738369899,1
1.5517536914266987,0.2413774821860671,1
-1.2672160699644188,-0.05952674176979235,0
0.945229816315549,-0.4593489560855343,1
1.0393488922496539,0.5772341393317322,0
-0.002337073932989544,0.10503873132784934,0
0.15602037650472933,0.45629286437383926,0
-1.53400409488293,-1.586204008246548,0
-0.41641868996899967,-0.6430209087908748,0
-1.1210027817379935,0.07251548698495995,0
1.7865814387142374,2.567676309359816,0
0.5792835702752619,-0.6472092768589922,1
0.7245784006531749,0.5322557005167592,0
0.5178354619448016,0.9408446303552904,0
-0.7944200008732543,-0.12847011414060297,0
0.8590416187716596,-0.24740662037023922,1
0.8539399158837344,-0.20687676294398077,1
0.9867057598321352,0.07093986355207658,1
0.9778037552446069,0.12935497351424183,1
-0.45255268865016346,0.1007663594509403,0
0.24889248455552815,-0.25289349989880644,1
3.317709032806241,0.9444016511845494,1
0.7411033878535158,1.5665155006024565,0
0.2826544600347899,-0.11913033206876388,0
0.8296453384211006,0.42078184292243215,0
1.4706051013749544,1.4512746707358966,0
1.71084361434528,1.066845773310578,1
0.04293312919102532,-0.23252813015151116,1
0.8430774995788985,-1.0049688141587474,1
-0.5159763562269458,0.17274582922977083,0
0.02500733306502768,-0.596571274594715,0
-0.008121739584307905,-0.37854289482137826,0
1.6652485031886033,2.043344655235868,1
1.590280184596421,0.6757398643970002,0
-0.900107085168523,-1.600720778697547,0
-1.1888795670885193,-1.6837436664835264,0
-0.884910267665708,-0.42977482775661097,0
1.515074537879245,-0.19320858405733726,1
2.2743445214733438,0.8457004281911898,1
0.19550543937820386,-2.134350179872237,1
1.4512903018740138,0.6959193564776149,0
0.7820853444400493,0.8206320390843546,0
0.21165658835993995,-1.2692281387287774,1
-0.15281257405943577,-0.8040807569334385,0
1.9754335084475947,0.1712121313461361,1
0.10265113114138877,0.13654290135912037,0
2.1217634817920903,0.6168993757205921,1
0.18216101567850163,-0.6797657841366525,1
1.4456577964563389,0.8746944945345829,0
0.5869755943129064,-0.22964375231638562,0
0.9357460736161144,1.0063301001143896,0
0.34278343113099324,0.24497906477331785,0
0.33564128006062394,0.22310414204862145,0
-0.3120577752681215,-0.3702709418948088,0
-0.3929168346835783,-1.43959445285253,1
-0.7187088547670364,-1.214427826102356,0
-0.3593984696532375,-0.7193558258693636,1
-0.7361692442065373,0.5011985020458307,0
1.4417442702940302,0.9996099207072161,1
1.4334967219542623,0.17413792811857612,1
0.14410260256443339,-0.26526916581290655,0
-0.22685997759807192,-0.05594568723458363,0
0.1740805722329645,0.3250190161120511,0
0.8039825397817223,0.3705975200169374,0
-0.04004424239400135,0.07030514491910546,0
3.0022800402997714,2.307407368867512,1
3.7539678715372995,1.2875036780749995,1
1.062463082526227,0.3808433148159053,1
-0.9035359743233764,-1.2647028209588187,0
1.769713334789439,1.7480584392939644,0
-0.8187172886844234,-0.5223855778625396,0
3.4997507917320787,1.2095066607290343,1
0.8311217783834011,-0.7982479123993654,1
2.2731747908848012,1.468205060684369,1
0.6511692746762371,-0.9083873727901063,1
0.3739680184404457,-0.46082900705632834,1
1.6065692722338114,1.2347245731766892,1
0.7364303041263058,0.06453088289902482,1
1.0160387271897575,-0.3320041210817789,1
-0.8032162006440509,-2.0175313294121584,1
0.2596478093156391,-0.23816953666662932,0
0.9606391545844696,-0.016159640514662586,1
0.6907318194949084,0.4266885522048699,0
1.400583797615188,0.5607389772111327,0
0.07795805354811525,0.280093588372952,0
0.7518652189275501,0.5362393454812001,0
2.4211666825102434,1.236255702191878,1
-2.0566765506366513,-4.032946884229061,1
0.5827086388349646,0.7142541506950011,0
2.174012376031472,1.0246250709583338,1
-0.7520212477889439,-2.5252990387272733,1
-0.19389929622819121,0.3736008809889279,0
1.0425543050500292,-0.5365115836977057,1
-1.148009140502871,-1.7892591942317828,1
2.1740551395111805,1.0750934153345686,1
1.5613432975642652,0.4777320811735382,1
2.054082681281435,0.4236897238847919,1
1.6984165185048434,-0.18870938670758064,1
-0.22105653055985686,-1.8633615852783614,1
-0.5015081414184909,-1.8620115117886744,0
2.6428827186584707,1.377189501615523,1
0.026590497052311868,-0.8806126416511474,1
1.422932816825662,0.4836870959423564,1
1.0712844181871983,0.19192362680070557,1
0.24019739135237989,0.2887214113673715,0
-0.5355591467286008,-0.9540336341663282,0
1.9381281556153087,-0.0732252627461025,1
0.849208648223153,1.5553489327144583,0
1.0430094412195776,1.2302633299066295,0
-0.9896973962793445,-0.21686492442812855,0
-0.10717690667414725,-1.3105938734232296,1
-0.11102363101289289,-0.880019325616777,0
0.5502417686793762,-0.06878986221213414,0
-0.8684475275514426,-0.3961868279137906,0
0.5765373548478224,0.3798324990530884,0
-0.7844650079382541,-1.8535135425360498,0
1.9261178798661591,2.8048253041378186,0
0.6541782262414831,-0.046325678382616524,1
2.663992946223348,0.5998572093412493,1
1.2464274031111606,-0.5885888902066928,1
-1.1728637484034143,-2.21587934460898,0
0.40074583795175767,0.9350880477819203,0
0.16856555704602094,-0.6372594263845553,1
0.758549632243136,0.12608430401859316,1
0.3901826308061386,-0.8785822415129768,1
0.5319406395190646,-0.02860079959120689,1
0.2629647852086698,0.4346171225376147,0
-0.6195026340595748,0.20853607796540202,0
2.499419697342228,1.2783824709974518,1
1.3867560132501409,0.38323609509583334,1
2.40371996958108,1.2266832904010379,1
1.225612433511077,0.6619648463201837,0
1.722493388041578,-0.0883163800194821,1
0.8764660757802022,0.14807649565931658,1
-0.2802600731051856,-1.7567731697497593,0
1.4906143315009306,2.048586669752945,0
1.897611721454996,1.3524370420031853,1
0.5338026915292812,0.5243003838040343,0
0.5457806275375678,1.0921977912554581,0
-0.5318247261194671,-0.030343884033017753,0
0.818338878609475,-1.454068039231424,1
3.0658335560670418,2.0132640936160513,1
0.5858240871213447,0.09122190135878515,0
-0.44757431619320637,-1.0377819803391108,0
0.03030094155793739,-1.1133509188546098,1
1.474834795601275,0.6275230259728576,1
0.6643301017345833,-0.9223435049669965,1
3.952994966109756,1.763394111700368,1
1.3688777175884335,0.04846370640297998,1
-1.1564611659938981,-0.6636670181297395,0
1.139516435037545,-0.10488837904871157,1
-0.7833689013441469,-1.324042645297535,0
1.2923966708675487,1.284490834939283,0
1.7315251049942166,1.1043276216677693,1
1.8331431741743711,0.09199333153258402,1
0.42650216183254425,0.6018422253902821,0
0.15301593423576487,-1.7420562239673136,1
0.9549400992252339,0.31943044435857954,1
2.318228672123441,1.404636491006109,1
-0.04107432251678827,-0.6019813328960394,0
1.5007466252028507,0.40653001301002506,1
1.4087425467021308,-1.4097945490399177,1
-0.9814894596902678,-0.7223648044511756,0
-0.7016575333186477,-0.4682655349696802,0
3.1226505080950107,1.7196136683453085,1
1.2322072587585728,0.9692165828449393,0
-1.4471109025344324,-1.8405580267469996,0
-1.7154036673394513,-0.9965193607878112,0
3.254993024082654,1.5972425114016862,1
2.1104994391067136,1.2007740620303984,1
1.6221920941701682,1.352469680488346,1
-0.07668571385139548,0.1063436498484396,0
3.033801218387241,0.767933574388172,1
1.7220954526865886,0.5446686396660787,1
0.8421713846573112,-0.40195053801137176,1
1.7426886216483002,1.078005245778413,1
0.6250393862442892,0.052087555425514256,1
0.7716968345073986,1.0456930913115225,0
0.006008052690929898,0.23026687197362097,0
2.5265761904313653,0.5791067391282507,1
0.24736369760009158,-1.2368940798080117,1
4.069764460106859,2.485345989975111,1
-1.490349293006765,-1.4434648631395668,0
1.07346681577293,-0.3389870199494501,1
1.9553638887136984,1.586028467090562,0
2.2926469495617328,0.9452727203239123,1
-0.28800406676389906,-0.5220351066832823,0
-0.2069198206515736,-1.083948105387755,0
1.2385896567225958,0.7745518020873657,0
1.3774154823209532,0.6803897232338934,1
0.13537896695782425,-0.08341733522088372,1
0.7935289690905847,0.6001732240376195,1
0.012819637327468035,-0.34699086952529784,0
2.5846381434825947,1.077166925631065,1
-1.5672219864262928,-0.764011806573543,0
-0.9943403577665582,-0.18878441212326016,0
1.20647993669733,0.05929454542581259,1
0.28380925240715843,0.16799890653802912,0
0.45066011567110265,-0.7453724271376713,1
2.0248099079172173,0.9617457305896552,0
0.6798917922116979,-0.5626442088566436,0
-0.07930143350511702,-0.4756281425757246,0
3.6665076124894904,1.7436182908660052,1
0.011182600259838527,-1.191344939885051,1
0.714019151890257,1.716536593461309,0
1.401078413350417,-0.7650654396650022,1
-0.954046346230401,-0.89872575272262,0
0.6923982873907819,1.1559856995643423,0
-0.7195853531370426,-0.9614856608833391,0
1.398238545872848,1.119000380920449,1
0.7989105881066356,0.682313723189654,0
1.1920411375264854,0.37319187850519336,0
-0.43494997441990957,-0.20275449618546376,0
1.7331473140492046,0.5072498788831983,1
0.8993479543435289,1.3695739300959804,0
0.9079714023614693,0.3063288206144615,0
-0.7533923908986039,-0.2326206724524348,0
1.9978022329311398,1.1665597271553623,1
-1.009318776510637,-1.0904066514980435,0
-2.0641404536710093,-2.67161596637678,0
-0.7434939324997083,-1.862257706472561,1
1.4951029076918765,1.5006595258373254,0
2.1253296376530595,1.3601911724622067,1
0.7831519721347856,0.2522387430090547,1
0.3668352074304341,-1.7010810041188833,1
0.9858458153650235,1.3054907174826222,0
0.7168227499805313,-0.12605599560822778,1
2.430868977649256,1.7016627477278177,1
-1.6370286330428647,-1.5140102292535575,0
-0.4174343098169779,-0.35766618872355965,0
-0.9393863928663524,-1.4044046784016075,1
-0.8875752961299508,-0.23286995580243333,0
0.5283947031000369,0.9829495763279344,0
0.8633937829369547,1.3870536193064944,0
2.1516654687305152,1.1763534684521797,1
-1.4595490352529572,-2.4397400955421245,0
-0.23354906804972855,-0.5395233239360556,0
0.7240783117095376,0.9686040821472847,1
2.5378332012303053,1.5313779099021652,1
1.7361138605805146,0.4577224872631483,1
1.2138719535841633,-0.3477444631400494,1
1.534092272144874,0.505962653779283,1
-0.40327354639111523,-0.5579259050535482,1
-0.03088277946225512,0.019574650746575807,0
-0.902332933700083,-0.5112798559956744,0
0.7852035550555845,-0.35021447486478924,1
1.1717619849223644,0.19423765516743505,1
1.010539918600767,0.9269875087186938,0
-1.298097787289941,-1.7979093237482107,0
-0.1931703631172268,-2.0350797289135865,1
0.22459520602806815,-1.8471490567099733,1
-0.724708513286991,-1.275125241122135,1
1.127314014876452,-0.28336340103975377,1
-1.6498518926911538,-1.6284349767676902,0
-0.25712751111983967,-0.3722947004623598,0
0.19659497814338336,0.36114833757220666,0
0.8893117760005587,-0.35871030266395476,1
1.0613107663801435,0.5596481267695828,1
-0.33870692172150413,-0.8615078386702657,0
-0.28108775258606433,-1.1380856674720832,0
-0.4992801392564521,-0.47931489767637947,0
-2.2382223303674316,-1.28278663756722,0
-1.1822582710954204,-0.9451996354128738,0
0.352227088174644,-0.7658458121732594,1
1.2323050212018392,0.6904792221508653,1
0.4597402399399343,-0.4127241790580282,1
-0.517720636497325,0.43116824832133555,0
0.751449605509742,0.07402604819063213,0
-0.4513480817121196,-1.8071437082425763,1
-0.023025365492048186,0.5540240635557475,0
1.5646703351331626,0.2459137859752664,1
2.7476155816986587,0.5038328798050459,1
-1.4584855507312846,-1.8618719747192978,0
0.49251653817133945,-0.7869052995606554,1
0.7786314271202137,-0.12258165796361949,1
1.6011700900764967,0.4309955490789639,1
1.560307087242391,-0.8982311812394568,1
-1.7229205874185625,-1.799804803313337,0
1.4294505528945274,0.3993387983446979,1
1.4427967789173883,1.173325303431587,1
2.9950985113431186,0.7939631673491402,1
0.9651861233017922,1.268702066015726,0
-0.33091722885586444,-1.288235799724835,0
-0.4636818341224909,-1.27112486971755,0
0.18300602179855127,0.5633027420251102,0
-0.5034892590606612,-0.21133189885294748,0
0.17835288990930523,0.4238852663638301,0
1.1890924026099972,0.016060913279661526,1
-0.12784924429939193,-1.1311869149796887,1
2.2366586835955893,0.5386885661307301,1
1.9891759871022283,0.324092357630601,1
-0.47070154307453105,-0.3687601869150208,0
0.617184654436931,0.7333778808941211,0
0.7818859963066274,-0.8387268098305509,1
1.4420491241201683,0.48886889833652225,1
-0.09739843888612988,-1.55666287273235,0
0.6223993991719473,-0.6619715543823208,1
-1.4163221480959194,-1.559726812385817,0
-0.025064031849677315,-1.4769890834153472,1
0.4878782026779401,-0.20944887619800406,0
1.064916270823928,0.4135124752384493,1
0.5930321992127012,-1.1107369762674921,0
-1.1351063375037325,-0.3706615211892618,0
-1.8962463716988123,-0.9789444278790677,0
-0.35075828317531677,-0.932713702241984,0
0.4701797290114943,0.2386613814579549,0
1.4749325784384406,-0.3944941179660373,1
1.1065827492413491,0.7018649359639691,1
0.6927402745553837,0.4986718630952611,0
1.8019192093490313,-0.2037617355830317,1
2.3124468615860887,1.3952743063218593,1
-1.9637188784907609,-2.2669625523014325,0
1.6626854157598312,0.25426406632255594,1
-1.0408542562450342,-0.3271542018777987,0
0.6609838924743705,-0.8859222365042888,1
1.257699555872785,0.005322528342254608,1
-0.3757739922919606,0.1812240137226718,0
0.7123039639998143,0.18278905873988832,1
0.22981485406121804,-0.009713399643553182,1
0.4158504249847301,-1.5806345880932573,1
2.1524636634534677,0.4860003074882126,1
2.2159809698245776,0.7680327961271826,1
0.40395850174715486,-0.23898496331899724,1
2.251290768837996,2.400835150761987,0
0.9198056364950801,1.0065620679856333,0
0.6306129491108585,-1.36776207031796,1
0.3523420001241721,0.10755199819239554,0
2.5416056818117445,2.140760030030523,1
1.3677992038231541,-0.2500972229553424,1
1.129087938759601,0.5550339844394192,0
-0.08911889385911932,0.14607622535801948,0
-0.13794615766304494,-0.39457760454091095,0
2.092712855965386,1.9206592903187094,0
0.9443623688262084,-0.751414831184729,1
-0.40243875576843385,-0.3502791709384802,0
0.9999131974403737,-0.2844281309774372,1
0.05799103960445762,-1.5432296321415877,1
-1.249042382315355,-0.5864487935080206,0
0.0708825003219152,-0.8411579943310155,0
-0.2890012392596845,-0.4262120187889904,0
-0.7927767169536634,-0.34207170757084127,0
-0.03224384311893834,-0.4159920024003688,0
-0.5427878747437901,-0.06274805931428627,0
-1.6502561407369487,-1.0784961576562662,0
-1.7596185405987943,-1.2759583421821765,0
0.3188145165125718,0.37903657675570906,0
1.3113288731031565,0.8823440835517143,1
1.319699753725481,1.320534191550728,0
1.3481707424097853,0.6913923672975816,1
2.504552344571419,1.3336665155647114,0
-0.13708069654552663,0.35190320602380676,0
2.2265735895286416,1.4379173367323685,0
0.518650560532639,-0.027514232542508944,1
0.6291420115601809,-1.33632350896052,1
3.091830864787136,3.1100743888541307,1
1.3248352804707177,0.7753664523730409,0
0.4611389527325486,0.611195321019286,0
0.3852318009399967,0.190436156729051,0
-0.09248165563647345,0.31883959295617714,0
2.6669733472846184,0.9772612026855143,1
-1.8496177353400307,-1.4504258179122234,0
-1.2781523302405045,-1.1186846975905949,0
-1.9288307004184349,-0.758645444936758,0
0.5265303687036655,1.061027440538342,0
0.050198598826386887,-0.9002323486788544,1
0.5347932053092734,-0.7982498974783226,1
0.9962250090275471,1.5671312696582833,0
0.461325329798672,-0.29926763385172617,1
2.909364912857781,0.7036742031201737,1
-0.6695955117441504,0.04376841331387907,0
0.045839635646980126,-0.3020899406550943,1
0.5092285910668718,1.336440864305898,0
1.3739442878294592,0.17476413081642564,0
2.291125882795149,1.1311943027033247,1
-1.7192037308787629,-1.5223541429004805,0
2.7638544021420803,1.7577024612084842,1
0.9396731176967579,0.8642873242539564,0
0.05578087079786318,-0.0958566769870032,0
1.698667051106811,0.47208174469053366,1
0.553479274640745,-0.8693484250795628,1
0.6549226799682771,0.23517201231645615,1
1.3606018920002456,1.9021757474646868,0
1.4184856846697154,1.46116968428639,1
-0.24418390908293486,0.23942216845242673,0
0.12903110192358377,0.08336421187163714,0
0.27387902557082,0.9243231550949806,0
2.170946196511309,0.8798908698407558,1
2.4680232125779833,0.1640775100465742,1
1.024648077845036,1.0470745100525298,0
1.1660992838188986,-0.13670336030981783,1
-2.8670523846730296,-2.52015236437435,0
0.34715113545712484,0.5274135606680618,0
0.6894876358882899,0.39320885968001934,0
2.126564468756992,1.8751485904260017,0
0.6361609269681223,1.5752749333811478,0
2.364118501194725,0.7520243152338367,1
0.08369385608889067,0.9165114128487409,0
1.3535652100963997,0.0049116058085081175,1
0.9358177798884965,-0.6387658148116044,0
-0.23618013904778223,-0.15200163055594662,0
1.2218435749568144,-1.0013186947849015,1
-0.25509677198210867,-1.1778963937728528,1
1.5825042489209267,2.131442902969618,0
0.12166507505072206,0.22668442044541587,0
0.9256066286749765,-0.4370895336529094,1
0.8958264448383945,-0.2910877886152497,1
0.3858796238917827,-0.007007648570264517,0
-0.8056119171418901,-0.48729678680559874,0
0.579395914411515,0.65024663743411,0
-0.18348066630704185,-2.0432196040911657,1
2.6341122261645626,1.6680056971834747,1
2.3221807315855294,0.594264366432529,1
1.203127065840688,-0.7749012502820986,1
2.4058570779817465,1.4058039299039762,1
0.6992829700729476,1.097358979659743,0
0.6156203804075406,0.2130521753065317,0
0.7744790472446412,-0.7008452347953513,0
-1.4646288563004433,-1.1889821382887449,0
-1.1885031923671923,-0.2910049753945734,0
1.8393403061526512,0.8190108614363769,1
0.36052538763400577,-0.9403206872942014,1
-0.40013164281652114,-0.5692670470890231,0
1.4714680828472009,0.07674277985595554,1
-2.0567457652145116,-2.4117786950857334,0
-0.9514051189934423,-1.453483751088838,0
2.469869377147943,0.44678639146058496,1
0.17944840461297584,0.33705091302068646,1
0.769050160879014,-1.5460566454807296,1
-2.054298589379969,-1.5201125059077625,0
0.10840343775803633,0.4454101066717218,0
-0.5490881135642783,-0.1475001345653056,0
0.6255342583969491,1.0517223951039119,0
0.4684826850912617,-0.38497117471576336,1
0.22214913486678464,0.3960152627386332,0
-1.4809533595472468,-0.4975928994035562,0
-1.5245653623415525,-0.8784002561372913,0
-0.33359125118769684,0.4650709701121649,0
-0.793868338202648,-0.10756421561349538,0
1.8440917342221985,0.5529562634800548,1
2.414317994077946,1.1784550631238668,1
0.770125666759516,0.7436680049028669,0
0.18595924408657205,-0.05974727717925472,1
2.0916330189823182,0.3930267661032555,1
0.5365004928989249,-1.0413712688609909,1
2.1170479853527646,1.0520423559809895,1
1.6763126269375972,1.535348483803983,0
1.2011871306644084,-0.0721443434899569,1
0.5022361341958763,0.6644165328958495,0
-2.409182271410197,-1.8631467992900446,0
-1.0856445486617206,-0.9848167535832645,0
1.2470296802251826,-0.333977649850243,1
2.15178573124052,1.65505548435327,1
1.684012743822203,0.9451285050382582,1
0.7431759563608343,-1.3124654109100848,1
1.833059042786553,1.443547130203832,1
-0.041513009663931254,0.27648579569887777,0
-0.7008396962990409,0.46165081402304614,0
1.781184200316463,0.4742927941795549,1
3.193120063615406,1.5195178269495089,1
1.0144380579609515,1.4100397431793916,0
1.2922975794540108,-0.6740363415650122,1
2.7886674090643213,1.5443525275430756,1
0.43630121596054705,-0.5818368555898962,1
1.4701559516612477,-0.21084347441827855,1
1.946007619208244,1.5082411710052928,0
0.46450394301775577,-0.04489429170568205,0
0.5886852395404699,-0.796007064053488,1
2.5166112977345425,0.6949760053917071,1
-1.0438213910408414,-1.3632293658428334,0
1.3388023084188345,0.3071011823591803,1
-0.4209931486873652,-0.2828376255929742,0
1.129177468521501,0.5292948332786597,0
2.2955714664835036,1.4474700324880532,1
-0.665021917039439,-1.3197534362430658,0
3.104909424626599,0.8037967386254412,1
0.02259206205967179,-1.4993377367369791,1
0.7497346461682468,0.8345993337912436,0
0.05234729700494594,-0.3055219705730594,0
-0.6765373269785864,0.082296725832892,0
1.2703026700506823,-0.980583331421043,1
0.6780440868861343,-0.8070933128729539,1
-0.49600229517703326,-0.5400745118798947,0
1.1984585401667787,-0.7644254901042109,1
-1.1934201648103377,-1.7497203949325362,1
0.6010094181654116,0.2539303863888114,1
0.9038781738039436,-0.7575975129211548,1
-0.5361586694364224,-2.3284306871753473,1
-0.35313987894176535,-0.1386940900164889,0
0.8692822246533569,0.29932974182211364,1
-0.992732577560303,-0.20537561176718586,0
0.3977787594056378,0.25231014734374935,0
1.9402573906136062,1.4495568511543997,1
1.1368671361631033,1.245073884643714,0
1.4229347387227984,-0.20776390198615766,1
1.3140527986186403,0.03702399556185776,1
1.916550642386219,2.4838894669179674,0
1.4452112102603638,1.7360485110253565,0
0.5425088431914743,-0.8064465334389691,1
0.7852743054504272,1.3658580758084606,0
2.583507786734902,0.9526630743656089,1
0.23508578636476085,-0.7346814068582845,1
-0.5999048937481829,-0.2920218485214227,0
3.1351480469394595,1.9338943670538484,1
1.344524196478327,0.9638270425718221,1
-0.05635288783726762,0.8510532147737568,0
0.8065345762163527,0.6519067623080926,1
-1.3146160417951818,-0.831454619960447,0
0.25799206793874674,-1.4953938279162298,1
-1.1001090402998757,-0.853185249733897,0
-0.8165986976667007,-0.240291082952156,0
0.7731235660710736,-0.0262966871912671,1
1.8690026824807333,-0.41422286426082083,1
0.26094488133332927,-1.2480704458373835,1
-1.4436079662552082,-2.3429478962648216,0
1.3215690245549363,-0.44156428699288397,1
0.2618297654203056,-0.3743222971772203,0
-0.706025115234414,-0.23655413241212989,0
2.3163211091999565,2.6553726004651437,0
0.886120943778625,1.7582045261716186,0
1.2719608995102807,0.4996285091290923,1
-1.2756282076977787,-0.7864683961160314,0
2.757363483453873,1.3542803894675428,1
2.687280105120223,0.779800040188347,1
-0.8071860043206559,-0.42761496471531596,0
0.2583329971430914,0.2025972924737251,0
0.6041194227314194,0.9780102462575563,0
1.3586429525885038,0.08434333165364788,1
-1.1218440057943602,-1.096885891516687,1
0.4256858101438975,-0.24912803455187496,1
0.5227953917475501,1.180129347897786,0
0.5550346023757641,-0.925755045014447,1
-0.5169084009770367,0.04800652697412479,0
-0.13563501003571488,-0.10139133749016718,0
0.6678928793291883,-0.792046593760745,1
-0.5232149200475287,-0.565306219786219,0
-0.45267744339572075,-0.0767538037411696,0
-0.3618182424317201,-0.885994469830406,0
0.9199978925993736,0.515545740063966,0
1.0862634076893691,1.8804260211986252,0
-1.7678808874948344,-1.8946939656512232,0
-0.3067982671246137,-1.8691296779912105,0
1.4184118950263782,0.6690032890102545,1
-1.3588630953563172,-1.5178646622654108,0
-1.1026055293026966,-0.5952934817824366,0
2.3775012492337164,0.8106517896204588,1
1.0924749703553245,-0.20059291563169357,0
0.6573602076861531,-0.1514276475342565,0
0.20442590996289056,-0.7533773803809353,1
1.5018465536317174,-0.170301405711536,1
-0.19901616199114056,-0.03772201960549965,0
0.7621392600577954,0.025294978383022842,0
2.249242036431443,2.048833482865219,0
1.1884427300439078,0.6931265927980369,0
-0.7144047938839753,-1.0461213596361327,0
2.0857850581470867,1.7185251474910035,0
1.7326573803815035,0.9174906449614213,1
1.3256187928306153,-0.322375661504666,1
2.3643136320321316,1.6050778943769972,1
-1.2675960666127624,-0.4318332598753609,0
0.9309679202833723,-0.13328095401808898,1
-1.0834082431679652,0.08170345006252973,0
1.2544954830810078,0.4761101439227189,1
-0.2946578236856,-0.4054969370924924,0
-0.2436797791192888,0.694459195676681,0
-0.7070415243410891,-0.3454318494106397,0
0.7349368724246572,0.4598756081220388,1
-0.6488206602769735,-0.8763231269511396,0
-1.095254962327521,-0.999765960636139,0
0.1466275719189636,0.3887016081239525,0
0.7273336009510769,1.668294507525799,0
1.72723194712309,0.7343144482096654,1
-1.4374282979551312,-1.465889337715351,0
0.44279330319733556,0.7320215254513303,0
0.15134435459973528,-0.29456488240440887,1
0.5144734987175837,-1.2327692860088422,1
1.8296529706550049,0.4522425968090478,0
0.9396762278587574,-0.9188227588173492,1
-0.33480428883045343,-2.110626841869886,1
1.829657235291592,0.07859504225952307,1
-2.1591036752203236,-0.047525825880228724,0
0.13164299070692786,-1.0825942335574448,1
1.7973688947469681,0.19761492603373937,1
-1.0770517080077624,-1.5494731183236234,1
0.4750138703106602,1.3543882955767783,0
0.4922372369716971,-0.3232632982305381,0
-0.41923742467207337,-0.659341042123498,1
-0.1599340277231046,-0.02440726308416307,0
0.9144761927838281,0.006254898069169631,1
-0.06466026839023414,0.32975199884710044,0
0.5657935483719878,1.1858793872149922,0
0.1653807879060507,-0.32266502568018257,1
-0.2963270942431389,-0.058941447087699356,0
0.5391195413485426,0.2321503559508313,0
0.4926833864104919,-1.1594706203201988,1
-1.2255357196399392,-0.8031553303311515,0
0.5150415842086374,-1.1238552810587221,1
0.4254734708095812,-0.958314308916515,0
-2.584034338338984,-1.5928933114169848,0
0.8752884845604844,0.8492253162883784,0
0.6709113259318435,0.5333464952239563,0
0.4840486056327443,1.061985053746145,1
-0.8416786546480639,-1.5839926372660136,1
-1.8093038545545934,-1.771520825758478,0
1.2923992512134652,-0.26018757797763425,1
-0.8908249376284981,-0.954351183677551,0
1.168847745866111,-0.03520288058129284,1
-0.11723879388283631,-0.7889811489268039,1
-0.3817885880771988,0.7198672357692005,0
0.7115599962537158,0.494204561834894,0
0.5904279658810336,-0.13473082949425186,1
1.729139703455988,1.455682581450042,1
2.73667520848326,2.4533515735989138,1
-1.7989416720652631,-0.5911131243474012,0
1.7011198928482538,0.09690858150039577,1
0.08931612875068949,1.0208209460966455,0
2.9421508532600056,0.8714223917414543,1
-0.4364073877839127,0.13883241698220516,0
0.7406507281626751,-0.2667236262546445,0
3.5396636380799524,2.56433394505511,1
-2.7710245988533777,-2.700406040877532,0
1.9369132090855636,0.7273649780096375,1
-0.7860911764526922,-0.7441318978574868,0
0.6624649052161106,1.361532720507799,0
0.8365040571472808,-0.13210800382290863,0
2.220861671193731,1.800624387968346,0
1.0082116030325685,0.6644086589828497,0
-1.502376688031327,-1.699326201442883,0
0.2507217847222025,-1.9829905073178264,1
0.3959140733108316,0.24340087327963172,0
2.7667264719462015,1.1008002185551842,1
0.9600587147955838,0.6188891744658683,0
1.0418431091074345,-0.24768635177194653,1
-0.2286662051939714,-1.762994113846544,1
0.7631200275239829,0.21915971980220972,1
-0.3008567839411357,0.1817621721477567,0
0.38121756160523057,0.8470680989477957,0
1.7899688746209423,-0.268705610100907,1
2.06357079468071,0.8228419055058019,1
2.2000674174297927,0.17195849628086043,1
1.046594230299636,0.7251001909398389,1
2.0923152619327494,0.32358632116624336,1
0.08982357042664235,-1.168191562784354,1
-2.8907764346140956,-1.6576083055955835,0
0.49555836059379244,-1.957779473055087,1
-0.5301865747150885,-0.6053484351741985,0
0.2991597659959249,0.053489712046249284,0
1.5326080163618885,-0.6660947106153174,1
-0.4567150091407057,-0.5240442515577326,0
-0.053072007226624,-0.8725356231253871,0
2.9352560327895842,1.0976055333132084,1
-0.409125923665715,0.4218207161793329,0
0.790713512821713,0.11559253808468926,0
1.5727111818325425,-0.3440982164269104,1
1.3878903710128632,1.6857288968744575,0
-0.6948222348767844,-0.638217711764414,0
1.854937070438369,0.7245037626797188,1
1.472566988865481,-0.4359368068872407,1
0.5775793858402691,0.712326347817249,0
0.7640918448883759,0.5133220329536472,0
2.4406809224011803,0.9583080745982892,1
-1.6210280709543374,-1.0917935038477051,0
1.2766619577171328,0.8345858921282656,0
0.35565754891667684,0.2876319076866544,0
0.0288026185529438,-0.08645507522603565,0
1.4402832522513573,-0.45398809668891743,1
0.870834020004448,-0.9186134012434882,1
0.9350647643945103,-0.7782977947823775,1
1.7340554660063918,0.7332848893500039,1
1.5121631293587923,-0.23805968737589497,1
0.5430267824604394,-0.007606169160474802,0
1.768364008820155,1.3919027611096164,0
1.3117065194646527,0.020877834361447863,1
-0.5534613205745843,-0.5020109920517726,0
-0.32561298967546853,0.23492177080191434,0
1.31348456970554,0.8107910113424039,0
-1.2592232986696175,-0.43470290444554066,0
-0.7430231129383479,-0.32106082465437497,0
-0.1027971093696789,-2.055238388750347,1
1.3420912471677329,0.4602384047114668,1
-1.04679074046112,-0.7311887812545879,0
-0.7296805479282419,0.1358178359985709,0
2.6994569253913574,1.186737539444707,1
-0.5913616153686798,-1.7015146269969428,1
0.7620094214937198,0.08294260829834885,1
-0.17621468250310637,-0.150703079675417,0
2.6388522847190377,0.08660186631894778,1
-1.0071088627393687,-0.687443332576603,0
0.4874676768073632,2.38852555731187,0
0.7868930590385295,-0.10283493754169211,1
0.6954723346992854,0.902730092607466,1
1.9439834732714882,0.42023180142484484,1
0.04406492521952177,-0.11473722930050279,1
-2.0877029998661554,-1.5935997718450547,0
2.2279972016167826,0.4787415000862799,1
1.04388937970405,0.4181687901608433,1
2.976332054989054,0.5846104457425482,1
2.2471802138196604,0.1815750162056525,0
1.0349631919090985,0.9892205396121226,0
0.556927776922116,0.6170811207914186,0
1.077653811522828,0.48270235363186903,0
0.6485849064710003,-0.0033376631628397988,1
-0.08638657890084807,0.18466389951122442,0
1.2236635353530363,1.8477327810769686,0
0.06935772248455424,0.4621367527300349,0
2.0361158923046085,1.0271370326451579,1
2.5061898568115053,0.38089783768635466,1
0.40132947064683167,-0.6810268093483464,1
0.8552318186503622,2.187390215371319,0
0.2963546904414607,-0.0854950647870045,0
2.224247442208992,1.4181693809284217,1
1.6419869918932928,-0.06261743027117224,1
-0.7200779953139067,-0.7652536163110953,0
-1.2813019871481932,-2.3237143626186674,1
0.5029216925514727,-0.1680994718078076,1
0.3153735891444436,1.238511084361064,0
1.423543884064882,1.1782135771349518,0
0.6077318285393161,-2.2735672608291106,1
1.9826501518617552,0.16851612004025704,1
1.3244903164335775,0.28003936977544,1
-0.44058012600489377,-0.44830190096144534,0
0.06332923941658021,0.12755524521790168,0
0.6497092216287358,-0.989584232201453,1
1.4883096693595126,0.4252237802167909,0
2.785408155455439,0.31717452880842256,1
1.4461811547405243,0.2743001904618704,1
1.4086316309633116,0.9992930306877994,0
-0.9008737768671637,-0.8256208869817638,0
-0.3048928512739802,0.4954908256443604,0
1.515758473287442,0.8484447807571913,1
-0.09873666173629703,-1.1254352412606932,1
0.5370391363699498,-1.343559544290026,1
-0.6835491662276896,-0.911632419101824,0
1.5404957900085223,0.9567041713867062,0
1.2449703765232045,-0.8481466813728065,1
0.02299619606400359,0.3471151339550064,0
0.13717821131827748,0.2520427914896068,0
-0.9460562042456429,-2.0394835705634193,1
0.7455940896275602,-0.11266726285951582,0
0.45433374535716775,-0.21584320546485458,1
1.0839563147736642,-0.22103075562846253,1
-0.7250364078791591,0.2151507280900815,0
0.4689242129764546,-1.1661618697471536,1
0.6812639961166299,0.8929024606877047,0
-0.0590425410459769,0.2575188398358798,0
-0.36439018023722114,-1.5429276379245755,1
0.20909265184141435,0.20783239378730434,0
0.33787119774694446,-0.15756723703691644,0
-1.1349173843222509,-0.4218630166247256,0
-0.13495249572953746,-0.2619683664538473,0
2.3699040146302504,1.670129559997141,0
0.5474943660254121,0.9815852487113048,0
2.038686128575966,-0.9782862772648949,1
-1.0256040615250572,-2.0071620037580975,1
-0.6773315070040411,0.4310267511614265,0
-0.9105508349988389,-1.5282337961105488,0
0.11628350819600874,0.5887278560979723,1
0.5743102793703286,0.18947287060915327,0
0.05164782346818919,-0.781901153247831,1
0.5943652206864005,-0.41747379036604093,0
0.4660636321539222,0.24329799765418725,0
2.7372655017041194,-0.0691918344536318,1
0.8460461665762132,0.3701103715120162,0
0.4500928861718769,-0.5250571886006891,0
0.9051950522887657,1.0903422597501624,0
0.6902434693654792,0.8343374609386269,0
1.1107475941502365,0.04197025888055162,1
-1.2981477945568998,-2.338415490526388,0
-0.0427221106365444,-0.1145348585681464,0
1.3825140082548517,-0.022547171401876412,1
1.3280971439807279,-0.3970977308730951,1
-0.1441961950099956,0.3440197658505095,0
0.2721274584352138,-0.31144020983336274,0
0.8461985297931158,0.11889408921482932,1
0.24096605756254547,-0.06488415830818164,0
-0.7860572828398966,-1.2432191453171249,0
2.171003802173168,0.8967502198603948,1
0.8562225204060383,0.17060866292242566,1
1.332280822517635,1.1172813230632284,1
-0.8681447725687691,-1.1688084553890152,0
0.010464976470359289,-0.9783699774305292,0
0.4412500976704541,0.08238392915575388,1
1.3062959546352595,-0.2232818337139832,0
-2.0556108816132195,-2.385334974799722,0
-1.0682495828180325,-0.6277776098939621,0
-0.7373707297075768,-0.30468969196878026,0
1.924847591022811,1.5917151422696423,1
0.10780672463175889,-0.82370391776861,1
0.2926565059307887,0.10644475613569147,0
0.7066111871720497,-0.9767271767764848,1
2.1282655558700267,0.07449874126175329,1
1.572173425865647,0.9641608389544813,1
-0.46314983318693254,-0.26062617225689483,0
0.1277627936836971,-1.0422834720482779,0
1.9779687328408713,0.708403727949692,1
0.485819310702629,-0.8131129643951827,0
0.5567504549952611,0.7729744571019963,0
1.4229576792232554,0.7857728680002993,1
2.5540233313574596,1.301239639955426,1
1.6114466151656406,0.22754302433647755,1
0.01624638676074186,-0.7972576841184656,1
1.6188235542617484,-0.30963062881136205,1
-0.12853927801706036,0.35083576647186404,0
-0.10784221736802689,-0.1398022288699804,0
2.6450597764916677,2.5936110105280235,1
0.9090790437627041,-0.7137689602933588,1
4.015220972759636,2.458524052938201,1
1.6090475170323535,0.8603062110143833,1
0.056244263218939085,0.6108650431283026,0
0.9863802048095247,1.1733000645962008,1
0.36781495594778163,-0.9699701131337375,0
1.810025382012737,0.8707369390041904,1
-0.9518301491460799,-0.517381868550914,0
0.5550446257029524,1.1803509694573697,0
-0.1000844461629038,-0.7298194588129735,1
0.520130262155498,0.606580895990034,0
2.339952571535404,1.4874787248360748,1
1.3348674614702438,0.26570951295281575,1
1.5710277153182857,-0.0425623310686233,1
0.8973157190221881,-0.27567751338597296,1
2.041451643501204,0.6271650950077526,1
-0.3247462566903308,-0.5686078742312035,0
-1.425454219999815,-1.7616632741450506,0
1.481866102965545,0.41107106092815177,1
-1.133245671433552,-1.1948105012520902,0
0.7831868005558553,-1.5573600750902572,1
1.4640809526937875,-0.3581367642589681,1
-1.0551124968011907,-0.5987329319811371,0
0.5715469713175166,1.3155603753741576,0
1.8600993049337058,0.8914530499760375,1
2.0614980643452183,0.4783449473775021,1
0.4245456615321081,0.8687838939685038,0
4.61865669037228,2.534696044304165,1
1.2541619697510744,-0.3231319617110082,1
-0.45913731725820905,-0.5620299347479503,0
-1.1034456033004714,-0.3094252746329942,0
1.2067715395684921,-0.8651526844270742,1
0.2983637547879653,-0.5574832241865258,1
-0.03783999693423131,0.5439426149795619,0
0.9384564862601454,-0.4230882751033146,1
2.039244521798356,2.8966058610578282,0
-0.848230136130382,1.1785253332094086,0
-0.30855966106301125,-1.7657056326472593,1
0.9572354240026204,-0.8783699667412311,1
0.9008641506871061,0.7735658714196735,1
1.5620689678253374,0.8821188207669654,1
-1.052402399110073,-2.4085288515124468,1
1.5000924922683772,0.78668642524434,1
1.5881250699389997,-0.6196018099052304,1
1.3398572191470002,-0.858646419449048,1
1.833641211182662,0.45146841667943644,1
-0.37450437595676617,-0.8929319482083883,0
2.0541161668058106,0.3832471959861045,1
-1.1467012473664384,-1.1748637152585424,0
-0.7559693771283009,-0.326455870349248,0
1.1131359899412967,-0.1485215780501176,1
0.2680258437245088,0.26880960496879847,0
1.1926706833586795,-0.2725400512914063,1
0.29213542944845683,-1.0868216722985058,1
-0.9517942588316096,-0.2879747376958342,0
0.12324305527885976,-0.7297527885233801,0
-1.172321921665879,-0.9951860780335734,0
1.5049873351074228,-0.4494060550659431,1
0.21802403746997437,0.6437375860919229,0
-0.15574139405816825,0.8452508967253317,0
1.3903552094224074,-0.5608150889424526,1
1.9426299405844238,0.6077608384832703,1
-1.6096008778155928,-0.47360874749659404,0
4.777928994108159,2.1008003875763603,1
0.6154073233404552,-0.017026285071487082,1
1.7307835090455814,-0.25356348936331036,1
-0.9093547797343532,-1.2847716652599115,0
0.7313130960832372,-0.6448755012978248,1
1.8896984967726076,1.5998113791154012,1
1.521337470322624,-0.026772482986967036,1
2.0617165281696477,0.7561990585935618,1
0.4059368411677143,-0.8608032915170835,0
-0.29593865425278654,-0.23501933354937793,0
-1.1471821525800412,-0.5767055822840018,0
2.4743500397452394,0.8552262649335018,1
-0.32881993918092695,-0.7762890764655854,0
0.9790576301520264,1.3658434186961157,0
1.781037616425028,1.194342430601647,1
-0.654704448634047,0.21427703303676035,0
2.2549152358394453,1.2672196108076306,1
0.8991874121950234,0.9129832541373775,0
0.24407454795296496,-0.9701405241816872,0
0.5695718627142858,0.06848421411675651,1
-1.5217154949869571,-1.0080762217620147,0
0.9714469143621849,0.7620206208250591,0
1.9019054605496655,1.6873725887002344,1
2.4241297821263386,1.4666148196525184,1
1.2282068020966979,-0.6214273668656444,1
-0.4084225591679992,-0.7211403911425411,0
-0.25577433189943233,-0.5998427646847199,1
1.998719895387191,-0.0711175979031825,1
1.906228883605214,1.4581842581160764,0
-0.8421391258075884,0.1291326081658151,0
1.381973779379068,-0.7571987151993568,1
0.9167098248765506,1.3952589139831841,0
0.378669186457563,-0.07776559958845866,0
0.5766867103650088,-0.3905202653674785,1
1.0487805277405429,-0.2787990923291305,1
2.2709391266247807,1.4475701129985925,1
1.6848739741792331,2.066470459475079,0
1.985267781911587,1.0594132130267253,1
-0.09578271092941687,-0.20759053264218,0
0.01118239512069126,1.0432050395240513,0
-1.4918487734594748,-1.1287856489247081,0
1.8129749962908353,0.9938458019904899,0
0.3174120519329496,-0.3866381060261401,0
1.9944203739996307,0.45183475606338913,1
-1.7368183831360162,-1.0485106206418533,0
-1.6578935972615125,-1.53052980133831,0
1.1008257849230936,1.1781532174559517,0
1.0070780895780491,0.8753660987308567,0
2.523582410296542,0.1863068994915091,1
-0.465054979532887,-0.34056480118362986,0
0.6195072926745976,0.4828712658316844,1
-0.27997097242779845,-0.6655606693051789,0
-0.8909337742905156,-0.15940029987962046,0
2.3992787358348338,1.5009718691620628,1
0.33950689337840156,-1.2120895624383152,1
1.0631477897318955,0.1129650694767953,0
1.4580711507592519,0.37891887214129594,1
1.020774095738731,1.8533583245067176,0
1.050192959180015,0.2360569541078936,1
1.9500532416820624,-0.04548771033313366,1
1.0895492716200799,0.43377512649327776,1
1.8679325584827295,0.7493501111767863,1
0.25556310444679875,-0.15369144747850907,0
-0.775434275743526,0.7530729888060912,0
0.8810378484144163,0.058162647494765074,1
0.2824262459355631,-1.2353621002247706,1
1.5445064062447131,0.7024663911734519,1
0.942773930037029,-0.6380558214082536,1
0.37123139010514117,-0.7727850792682046,1
1.7793628512838962,0.7110424119294088,1
3.138467377733379,2.653106365830239,1
0.6855257216758931,-0.00815504880615377,1
2.233101305103447,0.5578536909469933,1
0.29538870293658304,-0.6281083623463806,1
1.8971421139878362,1.176453259183209,1
-0.9209214910899439,-1.477744429043427,0
2.632979500263966,0.35773295743844624,1
0.3481597842865661,0.05282509058803487,0
0.2139835750372688,0.31024497026343145,0
-1.8259927942180993,-1.6866642151453621,0
-0.66343112766012,-0.8575602343890701,0
1.8285145826878402,1.0079800871062536,0
0.9525206786389473,0.34142939007474477,1
1.9905223102231582,0.32799989068690544,1
-1.1005415497751778,-0.8741940365633825,1
1.5986523499412326,0.26422092339822184,1
-0.08567476481775954,1.14284093469559,0
0.21653744574249845,-0.6059813108878456,1
-0.6836381703731033,-1.1061146950491978,0
1.3568401787330695,0.23459174029011642,1
2.6743533763451177,2.2281483553460677,0
-0.5801755295159007,-0.6309136103465354,0
-0.6214143236875698,-0.6919130842834128,0
-1.8649898533746658,-0.5569891281212396,0
2.3664675467627503,0.9611700718690992,1
-0.6978005694855467,-0.9195030926911028,0
0.1292889871006142,-0.8479393711190254,0
0.06386792939079666,-0.7910792294548323,1
0.7694262003922478,-0.12582141860667995,1
0.40339158024835037,-0.08276590384207959,0
1.424743105326133,0.09629504239372469,1
-1.0462267972009773,-0.5233234705645432,0
0.1822108230716994,0.08568831936658858,0
0.506186914775344,0.8889577952317589,0
1.7519080143956973,1.491187572877165,0
0.8448951098618771,-0.7554968286671535,1
-1.82485325599548,-0.4487355888217793,0
2.4255629703316544,2.0933395919821423,0
0.39645699603654116,0.4406186686440944,0
-0.055709731745701596,-0.05534035073529795,1
-0.1266453782212168,-0.8344755365733795,0
1.2230291964466713,-1.042595377200449,1
-0.3851810455464331,0.39585142298300113,0
-1.6130819114037793,-0.576241796456207,0
1.92385977581243,0.4668341567887316,1
0.03311652451314976,-0.3482783226968207,0
-0.7611525925268027,-0.25659826957696513,0
3.4689842264793693,1.6734868047860862,1
-1.380710704885274,-1.2368845804573163,0
1.8482780901536207,0.3688971362809414,1
0.9504608702613925,0.4576222799968247,0
2.3678503588026834,1.3071908542228494,1
-0.13751537284443072,-2.083002306566902,1
-1.198651206177794,-0.9641368857183652,0
-0.7413036130047905,-0.9410107329112798,0
1.4568669112398693,-0.1735732873868816,1
1.1716615398594044,0.3830739098270368,1
0.36729295008734686,-0.5202494793477511,0
1.4768486684267095,-0.4238743849344825,1
-0.48874917212275226,-0.6062087817987534,0
2.9733364316919015,1.1663135822660817,1
2.34559613917905,0.295250478596507,1
-1.401949022958651,-0.8697186247750622,0
3.123925286734493,1.2261874613725592,1
-0.4120169722574744,-0.12652141471393294,0
0.2733124205595777,-1.811929887775951,1
-1.0276359968857427,0.1442062274787619,0
1.77540512457036,1.8920206931880508,0
0.4034865864318267,-0.6940615480892877,0
-1.0261321874313853,-1.0136552157913588,0
1.1946255540568906,1.1544524647425183,0
1.728063625838886,0.5490663001271917,1
-0.028667054926473368,-0.6179958353760345,1
-0.9748506709713691,0.2123599563006811,0
2.1645340365425194,1.5773627768917673,1
-1.3571206814945065,-1.466540550769052,0
-0.0417102140820247,0.8955129989445136,0
-0.5219078208106473,-0.8917353964508268,0
-1.4178868378441194,-1.8587596542103062,0
1.1738662955718435,0.6884209100840254,0
0.8965934858582862,1.407167457967864,0
2.5938481383506815,0.6853575531505334,1
-0.12312509562835783,-1.1269062314583225,1
1.4132655561691394,-0.11912945282911076,1
-1.0639090700199256,-0.8030813960378964,0
0.0275134774100258,0.01793288418666773,0
1.878157975979215,1.780095706274611,0
-0.8881821074798628,-0.975093305102875,0
-1.7501653478246846,-2.2511346272880197,0
0.4966592759119684,1.2044787054393247,0
1.1018475252464883,1.1954556739797548,0
0.7203422778831896,-0.2812553837897057,1
-0.0287628352675142,1.2946416339015796,0
2.226563247146928,2.492311438682985,0
-0.8038697709404306,-0.7719946463256238,0
1.1816687566517372,-0.041812555965215666,1
2.269401362481054,1.9768519773019737,0
-0.09102080668175518,0.345179712562921,0
-2.262081458124713,-1.6327793425882668,0
1.4467369630636546,-0.021281563023564275,1
-0.9385407847990375,-1.5977793366162854,0
0.9152411547568368,-0.998549724259783,1
0.4953482166419938,-0.26052337435220546,1
1.3834006605314908,0.7045984248492253,1
-0.44624069442960645,-1.0146264640134823,0
1.9008428661281331,-1.1118488706164518,1
0.9120054880694736,-0.743111747360621,1
0.39057464605769066,-0.2140487354595127,1
0.1333971629289199,0.12141989023660413,1
1.3220570547743258,1.3037491065839535,1
0.14067297732253947,-0.5153683288947981,1
0.5308942454861102,0.7435379361477783,0
2.161362175440667,0.814096419642319,1
-0.42325471662358827,-0.9251930469962321,0
0.9381340178500899,-0.14914392911832236,1
-0.2801280122489063,0.34575571440306263,0
0.17384471347956953,0.1354714444315089,1
0.7261751572851916,-0.5453136163955069,1
0.1448064718642627,0.3418279339746515,0
-0.17064211279622826,-0.6747853171080382,0
-0.5171769528612601,-0.17130855419582586,0
-1.2376080967822503,-2.167243307226888,0
-0.7631581011897666,-1.1715216862929645,0
-2.0187367920305763,-1.337244153266058,0
0.871526464067159,0.1790516127353846,0
0.4254139035699049,0.3172604441129221,0
0.19594042978030313,-2.0807170443458567,1
0.3009696881148212,1.2980125728278222,0
1.9409764182480784,0.8640426577121805,1
-0.4922440317929372,-0.05882162467227607,0
0.2559337595872959,-0.27134148264684965,0
0.8349794328803127,0.4618127017948487,0
1.2751676523125688,1.3153522903464832,0
-1.5497407495077924,-1.238534791486299,0
-0.22898101935651055,-0.17774161307824277,0
3.225732295977081,0.7249089070386446,1
0.4385430801435399,-0.1734866630283324,0
0.5262576909902141,-0.46667608091644713,0
0.31522590831037556,-0.3261308719196294,1
-0.9631130119385636,-1.6505224826283957,1
-1.4630795817551048,-1.0880423124744039,0
2.3618859813247672,0.7083538869757665,1
0.8910951295039375,-0.8454897682850383,1
-0.4612709555126429,0.07093491382626133,0
0.20172456647835557,-0.34541148236494396,1
2.487640953133897,0.46000973039012844,1
0.847348243588329,-0.698475241160732,1
2.352175154631694,-0.01369865739109343,1
0.8290465309198134,-0.9912530259984066,1
1.2730685578800018,0.44845582136700435,1
0.9140234248151067,-0.518525587906373,1
-0.3511393891539047,0.025437723438989625,0
1.2825431209474214,-0.32708802916281315,1
-0.06783631487221431,-0.9053244464601273,1
1.1609640007750555,-0.10464174861301519,1
1.0501717491315974,0.175964793716054,1
2.7400201046717383,1.4019936587882558,1
0.5470046897902379,-0.882724083596731,0
0.3937248059175126,-0.588506423659669,1
0.5766106381920094,0.1528228106546676,0
2.65231864496063,2.0179212943267846,1
-2.0256031551425946,-1.3722168985793286,0
2.064842001234991,0.637314005202449,0
-0.31926337869294336,-0.21624152648746395,0
-1.378009303444986,-1.63104054342063,0
0.595763216370439,-0.0006584238033910937,1
-0.4986570709202175,-0.7425412252024681,0
0.965358179194949,0.4274020694307305,1
0.27949348568237464,-0.6749623548425171,1
0.7041714139970685,-0.4786827311853563,0
0.9932144966370369,-0.2934322517805503,1
0.05943750661700014,0.28141874587824206,0
2.000062419051628,0.9850810655876152,1
-1.2713661009691626,-0.2797303240606453,0
-0.1504088834613455,-0.8544422191142421,1
1.5216288627986823,1.042519248484636,0
0.6316596052091502,-0.8616696633948244,1
1.3103635612994975,0.05089816993105733,1
0.9605773401158245,-0.49397239952514393,1
-0.9879687706708687,-0.48869543974300805,0
2.489017438628754,1.3150237795195834,1
1.2884093655488054,-0.363220478071686,1
2.10702519341531,0.48251792156284856,1
1.0389747913899594,0.3631879851451869,1
1.5273806447292277,-0.1217180796129523,1
0.513937872264428,0.727548920912324,0
0.18586995772006665,0.7000275024795487,0
0.7035362848891316,-0.36232379749892224,1
0.8210638409028417,0.11281706898543048,0
1.4396357931422332,1.2495181134077924,1
-1.2591098882402387,-1.9704391891819888,0
0.7080022586286874,-0.9533367464341774,1
2.0542676001036844,1.5565662029676202,0
1.5072828600011061,0.5708892481712721,1
-0.018968190318566933,0.4008681489864878,0
0.07516202897034836,-0.2736936677702809,0
1.9904539677067548,0.9297318992422349,1
1.5686118775893814,0.924721400795455,0
-0.027546760624240323,0.02090313163203481,0
2.1932056181645443,1.092943205861346,1
2.3135475021650587,0.4730729283910431,1
-0.9091134210860338,-0.601756659706887,0
2.728736000076865,0.5261812969226267,1
1.5751673334355978,0.6549491434848057,1
0.372650698330324,-0.24781964230252407,0
0.28691623611866846,-0.10803475827010312,1
1.3044821837574074,0.26777446763947166,1
0.7718575603122644,1.4538919368506773,0
2.6232091661024954,1.4223014193550674,1
-0.06633994504009277,-1.4882502668773783,1
-0.039053741451634094,-1.8723598550715124,1
2.573974274771377,2.073818041991376,1
2.5416156904942526,1.1712579163009254,1
-1.0330532367514587,-0.41732710622645436,0
3.538577698953227,1.9832891931547567,1
1.5264891401275027,1.5242037961681885,1
0.6631049799962473,-1.0754959177480952,1
1.4758454487478694,0.45598088042294965,1
1.1149919302465636,1.0248081969832419,0
0.14659352281742466,-0.6562606911349139,1
1.0201334543524796,0.5015401955425356,0
1.229093811481921,-0.4370905203061132,1
1.6727597742290752,0.6829171762660932,1
1.2646176553636852,0.837447867596791,0
0.3745414149193555,0.782993334258683,0
0.4898023539965738,-0.6864113792614082,1
0.8811900622323678,-1.361775774364875,1
1.3724592397216209,-0.18163391183150374,1
0.30906821021087183,0.028466751077636628,0
-0.3042533954846748,-1.2639549276913262,0
-2.3376794044670524,-3.0135952256128538,0
0.6530513442705139,1.3175257706417152,0
0.4461088174685345,-1.4095987220302502,1
1.0135095274818888,0.8786801316597821,0
2.958716444773983,1.2087626284033817,1
1.3788047093195386,1.1629979278927158,0
1.979826268264722,1.6996992256802708,1
-0.36585464269685264,-0.43111332220723186,0
1.0403459121807836,-0.38265097483623145,1
-0.2497150359784807,-1.8065627948706682,0
2.3980936969181315,1.07611989127161,1
-1.0733523937767746,-0.06357772829845892,0
-0.8313862006037049,-0.29109519461665534,0
1.4573080934699483,1.1179499023530788,0
1.8861170535092215,1.0015582399592349,1
-0.7609614877324105,-1.3812696056997382,1
1.7923767366825452,0.377417632720352,1
-1.0334424039578654,-1.4013568371353404,0
1.4131983491421247,-0.2404843946806065,1
0.48734898162105356,-1.2814194387808235,1
-0.6924468131534139,-0.30901467560235535,0
-1.1806572709536731,-2.2405783783205986,1
-0.5988630044911747,-0.30992357800261916,1
1.5967174966333846,1.2852512345275962,1
1.0826436603709129,0.0032359948418602797,1
-0.04849307387882873,-0.6680707734848762,1
1.6327979227498703,0.8061786829357785,0
0.7023963673872113,-0.7177944975172594,1
0.1330599503437273,-0.36154263987488355,1
0.494172168327342,-0.02144050148279976,0
0.08308159833291774,0.7479207235022757,0
2.6152357384458016,0.8750622436073585,1
0.6540527804039908,-0.2562690160991586,1
1.2820785430192867,0.8970348085349634,1
1.4584633733460852,-0.8028086715137479,1
0.5821210781383859,-0.27899833363565557,1
2.4424241256120456,1.861539110363489,0
-0.508694609522231,-0.5832639989680086,0
-0.14010378444427296,-1.8204711346811038,1
1.72767922578541,1.492662949702761,0
-0.117086612809281,0.29408208610061565,0
1.1346528932511526,1.077861409978938,0
1.230415972882921,0.09336573005049066,1
1.432422377551414,0.06780117306566519,1
-0.01472117273177759,-0.05131748985858794,0
-0.12907082789611,-0.7703753719388772,0
0.07435446420048697,-1.4137883993794804,1
1.302102152690881,1.0057268225157137,1
-0.1859115914407292,-0.34901055023316824,0
1.47374051365039,0.47432235902207437,1
-0.8453832588688236,-0.5340597055371236,0
1.281444867416406,-0.6672931947235704,1
1.3766217086681771,-0.5507445074962777,1
-2.2676847460253344,-1.661739429662279,0
1.3234006980988653,1.312750458748567,0
0.3510412417829216,0.9140574933376762,0
-0.22166129240353505,-2.495350724487586,1
0.13784605684974394,-0.9124238222591149,1
-0.272520453977849,-0.46057873168644625,0
-0.5236395795530764,-2.0641905515881085,1
1.1485289575359448,-0.37832398684456914,1
1.5953267658767025,0.16597630775818717,1
1.5587454531878695,0.617801719328776,0
0.2934611619129199,-0.23006412611741076,0
0.47951343189601126,-1.1959110368425456,1
-0.3379415311383528,-0.39641855854297037,0
2.674560008140007,0.45361859019758993,1
0.7219090127763222,0.4154114948441139,0
0.9657386681236011,-0.5232882511135107,1
0.7237635736590939,0.6702811347538702,0
0.8540738864645585,-0.29242157824858606,1
1.8611173569323287,1.784633070132776,1
0.8896562208766912,-0.16809304751447057,0
-0.8228096357948484,-0.651960836543793,0
-1.241809260791129,-2.660905984414599,0
1.827989618083278,1.5625649899212437,0
1.9912314763212688,1.645870355834435,0
-0.9652752077101853,-2.617442165481086,0
0.7894617072831622,1.5904887227201534,0
0.5711867510520289,-0.850987296018331,0
0.2025747237734687,-0.42923769329933215,0
0.9436049090839564,0.5198458388990876,0
-2.682353458046647,-3.450455792100511,1
0.20922767053318192,-1.2287937148604897,1
1.896391429387291,0.02573423518589151,1
1.515150550711398,1.304603940620475,1
1.4699252933657478,-0.01933856573418686,1
1.9858166208839552,1.0565167090609624,0
0.4646149013480082,0.5887555797124258,0
-0.771661181395864,-1.6523273585158964,1
0.13393031218425921,-0.5622255586473373,0
-1.7868524621786974,-1.6493717947539293,0
0.11599807198440583,-0.2398349321336002,0
0.9637206390418174,-0.6339143202363694,1
0.7225467516311044,-0.7554462112195275,1
0.32091205107844334,1.3678208752265213,0
1.1978284778277477,0.6134548549392126,0
-0.15555386456352938,-0.5594669541523585,0
2.40268383494933,2.2969872020216795,0
2.9294104929320968,2.0323794113441167,1
1.7382214426174611,1.4270583816956133,1
-1.6125706052620878,-1.5653206271799358,0
-1.4428098967618064,-0.2836880730156043,0
1.3982718028214356,-0.3726145905284461,1
1.8143364041121541,-0.3842300514579538,1
1.2411239384846804,-0.6703480133454155,1
0.019590171698729453,-0.27214394024184857,1
0.9384728368605297,0.32111557852773615,1
1.8787961406330442,-0.06360138333737285,1
2.4049685792643296,1.3902957666491664,1
0.43530510948555645,0.6684012150918606,0
1.3800248412796055,1.1847294182431714,0
1.1735266068982357,-0.5910294941790786,1
0.22964684658032675,-0.575511532583695,1
0.9844325366525063,-0.9742705953364371,1
1.2086995068812645,0.6509707436544835,0
-0.4835380580160015,-0.5907849087500553,0
-1.175646555440636,0.17024584216922858,0
2.0842401395366768,1.0663481016226735,1
1.1255871864192968,0.7026232605175187,0
2.89457681170168,1.9547843152477133,1
1.7457246903910821,0.8219922291900567,1
0.9588769546672895,1.2832362477772783,0
1.3912371410972764,0.6591184245405005,1
-1.3148375832060528,-1.5862322402042726,0
-0.8074748130615484,-0.24314530648605848,0
-0.2676280026845821,-1.1003167312202453,1
0.7988217140017553,-0.6339979494149993,1
0.5560701108349375,-0.3548173612231635,1
0.701311467385602,-0.6160423754640293,1
0.523509343542625,0.4464534806112523,1
0.23218466561796264,0.16394698223034412,0
-1.169785153070032,-1.8901439923933332,1
2.09429043474746,1.2996063500416417,1
0.8332488500849663,-0.2909524391165218,0
-0.10980904271784486,-1.3868043849407317,1
-0.2968941431910571,-0.18620507682516918,0
-1.915110279166475,-1.3217327662275393,0
-0.17412711432150793,-0.379815480490011,0
0.6807659126515123,-0.5677018865805084,1
0.9524007441244619,0.41372126705116546,1
-1.2725020811283454,-2.3357945907783413,1
1.6766242771042896,-0.32382009963344993,1
0.6867721077068037,-1.2044787572079945,1
2.0241766651675897,1.4355600896089646,1
0.050273625612653694,-0.8525490942210489,1
-0.7408885349239263,-1.418450831764404,1
3.0189787054705124,0.6414470205134526,1
1.0281863733842662,1.4234906263022782,0
1.904718011004215,1.68248775376261,0
-0.5310738821682172,-0.2590522818949029,0
-0.9404216164083322,-0.7049665085358464,0
-2.086389236354513,-1.4009607110106659,0
2.4518907923173323,1.510890393774636,1
2.311817865490041,2.4820073733936643,1
0.9313181147501064,-0.3139185281372668,1
-0.7414033068267656,-2.077019092928337,1
0.20020191923990716,-1.3585243316752145,1
-0.7231793370539762,-1.751370549149075,0
0.47840770762937534,-0.8912609443024381,0
0.014999487320365962,-0.18548104669866292,0
0.46581566802623503,0.27937279133843,0
-1.3725075476182442,-1.1808439965145565,0
2.4918554220045324,1.8456827096066473,0
-0.3520507050302667,1.2951599065909527,0
1.6037571005659357,-1.7759394583439005,1
1.1576710794049445,1.0209808570636272,0
1.2914381368764924,0.529394440094891,1
0.9924163950757076,1.3158750011967437,0
-0.01119347498478434,0.47440007186331135,0
-0.6453827882154498,0.33773563146319224,0
-0.9737197787616052,-1.2989835412904167,0
1.4099289913202635,0.5689145733569441,1
0.43047716824559135,-0.4323360112869134,1
1.265089977547494,1.6653916561812465,0
0.07217969038052276,-1.3753906373233429,0
1.2799567918810217,0.05877689609686617,1
0.255654781426931,-0.4921472182340547,1
-1.3576124308164987,-0.9078562223633999,0
-0.15271086668587747,-0.7166317147288171,0
2.5637593170895236,0.8559405500900257,1
0.5562639234097673,-0.7819812012195196,1
1.0734863416002471,0.8490535060415819,1
0.9151157438485475,-0.05936211665628633,0
0.6135451669949967,0.46837313972278066,0
1.471771388560485,0.026836842942266462,1
1.1865984448908267,0.1264332079359591,1
-0.8927185304265282,0.39298331654739405,0
2.2676992180031794,0.8947754985069942,1
-0.34244431478670195,0.20006276668173642,0
-1.640258809497089,-3.3320453972906154,1
0.9635676272730154,-0.06485947902161221,1
-0.046085867497628615,-1.4576248354498693,0
0.6201526064610356,1.0027053044602199,0
-0.0063322362801998145,-0.7543094539879578,0
-0.4510323796452555,0.0938877631834,0
1.2611200412111754,0.554253981331089,1
0.3354286662031006,-0.008540549742551721,0
-0.1057480590682276,-0.5392576463427431,0
1.4446953897094077,-0.4698360612702354,1
-1.288201787354974,-1.4138751230947724,0
0.16475481294973804,-1.4214003334407357,1
0.3336786157926104,-0.4796298684517198,1
3.0675247448660152,2.168674050439646,1
-1.2062684788396305,-0.807775913540481,0
2.26816483070073,0.8810430236552299,1
-0.8969409317909068,-0.6991701335381533,0
0.11537542249892077,0.1897836287051635,0
1.0363808901954223,-0.3752175256601268,1
0.4226883672187209,-0.2033580300728864,0
-0.8455031771675002,-0.143909145857301,0
3.0489271508205213,1.530821209510886,1
-0.9196423509590466,-1.8413398588902048,0
1.4506179545204736,-0.3969989837849653,0
-0.3870014996220489,-0.22057315070631994,0
-0.42868731939347154,-0.32524254018268484,0
0.12423298732636295,-1.2485605769950334,0
2.0001285113093066,0.811218860329619,1
-0.5937993675207259,-1.2932490656582158,0
0.3311282517982978,-0.5970064257309909,0
0.015705072197643943,-1.620976371733861,1
-0.017313891241759416,-2.1529740096843586,1
2.0307268592766268,3.2995618438732897,0
-0.5246535348450884,-1.0046692021102699,0
-2.0864005816770406,-0.7634325696414684,0
0.8250527418792618,-0.5090182281989328,1
0.8292619782896128,0.5160223478393312,0
0.6910501795181051,-0.17319344734844935,1
0.5059843820532373,0.19183864015117105,0
1.6256887536546099,0.8776044481393538,1
-0.04208773712521563,0.04704079121969129,0
1.4420473446667519,-0.1985342284041809,1
2.9507345804116962,2.352608701402531,1
1.211346247811532,0.3646870774980211,1
-1.5582317455242252,-2.342514153719929,0
-0.10303248229590475,-0.9634086271078198,0
0.7256954940679885,0.47959427493237955,1
1.6430428742136824,0.5582191823520342,1
0.7001376655651373,1.0304999007677358,0
3.6287116552090053,2.2840183760483472,1
0.10334587556170635,0.3762089872439078,0
1.2491072623227522,-0.04959764040086461,1
-0.40309192111698416,-1.031898858508544,0
0.6814274323671194,0.35734397905063525,1
2.2101937287674716,1.755971786086244,1
-0.6012630238242,0.36636244612233504,0
-0.5040015911963932,-0.18025613954762065,0
-0.36335994790440257,-0.9876372010087648,0
2.612297571095511,-0.5679712942603716,1
0.38710447729100467,0.5637627548150294,0
2.6339952432685942,0.25227955934498786,1
0.780189003230511,-0.9211116978022995,0
2.126728543162125,1.4459160492424896,1
-0.7992739152381604,-1.0877721462983858,0
1.3793664459149675,0.7826215725289338,0
3.073302578592603,2.577788072563378,1
-1.9141615598066415,-0.6699160942867792,0
-0.5729419570133998,-1.423632438264955,1
-0.08033181539262703,1.1019532649454358,0
3.1856116052145977,3.422242111548819,0
0.0726993405331211,-0.1655703950053663,1
-1.5154090734730257,-0.638188437152816,0
-0.835600074318998,-0.010365140733507161,0
0.756202270176051,0.6778719685687459,0
1.1937778516626714,1.4766256283360837,1
0.9765901999303656,1.0293246606922484,0
0.09492123383652107,-0.8648433368657075,1
0.204412677188895,-1.4693237034779425,1
-0.8078871090116583,-1.5652305669736066,0
2.169486498450188,-0.02255497342921055,1
0.8546507505846027,0.8814994542062241,0
0.15782504803532804,-0.7748568469441182,1
-0.6039857449703862,-0.4272571079861398,0
-1.1902344875490949,-2.105135651412096,1
1.3595487011235512,-0.5151842224360788,1
0.4493325459318003,-0.11970798579527811,1
1.2811805483605343,1.2960460225322175,0
1.0831904438408868,0.4369066039865817,0
-0.45139601853558875,-0.503768181867692,0
0.946295397011383,-0.9665533264987555,1
1.020734281268717,0.7771510853270095,1
1.1122231907456464,-0.7131995102061769,1
1.3281449238768317,-0.5336409268626963,1
-0.25229945574181634,0.6373864803352289,0
0.6593456670127349,-1.0086183687250514,1
1.9243810523845548,1.456711750041754,1
0.18702740934960752,0.7347939502520504,0
-1.482574380618103,-1.9171494057370637,0
0.8185024050422813,0.6799779956598991,1
-0.5878218982730614,-0.8705660656681594,0
-1.5173993163939672,-0.8505551316348648,0
2.71961974542278,2.1377905378998037,1
0.06920475964250776,-0.3914656204591221,0
-0.43733914080228375,-1.3719535820662963,0
1.3801061396366203,0.5853105285969468,0
-0.8922472320925494,-0.8058442735433547,0
0.368231505499102,-2.002511256326974,1
0.49720933587696287,-0.19737474763600013,0
-0.40572679357985103,-0.6805596404015803,0
0.4693712322230425,0.6214897991824719,0
0.3404247100899455,0.8056927484662584,0
-0.3634012570166534,-1.4912418288705658,1
-0.8357968691782818,-1.209948933189103,1
-0.7225230517155642,-0.0756283901182363,0
0.16009268430531756,0.6242060861891757,0
-0.39276283444971366,1.2181434814594188,0
1.8040711157745264,0.4106852281185392,1
-1.576243299931097,-0.9330112694463205,0
0.24642438045884787,1.280767788746977,0
0.7305318527520371,-1.039681968450633,0
1.2140227772563357,0.4024054978718173,0
0.42772139948321064,-0.6627716477877145,1
3.293870228553801,2.0394676189442213,1
-0.21924117621623096,-1.298086416930188,1
-0.8006418799819055,-0.4387757696448596,0
-1.9000963369470962,-3.108245700315304,0
2.6575889673768693,1.042153221763751,1
-1.4161129100564054,-0.9018731191829704,0
0.4498598571173079,0.567133205205101,0
0.006433782085896797,0.06458348099058371,0
1.4038900566085672,-0.00855077880885373,1
0.44583383819645545,0.8436811384990808,0
-1.3142897937788123,-1.1292052263385552,0
1.0823736405166953,-0.132317347810738,1
-0.6195674752121825,-0.8204587375991432,0
1.1365662497992994,1.1992700407341412,1
-0.07346245701592657,-1.2896696936703633,1
-0.40325843455409927,-1.0080703645607372,0
1.6467771317079594,-0.8198168590116864,1
-0.2913631613040073,-1.6054624585521762,1
-0.002692637622174976,-1.161228818631163,1
-0.22539822849703334,-0.9240850172960966,0
1.475624989300944,0.0011621277374288185,1
-1.1489208726933533,-1.0347103080148625,0
1.1772960656601927,0.09402968254859055,1
2.3402707635549964,1.6059475985781446,1
0.3781332086779693,-1.058937554561051,1
0.16635447986390983,-0.576569077195919,1
1.0803843973306948,0.13007653681029768,1
0.6619703858126834,-0.6583620405248186,1
1.898225821612633,0.882465259550515,1
2.3574963758453507,1.5247638698482353,1
0.010968334497794663,-0.7162442034581686,1
-0.4874150099897996,-0.9630717116520723,1
-0.14359386302122265,0.9169990833614836,0
1.2975501100093672,-0.07567296166968208,1
-0.3938175380767973,0.07821448909427961,0
-0.09162325405429171,0.3668925906938835,0
1.094058647061594,-0.27549481154553557,1
0.7595711711605995,-0.37429637041989317,1
-0.2629848883414898,-0.5336960498710572,1
0.5876675088973954,1.2127690960125153,0
0.18314400453313795,0.21346412772840317,0
-0.1386644027151677,0.20531966586085515,0
2.2241839087696715,1.9999862539375444,1
1.7225426664238999,0.7498065861461651,1
0.8204091812611789,0.7283441361060382,1
0.5501217040749978,0.28363398473475726,1
-0.8319987994540626,-0.7724253110530276,0
2.404742918489764,0.38707034583326094,1
1.27262734328311,-0.8006151638308465,1
1.4407063309042223,0.7066987698322033,0
-0.48092898534344863,-0.24826835324339053,0
1.2195084288854001,-0.5577469294014723,1
2.677117588190616,0.6449397963073521,1
-0.028360187215321287,-0.033119458343219096,0
2.5862539433146403,1.5746689736495507,1
0.7449694684997196,0.9256295832765468,0
-0.6968035127695889,-1.147459491486968,1
0.3827794921396278,1.286434834166076,0
-0.02829070093265991,0.39910646451869364,0
-0.770509573797232,-0.4169707515555964,0
1.5328820922484385,0.5756895769489239,1
-0.25639971764354214,-1.194302893225877,0
1.6305549328918236,0.21529907161823844,1
2.0927713175275375,0.47141487273963073,1
0.9482798799719617,-0.3879545703809271,1
2.719965008649668,1.1814752516848206,1
2.5201723828374503,0.6204327445141732,1
1.0141751294248313,0.12313881830159082,1
-1.4959437790233059,-0.7374066977775842,0
-0.2922092904883908,0.7991776386394756,0
1.588819042820759,-0.0764190070801159,1
1.4303294707409093,-0.2882101606658394,1
-1.1750919100588149,-0.4698994339913874,0
0.2118255851178908,-0.4665439978008541,0
-0.05135038230024074,-1.2705896680864632,0
-1.2859450451761885,-1.392367405580087,0
1.8124064243673952,1.0174688679512702,1
-0.8456703932120514,-0.8233062023131497,0
0.029798016355042423,-1.5396747398423163,1
-1.6238780388984964,-0.6523112964190699,0
-0.9311011154784307,-1.2409039336264576,0
1.2549692364242244,-0.3915381633919097,1
0.2643730828163591,1.762956678732414,0
-1.1423944294281774,-0.5821709034067504,0
1.6796831969409372,-0.4754978054300916,1
0.9521770928878148,0.70559006711649,0
-0.1610925755265138,-1.5239242390375396,1
1.6062422046037064,-0.033632847797319516,1
3.0603350831340146,3.0334938780431724,1
0.21008627754454126,0.28129057156947224,0
-1.5758370538641977,-2.218597792452301,0
0.5939615842541067,-0.4490859883890635,1
-1.844497928312885,-1.793508033765918,0
0.4186064924780468,-0.17428536637804232,1
-0.36821248004555146,-0.15792681457770893,0
0.26609620611051665,-1.0189612786266897,1
1.2724769227357433,-1.2917569128959443,1
2.0595479756163915,0.9395207542747567,1
0.6949495065099691,0.876290848113393,0
-2.032770687784396,-1.1806647636331464,0
1.2711887525454058,0.9776396354794258,0
1.5203898577545756,0.3008605127699267,1
1.5502667210531182,1.112476760411461,0
1.8660415259443248,1.9120152870618192,0
-1.6825105654681716,-1.37263600938865,0
1.2681787114103171,-0.2443212758538079,1
0.296189029964747,-0.31645232539419216,0
2.2853585259926286,1.6059436832336826,1
2.426576830287159,0.9485177966439603,1
0.8287946189295184,1.3800917272405981,0
-0.1987692349425467,0.14833433197542778,0
-0.29288488846348687,-0.7770551533277615,0
1.7961350463363817,0.8020656848166889,1
1.3706262552009156,0.9967885897033063,0
0.31210797385509736,-1.4460833548596235,1
2.24837203237863,0.4002814880064854,1
0.6751617063106049,-0.7699578881601147,1
-0.31893169347975575,-0.10056393991856304,0
1.7839083757597396,-0.8591428549118316,1
3.1138963908472173,1.5783429071976742,1
1.1250073413819295,1.3237242431155223,1
0.5312350523930595,-0.5043348439438313,1
0.5810041850941973,-0.680017582834834,0
0.8870070301431818,-0.6895954336020041,1
-1.2408129205461342,-1.489451957772287,0
1.662270759703796,-0.16423532054050963,1
0.688805839467784,0.890236283402202,1
-0.40420987990509094,-0.7300786384283209,0
1.0797905421857326,-0.0854932048469733,1
1.391172794871305,0.6576162360455613,1
0.8322103617453553,-0.6904934356162473,1
-2.221826647043022,-1.9420374749963272,0
0.275286710758234,-1.2105278212286523,0
-2.047755699776331,-1.6380866994903978,0
-0.8718224116916291,-0.475587963519973,0
-1.5732724330447792,-1.9321444977386526,1
1.6658393078267535,0.92353084818646,0
0.34434891739204415,0.05440391783704624,0
1.4912188580893018,0.7335535148371626,1
-1.4833786889194733,-1.8903085537104034,0
0.9136917948665011,0.19243141984053433,0
-2.03711392486355,-1.5757284231993736,0
0.8036192467754301,1.4859942071993941,0
0.27115821640467774,-0.8515046352396771,1
0.5443458175156803,-1.1488811554237275,1
-0.4170297954552754,-0.2526905935055361,0
0.04758015882660901,-0.7096329280229287,0
1.6457553901272473,1.582266907344003,0
1.4914417606971153,0.15166559495227186,1
1.5726048973119244,1.0294181205405981,1
1.742279171359091,2.085905383030615,1
-0.8482385904301396,-0.5037369697782659,0
0.8019732013481253,0.1806500734983655,1
0.2589349381249503,0.9083166876090734,0
1.1834555904548212,-0.48226970671955727,1
0.03714278132698468,-0.03469345152240389,0
1.0405054936211586,1.903193263074689,0
1.4962888006581871,1.4209414804178846,0
0.4709554132261927,-1.1574366212932823,1
1.7745861905135718,0.5953392098717167,1
1.627098143622865,0.030124656684251738,1
2.2942659727237977,2.686832839970854,1
0.4196788004457401,0.6072719553801617,0
0.23923940968304638,-0.2748343596060452,0
-2.1495245564775782,-2.8848339872146473,0
1.0980889326801304,-0.4406406887352172,1
1.5620041769125366,-0.11386613464178917,1
0.48530271287821436,-1.0013110022448917,1
1.599086173133188,1.0650993474460666,1
0.7627087587141292,0.18114503895738138,1
0.6792334139694848,0.1767829803332713,0
2.0759676175122044,1.221180671543376,0
-0.552042417743747,-1.0823528310901531,0
0.5978620073323622,-0.8872586715032835,1
1.840269031518962,1.7412334337482631,0
1.3671631167004805,0.47298641331809227,0
0.6791899223192361,-0.1928801229581864,1
1.6042807072060445,1.1315613948624788,1
0.15024338394346567,-0.043158291481465626,0
1.0464362311558935,0.8585628460747986,1
-0.7622031792182193,-1.312672295500925,0
0.9577058963551935,0.5536236248878332,1
0.5096202925645216,0.14734714319801692,0
-0.6847299635103327,-0.26749975640940743,0
-2.835682084594912,-2.41310355988754,0
0.8207245591037394,0.08518211354791717,0
-0.6952362756302906,-1.15073502929676,0
0.12275241053627654,-0.4806171498065951,0
0.23817209429416852,-0.49199235464823043,0
0.13551556891819638,0.558574166066017,0
-0.8429575883494299,-1.1650674795879994,0
-0.433369185932341,-1.1012369622244602,1
0.026309503598182384,0.4561715764715177,0
-0.09911574784944321,0.0726997072079033,0
1.5909770345289107,-0.11838102105560576,1
1.6136683756636871,-0.03846831255752388,0
2.193672153657642,1.0351400222367129,1
1.1701893508423455,1.0188970213625856,0
0.5028511373887079,0.6496498399729783,0
0.8110115159492202,-0.7551122455208369,1
-2.5775618669108913,-2.345337419265026,0
0.02961987528829586,1.3212544638377728,0
2.907623896076707,1.1909157667915244,1
0.9677831727539937,-0.202688024241469,1
-0.004619186763992159,0.2028275270693317,0
0.47659741992362914,-0.0949923292133713,0
-0.05115479226992443,0.32834798624333883,0
-0.878887903086378,-0.482837806276947,0
-1.8862881787122323,-1.5562175983095907,0
2.430397864234408,1.2740896748212358,1
1.6861497867308373,0.7798293337944802,1
2.0642449234403197,0.8033611566127924,1
-1.299769353458249,-1.344767707950817,0
-0.19772162955433534,0.09012441427688359,0
1.3488233101843412,0.26402384703790394,0
-1.0129844134120334,-0.14131406627600912,0
0.43705150280588534,-0.29610166036081154,1
-0.13552388788048733,-0.6705702036804576,0
-0.7022774934404995,-0.6026591492162581,0
1.8851783360290608,0.2927022059115568,1
0.3146441205451157,-0.05203283437170572,0
-0.2929959248595567,-0.3794199144048453,0
0.4230090952503982,-0.9010648152704888,1
-0.2211454370145738,-1.0173968361192651,1
2.1279561984924342,1.761510703858689,1
-1.0401024475029546,0.46263242574242563,0
2.547577861481974,0.6584793286672086,1
0.9820491313507859,0.7777321571253145,0
-0.8764898716040287,0.7381259742318678,0
0.9572846806742277,-0.6195943067910249,1
0.8412117143746255,0.48155741906512517,0
-1.8904506118371027,-0.48568352915605717,0
2.50622290610078,0.4026282499144108,1
0.8957273051397737,1.2469526108818216,0
0.262857460255992,-0.7610147748683275,1
1.740575320059943,0.43520724133060995,1
-0.5945718050768941,-1.3992514132839553,0
0.9643697883693366,-0.6243194393095504,1
0.9035496230733282,-0.021694165609517715,1
1.030424091413165,0.021839316979215182,1
-1.7208135759103829,-1.807956464903973,0
0.30352984216721524,-0.10980473355935129,0
0.6912342135153384,-0.7095260459285683,1
1.6722957568706576,0.14142029934724973,1
2.7105852238740447,0.26857837779375054,1
1.4111317011169462,0.12859456400474895,0
-0.6482721150381617,-0.4770700525715774,0
1.9249103756213848,1.526683992433236,1
1.463485057742512,0.704253516672105,0
-2.435588121226135,-3.2377269984668904,0
1.9991466656792938,-0.42483676881138777,1
2.0849914030760277,2.265282178604866,0
0.4318297553186881,0.2630359607715948,0
2.725323889396075,1.098449376851958,1
0.584046122682588,-0.7049946065781303,0
-0.9702915110379353,-1.221955141378211,0
2.4445100104277317,1.4780856845099448,1
1.6304569883928777,1.5730183573196468,0
-0.0528557100925119,0.12277363979576081,0
-0.19404764810549446,-0.9418489216789651,1
0.43298362436584686,-0.2325052310362987,0
-0.94472555236437,-0.34565677055991684,0
-0.20965016913893497,-1.0971235770865146,1
1.6678149297967533,0.27037060979726424,1
0.40404828986495384,0.8623945263796081,0
0.2028269081504893,1.0718200602949841,0
0.19420743782629848,-0.5261734935082436,0
2.0530177281438573,0.12072790983700028,1
-1.9007545562290744,-2.3506307373927933,0
0.37470190063954484,0.4662569255363571,0
0.07727702729959439,0.2512976910458382,0
0.7285371309441728,-0.5240462243975075,1
2.4620826513313165,1.0014488548280098,1
0.7593736764860683,0.9511006476495689,0
2.6571841662961173,0.5669924712686143,1
-1.7178812237452257,-1.8993151301393918,0
1.0094212463677852,-0.3625209600288596,1
2.793861769903686,0.8511040999415048,1
1.302200808638278,1.7698607408148517,0
0.23724433892390068,-0.12295166789058341,0
0.2531378959265003,0.4613652705190734,0
-0.5937799480634964,-0.1515766019527237,0
2.3857487313662746,1.1810680673144152,1
2.919712222409962,0.9044820525517989,1
0.19781476143585808,-0.938561963319857,1
1.1042693046957246,0.08795153745469936,0
1.6252567792922332,-0.18417633282698606,1
0.9856072004168828,1.2782749144426486,0
0.23431436142698936,-1.4254370866221315,1
2.568073451894419,0.622377427213653,1
0.8405947237918192,1.459694337260192,0
-0.6790302290908611,-0.16417175098614617,0
1.5607689515806484,0.4823908473641839,0
0.35749432068948533,-0.32873398924449726,0
3.2226109866290757,1.6364847757425376,1
1.6238377611959645,-0.5060026249766246,1
1.085669387326879,0.5911845781364464,0
1.4382593514215336,2.0961199335855243,0
1.449300999822525,-1.2136226147315774,1
-1.0235294430799537,-0.2710591235122557,0
0.18635253820413045,-0.39011132129620485,0
1.5798404897860117,1.6802126560091444,0
-0.6825846954493211,-1.5627737788309497,0
1.5012465083222521,-0.09630155565033921,1
1.2417902203810014,1.0505436188376662,1
-0.6415097893120725,-0.6942385359798396,0
0.7589662645709605,-0.44350477365711677,1
-2.579618547307214,-1.1232042518586456,0
0.8553631143979428,0.888112559768036,1
1.6732797667724713,0.4583459336559038,1
-0.05340907277631275,0.2131904202808926,0
1.253931008257283,-0.01868030721756824,1
0.01044933117682937,0.24869145324834724,0
0.6356970995305267,0.4051637382477832,0
-0.42135819092076165,-0.6231047621821539,0
-1.1536177062896453,-1.2247292229599922,0
2.6357162089103476,1.6123453768326748,0
0.2514881133047117,-1.2793475067731763,0
2.76159900185142,0.9525649895874025,1
2.4903943138249303,1.5943949367299206,1
2.7530625055234883,1.3824304233000981,1
0.26822451003434067,-0.1544656170979716,0
0.14919230330883648,-1.2902761944841474,1
0.4684914049844787,-0.7889629411277961,0
0.3149618869350944,-1.348261329653293,1
-0.49638445154520927,0.018877354649894387,0
0.4907901828652219,0.41094434458062823,0
0.20393668627315364,-0.4763356361593641,1
0.5890481239642962,-1.8165976408758338,1
0.9613088907968727,-0.8379097137547408,1
1.9585005559330235,0.47779174108621664,1
-1.341863269089022,-1.287681419570888,1
0.6437981280377478,-0.16622980617754377,0
0.257413909878632,-1.1560633085604188,1
-0.11459894034487944,0.08094238391539933,0
-1.0908062252962336,0.24309118407459723,0
-0.17009375755382894,-0.07765076684073965,0
1.1812456448695394,0.478056827228935,0
3.1925470666317155,2.342460365063118,1
-0.7576108117643673,0.2587825080461953,0
2.3476457506204227,0.5861769282870793,1
1.7094894862791528,0.3475163589109716,1
1.1512786488102646,-0.4060677345494475,1
0.7230246409765616,-0.7815714430160217,1
2.0018507322447356,0.7073359201240704,1
1.0340372137850788,0.061540108289041974,1
0.9662914447010723,0.9298050026493078,0
-0.8128785865599493,-1.5295971555384233,1
0.025596805320402982,0.3842185341551126,1
0.7456305341331593,1.729969940399563,0
-0.916203045686346,-0.7043607258471969,0
-0.1545549486439147,0.05504345747476901,0
2.8061529939626197,1.0801769514174717,1
2.2134533263392537,0.8103071893831617,1
0.9800261164988345,-0.8063711602851289,1
3.712825450690331,2.379924979990827,1
2.235071716820377,0.9581094623840608,1
-1.4216685407998242,-0.6773751983184408,0
0.5862829428285922,0.1802352052565598,0
1.019540425833676,1.551118305403233,0
0.41835475236179603,0.022514319368327183,0
0.11826152362183451,-0.7619590970554333,1
0.23975353279520897,0.11563803122921439,0
2.2419174727540856,0.30922684590468924,1
-0.7701632577243517,-0.7714742065559753,0
-0.031191432119008985,0.21171594993876178,0
0.38447222490760957,0.35985143276751325,0
-0.0900662168833089,-0.10480757821566217,0
0.7866232699927163,-0.716119683445208,1
-0.021555606361544043,-0.5367185060449424,0
-0.7552175587883957,-0.22390102021377703,0
2.277049983083857,-0.031054602713434028,1
1.7176116710682259,1.1845516729127028,0
-0.4256042309821286,-1.404221727795053,0
1.9508328548844445,2.320289556785406,0
1.8211312524863383,1.572659564427256,1
1.2389518871462404,0.16165236040795988,1
-0.04180006167809469,-1.4254604056169011,1
-1.644564448917652,-2.2474357595719403,0
2.1451670813144847,2.9036820292527286,0
0.5691559981376108,0.27899421488942083,0
2.0374175116517366,1.1199945613122275,0
0.519465663328154,-0.5765119207755104,1
1.6951213283015207,0.3911565145738763,1
-0.5288542278822448,-0.3801637933478658,0
1.858339861388224,1.832036591832577,0
0.44085167976016737,0.2916279133513947,0
0.06471407377683147,-0.29021695428271105,1
0.18310241701270402,-1.0805296610119102,1
2.7357510390665425,1.5615895555281434,1
-0.523477242448272,-0.7756659705770031,0
2.1287518960166363,0.3314618256493056,1
2.376216012350717,0.9178358393921686,1
0.1097320786852987,0.023124295774774508,0
1.3227303625778928,0.3086804996747725,1
-0.5075812604190945,-0.7656989012529289,0
1.503275931212722,0.018315969163322527,1
0.949807762104864,0.7158709786519417,0
2.10960113293131,0.5428953988899703,1
1.6177228560425088,1.3146203170388908,0
-0.770963565265994,-0.2319538929168654,0
1.0128150650289125,1.332482801592461,0
3.166633498133263,1.106199566244646,1
1.9510726806184386,1.3168940832630769,1
1.6665170383528638,0.08568192230736878,1
0.283520582823162,-0.010765878246876104,0
2.5063617266977767,1.3988141541511623,1
-1.2790405667301565,-0.4896026680412399,0
0.28831276664266625,-0.010804645693737822,0
0.401254185033029,-1.1898289182742232,1
1.0761576017736378,-0.6456253252572346,1
1.570949172464386,0.3550438263363272,1
2.1792936906125893,0.13065746194028888,1
0.22781887765158115,-1.367480156956514,1
1.6186825309651387,1.1914313338023796,1
1.4332236987593807,-0.8710602088282342,1
-0.593994117436383,-1.880745894950508,1
0.4921935101287387,0.10602811753181592,0
-0.5982284165032962,-0.20619397213559207,0
2.275106192385194,0.6053374218876991,1
1.2153207333540175,-0.28886365479892806,1
0.5196905782757487,-0.3031761470399459,0
-0.030557442098669414,-0.8903113783724431,0
0.8283539630589924,-1.2999895967955055,1
-0.8399130334621845,-0.9028771703839031,0
0.9564946336936806,0.36192960628575316,1
2.127708167629409,0.48141706834340375,1
0.5220640744488486,-1.1202707038920197,1
2.932665511741142,1.9981777686938202,1
-0.6420182188894784,-0.7196696032429856,0
1.0488415096992536,1.3392921815739727,0
1.1156629571670187,0.9840483772229476,0
3.0552523869222163,1.8848628678600647,1
0.5265439605778093,0.37214256873499857,0
0.11083563926377304,-1.5256190332725574,1
0.9326594414698736,0.9216025548184683,1
1.628784565570667,0.3587551371168209,1
0.01087040824940022,-1.7551668424404665,1
1.9606588255857582,0.32333610944832036,1
1.5928433158288966,-0.3102348290976076,1
0.6844332494671787,-0.7800830202003755,1
0.47467861865985306,-1.1904682322705984,1
0.33630689635077726,-0.19705161456832077,1
0.3078384465171252,-0.789632062646706,1
-1.7303550314755625,-2.6585336388972607,0
0.9747562856515978,0.40118514858526827,1
2.252473829077544,0.2942180034803832,1
0.1937314782394234,0.13792467101292155,0
1.1885252537608704,-0.4661390900970225,1
-0.600554677286212,-0.8648338078744394,0
1.752818775586572,0.8152443141996748,1
1.2507318230057811,0.22389246787986156,1
0.4907814801492655,-0.38216894765341897,1
-0.0663106371772852,0.052721276859771404,0
1.3568623623010687,-1.0036854148143837,1
0.3407145198613506,-0.34953946435767724,1
-0.6464768960763878,-1.2594796418972067,1
-0.6785943746622861,-0.9885638558299233,0
-0.04420714417239233,-0.28786738256704475,0
2.2597151745088686,0.004671705597043379,1
-1.8265539769556545,-1.2748280936804932,0
-0.6281862291732293,-0.33102860152240415,0
0.8203944538287778,0.30992248321943666,1
1.8252136655713604,0.5468349867310411,1
-0.6726140328699648,-0.6732232426762866,0
-0.7602559331393726,-2.4123435696823066,0
-0.7085117803888128,-0.8244494059377534,0
-0.5271119525244928,-0.07787957171710068,0
0.5961981802044869,0.26633417437412044,1
-0.1037457373285482,-0.32987050161938686,1
1.8701797679176406,1.19335411748333,1
0.538382776582732,1.6164390666848676,0
-0.7928711073172106,0.403009967035727,0
-0.7801539031666741,-0.4264126389989175,0
-0.30187302640170216,0.044363866497850755,0
1.5100227761450304,-0.4053892622283754,1
3.5894787277752496,2.498117814151669,1
0.34449721588774884,-0.7259629314009242,0
1.2806785075564773,-0.5750379320665775,1
0.8986412949252374,-0.0002768690827407254,1
-1.8534649853072107,-1.2135324615119822,0
1.7379486258770265,0.9657583196938968,1
-0.3117107923800062,-1.6038823734144685,1
2.806252948616688,0.8894557335336594,1
0.09758576430462118,-0.8951299902799956,1
-1.3077650157334595,-1.0780375761017083,0
0.671637147187231,-0.06034727454772423,0
-1.6251946146819114,-1.0870266015266514,0
1.2311010242217002,-0.9720006381873976,1
1.7965301290765578,0.47172960369533057,0
1.7287160428112167,0.8271793158646343,1
0.08233050576163436,-1.824747349687469,1
2.1296521126720167,2.147452092093692,1
1.243945743337787,-0.7971813320080361,1
1.4069941177664176,1.6697925541891636,0
1.278990663010774,1.034877679710367,1
-1.305250868802067,-0.9019652067765138,0
1.3953399234193482,0.22716263246396193,1
0.5743364075621008,-0.10454583053820551,1
0.2385809909874923,-1.2193885253985544,1
1.706022057651466,0.6988783676969182,1
0.6928069330890289,0.33781598023931775,0
-0.26185014239783944,-2.2454228361479784,1
-1.3222640503347136,-1.0255734428919907,0
-0.40927508719172473,-0.7862681865736068,0
0.6291372996219228,-0.026947715864933837,1
1.412768248201763,0.39832706979910626,1
-1.2475658578633328,-1.1796899012406383,0
1.127825769959478,0.47703542254935316,0
2.853448685588746,0.5641812693320223,1
-0.662711187850291,0.011284583824801502,0
0.7734824936079202,-0.44844494476557795,1
1.5132482914643801,0.5628820222427142,1
-0.5040434996787502,-0.9567996878714936,0
1.3778174962112806,1.027668915550623,1
1.752871269524244,1.1848476479485222,1
1.595379237020167,-0.2336549011375877,1
0.30525679567338454,-0.03614763637778488,0
0.22832534640866575,-0.7672692048036703,1
1.3746100699543369,1.054387338141383,0
0.6856434686523836,0.9167754690122255,0
1.8164235662012365,1.9080628436065874,0
-1.0143947636112585,-1.2632315762895305,0
-0.2961287377588191,-1.4568176205727066,1
-0.9001492354779087,-0.30696576302270673,0
0.7376282331006826,1.087163196365813,0
2.243224022540999,0.9968030493462037,1
1.125934229051755,0.9858484285885732,1
0.056758680725457596,0.6896322043299689,0
1.7554441808920909,-0.17079012323923176,1
-0.7370037617221398,-0.5159829082684171,0
1.7664539698586836,0.21381629084969953,1
0.1974773391860707,-0.663503769372946,1
0.2293001017919264,0.2842030201327079,0
1.4818512959344656,0.27148666829326,1
0.8538179029679765,-0.13041444511008826,0
-0.08493841641474109,-2.2261620292625994,1
-0.9494757702586883,-1.2306283617250957,0
1.3974644433463264,0.35828090430724324,0
0.3568965357961238,1.3471029267789838,0
2.3554522514573164,1.1973955289873657,1
-0.18329273644150904,-0.11829623580518644,0
-1.168404382249512,-1.4941141449814728,1
0.5339800429125113,-0.09361940240419855,1
0.060802272805693246,1.2439667332365094,0
0.02222092770459822,0.39645288336834594,0
2.3831095814968215,0.23234679774945527,1
0.4913438651415376,0.4110208062483478,1
0.6803909673513019,-0.9573690341407813,1
-0.021542589333696818,-0.6964565604225442,0
-0.9081445060096768,-0.82068571450784,0
-2.16401950489977,-2.301022132376095,0
0.3562376195998636,0.03961884711783436,0
1.3541867664514067,0.4099190965485324,1
1.1817035454581852,0.4108275011556851,1
-0.31794866642194264,-1.156223196499949,0
-0.7281016921371912,-1.0378083021406794,0
0.287464342964474,-1.236207547220698,1
1.3311060490691544,0.374739462921795,1
2.411229284323293,0.7691626408147647,1
1.0483919558261656,0.8220297181384649,0
-0.3158356034064227,-1.2254262002563225,1
1.4037855841691458,0.9695747373447813,1
1.3981764138671269,0.7741903334685682,1
-0.08828945186016667,0.3578533634483049,0
-0.0817735124154039,-0.3341296086536834,0
2.35441125136572,0.7956763489687766,1
0.2376608107442738,1.89881850309658,0
-0.9867194526331169,-1.7004775562002539,0
1.2665407097121073,1.341925698734816,0
0.7906634955842785,0.6867837013753916,0
1.8583595428357982,0.18762055133155178,1
0.72899677211793,-1.3487209887776066,1
3.591291172026698,1.7597331486207255,1
-0.647987556925378,0.6126318104065388,0
0.04371600843466629,0.07670050849700295,0
-0.5466074148105019,-1.0608656541557684,0
-0.07685103082941502,-1.4924248166752914,1
0.7857434166083936,0.5500093495721748,0
0.45343218096482896,-1.17513181522289,1
0.9387737930887681,0.5929368366130592,0
0.12075013872787335,-0.5881117144750787,0
1.93504424412715,0.815614029894778,1
0.2879302267545054,-0.12013676465074546,0
1.0681086195691913,0.42473590550833296,1
-0.6412871821881594,0.17712605025161945,0
0.7781572313358435,0.7890745481622556,0
0.7462625812073235,0.4331683560485286,0
-0.4591180551884539,-1.3716542642203875,0
0.6998837453231119,0.7847584958576156,0
0.9207145175905707,0.21548453539248996,1
-2.373124245455234,-1.7613334532668719,0
1.2168517956608673,-0.5174831185998817,1
0.413656358230516,-0.4846603471506508,0
1.3757364623035424,0.7496617008537511,0
-1.309585053020987,-0.8942134804387406,0
0.7517981850745904,0.9551260552502648,0
-0.29987432712995615,-1.2127052448599092,0
-0.8116223880193106,-0.3592656033634409,0
0.7182389210330729,-0.2328522289868779,1
1.8294670199235163,0.766652904081857,1
0.7089839693132698,0.7585805551147046,1
1.1347540603750337,1.0450658473519043,0
0.7557650155854271,-1.20107978524109,1
-0.35030885784438315,-1.728570497709659,1
-0.9816963244130166,0.14355768915726091,0
1.4061997264409174,0.016555565318719392,1
1.973492014251202,0.6774740320815482,0
0.2565878548392376,-1.867653617850423,0
-0.43427990505222874,-0.6987966981582217,0
0.4027923199000298,-0.061225436812338704,0
-1.4721195883656124,0.011615672286325625,0
0.8130753733942409,0.7764909583430265,0
1.8938610805501594,0.6282626758126897,0
-0.48157832246266963,-0.44199464529905264,0
-1.1698962042687797,-2.111491165103187,0
1.041393992867375,0.18029334161393312,1
1.4746927527379639,0.9054233625477004,0
-0.8614075253400703,-0.33223324691378575,0
0.13067959942945842,-0.36754639932387084,0
1.180276601863532,-1.2819910851711092,1
0.6242292681955952,0.42209844613345465,0
0.8472810781539408,-1.429039675881743,1
0.23897148511744376,0.11573038905596576,0
0.8192200231354995,-0.21660788518807989,0
0.5036412708145004,0.6823797329793303,0
-1.3373310295773548,-1.106817210533877,0
1.255081324502882,-0.16456240500951191,1
0.20645322789430162,1.082658420786637,0
-0.6000459514907276,-1.687930391332241,0
-0.24829796220921999,-0.5806176485436535,0
0.23541404430879032,0.6701691484774606,1
0.3640130325403303,-0.055178101827815976,0
0.25574497597911205,0.477732237348416,0
0.805661209232471,-0.9616730412605526,1
0.57971847020118,0.7665822337919116,0
0.4107159190267679,0.5492627739073135,0
-0.1431384115429387,-0.2688775232295088,0
1.1289973404207374,-0.8030913110134877,1
1.289569855691865,-0.9908457620594741,1
-0.16082530042880913,0.9948727935163241,0
-0.7531613096644063,-2.4193228424180875,1
0.928894783985682,1.3643648037088292,1
0.659736505205711,0.3011292357108352,0
0.4044428136848253,0.04400483124121988,0
-0.33612398799438153,-0.7028943330194735,0
2.1862864266587834,0.4168328807940504,1
-0.21194120029145647,-0.21361636982057797,0
-0.07441247726682376,-1.3696267283040708,1
0.05308516820760123,-1.1074720794047217,1
0.21689113953146538,0.9170397639386664,0
-0.552421059049483,-0.6096512255840465,0
-1.1639797791627482,-0.5268961043498971,0
-0.5857084367247188,0.766532572197917,0
-0.8235684963759147,-1.6272277975112117,0
-1.5960312913313839,0.08123254849249867,0
-0.5251315136326002,-0.0389563938908322,0
-0.36053506686223386,-0.4802164696208567,0
-1.4793116456205586,-1.477853792273498,0
-0.3376821599739206,-0.6120605932376489,1
-2.573407916153157,-1.3052511490529857,0
1.5129788216649105,0.1208284489038012,1
0.8209024593533066,1.6518336553561581,0
-0.7101345420875282,-0.6830436185169774,0
2.1303493379174943,0.5431303066396568,1
1.9710777020696513,0.06928750857486557,1
1.3813643172324954,0.37223910221883244,1
0.45558950441894785,-0.37912355297231803,0
1.5558818120716402,0.7065912845774419,1
0.04797180693939729,-1.351962692837307,1
1.2225543693071332,0.9875896824010993,0
0.3228793223842302,0.06635887252489782,0
-0.10259578335365031,-0.16992691853814898,0
1.1258744022848517,-1.1102285925772202,1
0.30606514325483447,1.0943154033463849,0
1.571327116120165,0.3555523087264874,1
-0.4717882089449963,-0.09032400321333506,0
1.5292464677448243,1.017527360974273,0
-0.024987735344355687,0.2842775897120625,0
0.7423299287912307,-0.18952593299820136,0
0.5184909446457976,-0.4381873593544524,1
0.4017394532481092,0.32480182028419996,0
1.157809043563181,0.7365668753941766,0
-0.7265259465151457,-0.8013394102111066,0
2.8562314082319675,1.8041272463397993,1
-1.069040166564474,0.025989609313615703,0
2.236969263563569,0.519145931835763,1
2.942682286858245,1.95551106255713,1
1.015559203357042,0.019584434576062758,1
1.3847845560012568,2.2881671786674302,0
2.2780859935652487,0.8235150967599495,1
1.1542434892146785,0.5115814680496572,0
0.3933664618607287,0.6255137786836532,0
-0.22076378634744703,-0.2692369070764284,0
-0.6204934112760768,-1.9359788374166962,0
0.5003124402228397,0.4325288304994008,1
1.1104448607960502,0.43177898465831294,1
2.073453593430451,1.0511599315676747,1
1.84103794985417,0.34601078322804424,1
-0.08033444386997078,-0.7466937116599417,0
-1.2224304804471489,-1.4492506505172649,0
0.4088394851506995,0.7978686658586266,0
2.0457288017797732,1.3216302939566185,1
2.4005067316995996,0.1614169382654227,1
0.6458969072163978,-1.0795571517560918,0
0.8762422790951976,-0.9385218895454437,1
0.8635217086779928,0.13480436560464568,1
2.2446817281715443,0.6132486031922675,1
0.28768752252802143,0.5168985263982253,0
-0.7159573126752079,-1.7208524941147958,0
2.065434653394519,0.9272669665186539,1
1.941968912928476,0.5889611622580944,1
2.2401848708918113,-0.4114595177843784,1
2.258911270706033,1.2344824521753446,1
-1.0299781952565865,-1.059981090882102,1
-0.3006557212663933,0.4645009650586652,0
-0.9429216326893491,-1.0442475056112,0
-1.254793658055428,-2.064596508633182,0
0.7407878909003344,0.3682281951754896,0
1.0183734125548825,-1.2923439227954394,0
1.7321548466826795,-0.5279598928320443,1
0.9968631982267003,0.20472262092472515,0
2.7079440308994105,1.0871129924407172,1
-0.7643925731841037,-1.0619852144880588,0
0.5783469910457402,-0.4595861883993369,1
-0.6187829582371325,-1.3606565835837052,1
2.5720825841891966,0.9639757252732524,1
0.5265836750243437,-0.43859503824548507,0
1.5589125538534003,0.7173200002734544,1
-0.7474827013211904,-2.0865527775135404,1
0.9764489934981342,-1.1160602944141236,1
-0.4998489708826104,-1.644885028609817,1
1.6757667519263617,0.23221500487585514,1
-1.5576629201506336,-1.8616520389552598,0
3.2939882551653623,1.0857440069993893,1
-1.6244687761743544,-0.9652035747965887,0
0.14219913726319855,-1.8573306781699788,1
0.19125473812160348,0.9646806055832552,0
1.0189740896923336,-0.8277690889281507,1
1.1579619799378786,0.4281633965438621,1
0.08176000099460734,-0.7604586031992981,1
0.6521141548434789,0.6838438436713802,0
-0.1259350146235052,-1.8330036270702024,1
0.24701190329594325,-1.206315226332461,1
2.0872184557874696,1.9741841496674015,1
1.0680002706332972,0.5718916442943456,1
1.326809933410497,0.14537782794118165,1
0.4312621382758466,0.5356160938731617,1
0.31436492356448575,0.3729119520302873,0
-1.5649608011224567,-0.05857812366089918,0
0.41231171097412944,0.7370550424730568,0
3.200904866544417,1.2018471741317438,1
0.9894239837749768,-0.31833317990334575,1
-1.4175748777508863,-0.7882691882884699,0
-1.2436336361043723,-2.2531554354722907,0
-0.12623356997806567,-1.5165466416934363,1
1.4496541701286545,-0.5050461744320393,1
1.647202955066234,1.2729095592370994,1
0.23608685390475304,-0.2743942897145923,1
2.41818193703576,0.7888440234302908,1
1.7645626371354706,0.37469783600857137,1
3.1010456302393576,1.8201358564501176,1
4.265606333914524,1.518079642206798,1
0.5845590129456842,0.30227340134305136,0
-0.6888232678886327,-0.921609869657983,0
0.6626709881451958,-1.6901776375266038,1
0.6143167847503956,1.0066266991329929,1
0.8590840021446158,-0.8170353802427365,1
-1.221473430181482,-0.5962075325913093,0
0.9695886098808036,1.3663485489585638,0
-0.7608445522230429,-1.3886053694806393,1
-0.7058425340034665,0.10577423997940999,0
1.9103311839886863,1.080098465332952,1
-0.788318950298396,0.3608674124577974,0
1.5391421602146773,0.9870475047706558,1
-0.3731548790853641,-1.0019087248219742,0
-1.3067521288290627,-0.4868039131809176,0
1.1252184302589614,0.3305639351625425,0
2.7093469523606393,1.1829229995863964,1
0.5263040026277476,-0.18689886003192813,0
0.2786157552229706,-0.02171159008175981,0
2.0987217420205946,0.10367541797444833,1
1.194831013721577,0.1855000042805972,1
-1.4070583018678111,-1.4006067228328156,0
-0.9600327371789181,0.5724072353097515,0
1.5217804132403565,0.46792356934151,1
3.2023847283717988,2.1277491152606864,1
1.7679958306644399,-0.01895130601217544,1
0.926221265580997,0.21345876078156056,0
1.3512647816342098,1.4228169073276278,0
1.4572240601948896,1.1024689326443735,1
1.3304187680099846,0.7126435710543402,1
1.3782319452408918,0.17622224395712777,1
0.022206757574208646,-0.5408036777239634,1
0.2397926056507328,-0.21372348753358092,1
2.6071606156338047,1.0356490318206675,1
0.5311383837651215,-0.42037444238323207,1
1.2344811175601575,0.9000533331825836,1
1.859030560276018,1.6219833558292518,0
-0.024936164293855565,0.37416944104700345,0
1.0354939480088556,0.5644695957291953,0
1.756502446698145,-0.08453366404744704,1
-0.11171990789274919,-0.7351507920526756,0
0.7039270352989325,-0.26490481359525964,0
1.259850804678284,0.350720623371799,1
2.297583490815438,1.3091389308333836,1
2.04581582040449,-0.3663345624850844,1
0.764813553910551,-0.6469604187475697,1
0.3287143679722401,-1.3556123777112334,1
-2.0018258745965283,-0.7357152564307848,0
-1.3155862933469509,-0.3613952238571131,0
-0.22008911889033153,-0.1492060340812822,0
1.5521895423371257,-0.06952582023632697,1
0.5450562609068964,-1.6525307636618842,1
1.5574531774838638,-0.2952154579286084,1
1.9304786470229502,0.28899641361564904,1
-0.06446859484102503,0.41303913362382133,0
1.6700272870036734,1.4197907864931092,0
1.728461359627091,0.908173100783425,0
-1.1973231165354614,0.027020461953499147,0
0.01010240899317627,-0.8496646593664424,1
-1.4795811364677025,-1.526208576358493,0
-0.8015898528017711,-0.04303451341992828,0
-0.4165468382438106,0.17584904695958728,0
-1.0438614193943418,-0.6301638989056908,0
-0.7186641187572572,-0.9484924637997294,0
1.4477461348165703,-0.16680597179994472,1
0.9890511574239732,1.4120996540918662,0
-1.0478329898888878,-1.5675884532555515,0
0.19741945460210752,-0.4416647811325606,1
-0.30332736923033154,0.28234481438467596,1
-0.02708096306541185,0.07818561291836221,0
-1.423638864287735,-1.657920370731912,0
1.3760803728060766,-0.38982313927971135,1
0.7282421087063811,0.25117924128423175,1
0.04824093589937495,-0.35162681515639366,1
-0.4938744603717109,-1.0255459985598312,1
1.5864726433138814,0.5844989253285494,1
-0.4375971727972484,0.40592424713144,0
-2.1097967764691035,-1.4709781541996478,0
1.6175427697276252,1.536899276049007,0
0.1889341252965322,0.15486787592378276,1
0.5728087387069078,-0.5726419327984518,1
1.8789466628452673,2.0465990761749415,0
0.5166732100930425,0.08805970915021707,0
0.15009595563606237,-0.8300659969044843,1
1.5811812674623358,0.6566176963409113,1
1.641389736542153,0.7955444352916885,1
2.4268085935477823,0.8978521100528503,1
0.8742572510643081,0.5580379355146753,0
-0.1445865221122002,-0.27063006568768294,0
-1.4459538509165304,-0.7773226250661796,0
-0.21681442294394254,-0.8242676998423257,0
-0.39733369469635993,-0.18564830857822412,0
0.5843006151344985,-0.7484348465733668,1
0.7454764242885954,0.40000078959567914,1
0.5228012191809703,0.31073331310576147,1
0.362102272747072,0.11604163761528434,0
0.22825086341394213,-0.8210645616834394,0
-0.5786959419060053,-1.163687669313008,0
0.6870342109353692,0.5510430533641714,0
0.32082097908107265,1.1925453414334275,0
-0.31174529435474885,0.1162999536284078,0
0.20852957762272917,-0.42962548941190737,1
-0.034426299846969766,-1.5521143741303634,1
0.9412499312409599,0.12569972230807028,1
-1.1519031702672542,-1.7177297562058291,0
0.29192977143210064,-0.3680228619667666,0
0.18665992325905928,0.43378932942457493,0
-0.13938116099138756,0.47909262018865784,0
0.2312326220245698,0.1845532210928142,0
-0.1351353522864971,-1.3523048002968023,1
-0.30282582888437953,-0.24288179325568704,0
-0.47637062780899037,0.37038842221939494,0
0.6960241554183842,-1.0101724580860567,1
-1.2057328588268978,-0.8326760394584365,0
2.642068027373199,0.8576099952097795,1
-0.03491005374962805,-1.0871702303974604,0
0.12741870104070435,0.5857909617000392,0
0.20241579663497478,-0.7938244921444536,1
2.565866794640834,0.9254628729383831,1
-0.7126898681678124,-1.3982296557435288,0
0.821113412509037,-1.3127723313587074,1
2.613187942602897,2.1977765671723795,1
1.844361656284133,1.2498488350782078,1
-0.6909096642735494,-0.6587281494406423,0
1.9468743549234733,-0.561119840948192,1
1.0052979182211692,-0.7561654500041092,1
-0.21082350932002786,0.18746013583579105,0
0.650929718921342,-0.5699769678337491,0
-0.22687201269789242,-0.5306023407514499,0
1.1682982831164348,1.3438824595204566,1
3.8755626011030904,2.4263232681739026,1
1.8362360026988531,1.1459535136685455,1
1.1894290095359312,0.5921085200081551,1
-0.41859013122123906,1.3058968596536482,0
2.6649325124889325,-0.36016118937319225,1
-0.3191305201165484,-2.0806912266017514,1
1.3663668124004729,0.4460081174191516,1
0.5884897196951082,0.6466798630169586,0
-0.0004816809503169412,0.15493185221177935,0
0.7305560478969391,-0.3238817944471785,1
1.9008599490368516,0.058249563369384215,1
1.0783243082696212,-0.04677782634937037,1
-0.1321262581683351,0.15781460511687878,0
1.7531454940591482,0.6997077385224757,1
0.49619441622256877,-0.38242127874667436,1
-1.0106056174764924,-1.3426116701288167,0
-0.2659168607753697,-0.1259723975471163,0
1.94834517874996,-0.9211763801440499,1
1.4530273005216343,-0.25762607492345635,1
1.2046818017042271,0.052001637447742395,0
0.9621095378541029,0.7846325845851054,0
2.0890280493687907,0.15790963353133355,1
-0.11031238561497182,-0.3435815795928375,0
3.134463316741842,1.3413630100517628,1
1.1529390142550235,1.449517222817996,1
1.5159004226110553,0.16980852219075065,1
-0.999800417236031,-1.3661537485760484,0
2.8509370290085823,0.596708960148333,1
1.6600437401506054,-0.05138345668541274,1
1.3722178059733057,0.4934353427526245,0
-0.006571883997202353,-0.2155404074478135,0
2.934598033385405,2.375683298172848,1
0.13518470014977546,1.1161485657803978,0
0.003938994813915686,-1.8823309916611768,1
1.3731496912571763,1.096687257288432,0
1.8116809370505877,2.301040849333286,0
-0.36107376386421136,-0.4429816954545596,0
1.2160539515295254,-0.18884973992794596,0
2.4119899287712747,1.7151303523494525,0
0.6111043377484127,-0.09528739750771253,1
-0.21829647561734522,-0.28966496266410574,0
-0.4068650963538445,-0.9449459654494922,1
1.851985330005713,1.0124946937884007,1
-0.24931752201591395,-0.7294933149127294,0
-0.2999889998555714,-0.07038944826576608,0
-1.3075262186856895,-2.1983242912225056,1
-1.0344615601702645,-0.8111130461729913,0
-0.40540064978457047,-1.4105251008640423,0
1.0663558881015325,1.5415149343728898,0
0.692414779348516,0.7600089396700885,1
1.4043090882596683,-0.5330396547133738,1
-1.0750244300601632,-1.0505877551483525,0
-1.894602140292855,-1.4857849078415262,0
1.8343801426085804,0.7866735434130274,1
0.9786594469616098,-0.06737070821183694,0
1.9833733374705829,0.5452599929398468,1
0.023081559274777865,0.32373397717029034,0
-0.7422436301023385,-0.7916215993149393,0
2.2696179338611238,1.1580353561828185,1
2.5354293250726103,1.4001510470591134,1
0.14340239232653873,-1.272303920673406,0
1.7802115098832916,0.3798733162641263,1
-0.10684776981331977,-0.35310522093531993,0
0.3983044112853515,0.044495303743881616,0
0.5863868294182868,-0.6283148242351052,1
3.066660306706483,2.551454025369845,1
0.3653573969587732,-0.31209668411884905,0
-0.5765366627326172,-0.9773769880063461,0
0.41764327979830634,0.9715081747492085,0
2.0726953000078576,0.16686331712141358,1
1.4992907114746137,0.799108403027578,0
-0.24265750926144886,0.23702087358507118,0
0.23827758033492366,0.030654773885012407,0
2.347576110217357,1.396903829625347,1
0.8602459293506279,1.223647146234305,0
1.0678336740473355,-0.01845287852790257,1
1.0627365961084803,2.55135775767001,0
0.88015533144259,-1.2846116411114767,1
1.0579070569839268,-0.06197614118363902,1
3.787432207695227,1.7488819987262971,1
-0.27896646374183875,0.40225402404551275,0
-0.577879758640185,0.4596610366723173,0
0.7323660714400995,1.0941122147350697,0
-0.23862073562417113,-0.3446663914040754,0
1.5179139292745996,0.4789875991264382,1
0.5745235599801324,-0.609332548821036,1
0.7797858315121184,-1.0965675696777653,1
1.611021125652861,-0.14188652154351838,1
-0.9578493447717253,-0.22331174699580397,0
1.811496390637417,0.2701491056496537,1
0.9513935559695692,0.20228767714839566,1
1.6111471006562983,0.20747887101635226,1
-1.2939129576163075,-1.2727954729071738,0
1.4432259488865269,-0.5026982525244129,1
1.4728919249611157,-0.25232405162576205,1
0.7216840454778086,-0.22750633386526642,1
-0.3055768323404709,-0.35820336341061515,0
-0.6946627620784354,-0.6638184601063875,0
-0.9173195136608621,-1.2785514864401852,0
1.062884949191728,-0.21144889173427628,1
-0.9239319083575237,-1.3593163405893336,0
0.25708459414685214,-0.25506423629606134,1
1.3554053098270622,-0.0338600676056173,1
1.9434444246453686,-0.02340509529140768,1
1.5109379794751816,0.47837974284184215,1
-0.5801533671386432,-1.7448132868170687,1
1.0360506501527398,1.2875779266817609,0
1.9735525280760498,-0.22330424598977902,1
-0.736512901781988,-1.7480864371803733,1
1.3251251701920945,0.08240677572762685,1
0.40671189179777323,-0.8801573713175166,1
2.5760200510737334,1.6470037189145612,1
2.302508926224217,1.3248569684201377,1
0.4647188189852588,0.7411676934589101,1
0.01371946109900608,-0.44875088466603,0
-0.26335092972387897,-0.13867709616633692,1
2.000395715357967,-0.1263020309144578,1
-1.397875889091276,-2.76878399031861,0
-0.25758487970948307,-0.6504383545815372,0
-0.8921410350974375,0.0007763960875974805,0
0.983604379331024,0.35412926361042213,1
-0.6477941710602764,-0.26375096244720714,0
0.4256850077334494,-0.3589551010389478,1
0.55513412439359,-1.202538453809697,1
0.9062537492292813,-0.6708021700212273,1
1.3052731170675766,0.505746829054791,1
-0.02048975974709241,0.155328017296254,0
1.2850798554345146,-0.39128867587958344,1
1.9481382763219477,2.605581725008658,1
0.417615032743307,-0.41499918754819787,0
2.2663257857585837,0.8385746463115669,1
2.210482956633257,0.18784060046200562,1
0.08871272480881742,-0.28777581673196717,0
0.552710414813561,-0.09434131541276085,0
1.2108227241129816,0.9925665117167266,0
2.3394761481651822,0.03893399337478843,0
0.4173816896402931,0.01870040228079664,1
-2.347682401955227,-2.072531001022526,1
-0.17672082769466346,-0.9812766691185538,1
1.644782444741884,0.6831893991676075,1
0.46488532696910767,-1.1318287507315636,1
1.045362386019991,-1.102389883068838,1
0.4481993765197876,-0.16364913201658207,1
0.3965222197493736,1.1014203823145747,0
-0.4810442622238636,-0.3641721396521079,0
0.9586325969196408,-0.45769055445375295,1
2.3035073221842044,1.1373276744813543,1
-0.9215443749991769,0.5424497689977094,0
0.17071642828612377,-1.8341900891314953,1
-0.06950169484576199,-0.49209707939168545,0
0.976347524840255,0.4360572075189352,1
-0.16340938773126046,0.2555506777455852,0
0.1467518239634282,-0.3699337159151587,0
0.8856008733321391,0.9009674379418953,0
-0.9240295853174811,-0.4704270574836206,0
0.18037804036934513,-0.31822720940869953,1
3.869649774950413,2.5361326555613464,1
2.235621027076131,0.3464893806117629,1
1.9138750496977883,-0.32878030395589775,1
0.1524013768206467,-0.5157079918227551,1
-0.5851454778668388,-0.425398630565378,0
1.9468481096284262,0.87852634829949,1
-1.0467845242882632,-0.7595048758219488,0
0.043316839286461795,0.2639489458380081,1
-1.1844309909783726,-0.19512181516082178,0
-1.7206283732183567,-1.0421203095753853,0
0.3062110522320737,0.07994547735375127,1
-3.4380048841427637,-3.6822798844797004,0
-0.5896552589948353,-0.5165374681010984,0
-1.3165321935319665,-0.6941288509082265,0
-0.31638666536303567,-0.3534095733014021,0
0.01244447710562358,0.3804034914727029,0
-1.111689882142275,-0.4967765988503939,0
-0.26989676850150596,-1.894618555295146,0
0.7311132476413877,0.11569976959985162,0
1.5648663313738802,0.13010120328312136,0
0.5039277645411311,0.8776856526128702,0
-0.9083250804374472,-0.3784754049570882,0
-1.5613748731995867,-1.1018348318845905,0
0.48038341620051983,0.8898887013042973,0
0.5905953414852786,-1.139295946351497,1
2.270308871799386,0.5833641234351671,1
-0.4966673134659414,-1.1353796206382734,0
1.3031317784861711,-0.09743672745673464,1
0.43270161622559994,0.4155899543897263,0
0.6474853788519316,-0.22740304577815657,1
-0.6728353103933933,-1.083117684752111,0
0.2578461900863261,0.3963062108765818,0
0.21096858845491373,-0.8222705312960192,1
0.718569505053652,-0.9937275522592757,1
-0.0014130469898424427,-0.2895768452215973,0
-0.672248354928989,0.19311356813408817,0
-0.14983978588971192,0.20327763631205395,0
-0.043524825292034025,0.07814889750922377,0
0.6254995229287171,0.7596325989381869,0
-0.09032570530737342,-1.440755094971338,0
0.9288171016303233,-0.41862203567666306,1
1.3280511620914133,1.2075218787842479,1
-1.6823298829253548,-1.7375927349942204,0
-1.8773068820718872,-2.055668630234964,0
-0.10081111260730445,0.02372152353696677,0
0.8809586492836127,-0.033987201183682966,1
0.21688153058605825,0.9144654731101022,0
3.338819170215018,1.2179590112502685,1
1.8228743565881227,0.8883645845435362,1
0.15906672429921861,0.1613017092001049,0
0.3317682854827505,-2.4346773142859877,1
-0.3463631157222648,-0.28477840400136056,0
0.6406774578849408,-0.4614813643206025,1
1.9559808882317795,1.1903838535559768,1
0.6550580556295071,0.5725497918212138,0
-0.4130860177685041,-0.44485342702570746,0
1.8173388611860721,0.6751197403470752,1
-0.2199452342651548,-0.4800030338011054,0
0.06459273164017183,-0.47661218365528185,0
0.9003675904380906,-1.0481301331251691,1
1.971124606267317,0.49752574516375614,1
1.8991031670838543,0.7321015148665138,1
3.2472637474534682,0.977346027714441,1
0.8431111294984761,-0.24881140920899036,0
0.45895870679562834,0.16661319063670607,0
0.3930265408241874,-0.4578505381400615,1
-0.6294114539756965,-2.0415007173047375,1
0.4110495097954704,0.39809495144975876,0
-1.6432920422793877,-1.2329657316988065,0
0.403438038043345,-1.0668638856055692,1
-0.5502036501611413,-0.019809195794432525,0
1.124661595592028,1.5595614227659096,0
1.2811340346842597,-0.7736460298748005,1
0.2786128444153963,0.33494586089077816,0
1.904308500437421,1.6706525445143943,1
0.533648020749368,-1.9499821127311159,1
-2.011637853440364,-1.7096600893572862,0
2.700175979180516,2.0484186324822806,1
-0.06719632438476575,-1.4409588354556844,1
-0.3245804173985595,-0.6132531245817496,0
2.9941863798114583,2.4771674785517837,1
0.9639957482547142,-0.9374717835971955,1
2.2779905252678354,0.664503521098994,1
1.8296469497551593,0.5277045957729454,1
2.50194500045938,2.0561490744522106,1
0.4057284167504873,0.8003176997993132,0
2.2674786865533916,0.205938422021308,1
2.4710379463946026,0.6285918696538051,1
0.1371291115035029,-0.7226483375210285,0
-1.0730825519197145,-0.7802971458167335,0
1.780754760283758,1.2184571221530067,0
0.7854231440247736,-0.3664434979397404,1
0.6853340707239524,0.6541669888539843,0
2.981020607910868,0.0629463238216622,1
0.5380891044361651,0.3590019698255366,0
-0.10014636423720685,-0.6536849425337378,0
-1.1223429238699068,-1.3444761641117866,0
-0.10716794364939153,-0.8809829650812961,1
-0.2738450610122012,-0.7937020383347142,1
-2.056547620903751,-1.0972132342851684,0
-1.0538818676080564,-1.2278739238739935,0
-0.01504502081671899,-0.42946313839269606,1
-0.6181194627582055,-1.0425462724696213,0
2.242295694431462,0.8476622257550955,1
-0.016002552317793316,-0.4646396882814381,0
2.617481697567582,1.354618663353137,1
0.3760006297316956,-0.294932086399571,0
0.977966198206849,-0.8902022909812514,1
-0.5262132408362513,-0.2809468820751854,0
-1.6161069556206964,-1.4501571520090764,0
2.0297619026458276,0.6552845884904853,1
-0.0009814960749258952,0.052026490108209276,0
1.3596272992342646,0.3999637940830563,1
-0.9811445172251286,-2.0533249337989945,0
-0.26719312597721173,-0.8762070987119291,0
1.479166699604526,0.5559819200922302,1
0.7742958894580534,0.6834253361681677,0
0.11486688351915623,-0.8583318003622021,0
1.8701070701182076,-0.6432825363446724,1
2.1762689799486803,1.753542150653899,1
0.8010476779571472,0.7991667590533558,0
-0.056578014286416956,-1.368879518367326,1
-1.1002417575752013,-0.8230594949544016,0
0.03143512319197973,-0.011715998054691631,0
0.7802470663077137,0.8618109651027113,0
1.8846935812146879,0.5204900743302924,1
0.4759562265236736,0.88024011010059,0
-0.27666581505844423,0.05202922990024684,0
1.53622209968539,1.5324362668282392,0
-2.0264403712738965,-1.753128594073167,0
0.634339113861988,-1.0788160614172166,1
-0.7739162783853129,-1.093077494999552,1
1.1952321517339215,-0.5784758061824087,1
0.4170272859715343,-0.1984361052059177,0
1.0609746132249478,-0.09593105705625675,1
-0.7332369499068595,-1.5334094498156365,0
-1.8083669471875743,-1.5778937963788502,0
1.1566286928323986,0.4279163929058252,1
-1.6754537023816978,-1.2187834708739875,0
0.7475860914820862,0.249782946055743,1
-0.10278286869977826,-1.6699017765987285,1
0.981649189235548,0.9990056995252518,0
-1.3926741239251395,-0.9788634162458216,0
0.541485363275432,-0.7412034345013322,1
-0.3106300993105994,-0.7636824293140485,0
1.0618548988021723,-0.0042770856117128175,1
0.21751991176948052,1.0258791282793431,0
1.3392181683928566,-0.37014209071968746,1
-0.5067760186979884,-0.5248981799681925,0
-1.6770855197123355,-1.085020485180533,0
-0.20793702616917448,-0.33996703396429584,0
-2.08183291730845,-1.094852592324622,0
-0.5491126717006384,-1.0969483264696978,0
1.0726839910867265,0.5072372021839131,0
1.3369887066842692,-0.2754886932862789,1
-0.02796148992013379,0.22593486056200376,0
1.3336482640466294,0.3430451497825888,1
-0.6781732488125317,-0.16484447101736682,0
1.1153007609133494,0.11425238996934607,1
1.5409294548899195,0.15114804107572025,1
-0.22889808881080706,-0.42132216804288575,0
0.9769047893959772,-0.0036064130084534343,1
0.13824966457697752,-1.4894764479613112,1
0.9272730651168508,0.3565520287621306,1
0.5575684619843837,-0.5632131203396223,1
2.362577809064937,0.718170776057469,0
-0.6374721030346164,0.42457815355412293,0
0.42816514753734447,-1.2517708498966882,1
0.18235660797272257,-0.5781698253523125,1
-1.8686047157563532,-0.7271368549788599,0
3.427994539204308,1.0833158771187419,1
3.1165757230268447,-0.17257563880654142,1
-0.15123722278275045,-0.8770225548841757,0
-0.5836546544064078,-0.054162763224821366,0
1.33175721540113,-0.6951056303878212,1
1.5388100513154517,1.7232187893279725,0
-0.7548124928435109,-0.2030730237010233,0
0.32121198407030543,0.3092518523273185,0
-0.8414165456890617,-0.3580831135416317,0
0.18637634065589587,-0.27640260070151734,0
3.46444953812689,1.682829343863426,1
0.03775058284626387,-2.063146511885945,1
0.493702746883235,0.4382966548878775,0
0.4127457051890302,0.00988379060557945,1
0.6712861991890146,-0.42147434004276785,1
1.6698979200217308,0.9945985374900367,1
-0.49758116768093547,0.1523936814805828,0
1.2360289150071813,0.47048340496449265,1
-0.8057692583294743,-0.3519074943747475,0
-1.2445380570054454,-1.1392930738906026,1
0.594951335340039,-0.5867928549148917,1
0.7713618326125584,0.17010770849708937,1
2.1486641621008524,1.2592724906944088,0
-0.052093185320130096,-0.6001269289614314,0
-1.1446122946651223,-0.04690110684421322,0
1.2098381101449585,-0.3172169433950571,1
-0.6092172080188164,-0.44122727239548193,0
-1.3354302772187583,-1.4063751981525783,0
0.8079506626489161,1.3132777368185515,0
-1.5112085453737418,-1.5358403475304963,0
0.03720203328297294,0.6503236464127251,0
0.41062112328276656,-0.2770569187031541,1
-0.8046348206123093,-1.4151082241052773,0
2.1085640112919903,0.14879525745620253,1
1.3197666514354163,0.08223245119902435,1
-0.0030796071533212067,0.6622770857164599,0
-0.26623388077240784,-0.05582494540029417,0
0.7890934147311104,-0.6838895347973922,1
-0.11119262437452478,-0.3018650206409274,0
-0.31222770699642094,0.2494360212172069,0
2.7684894573243466,1.5666922423769618,1
1.9577321422172098,0.7394485502837433,1
-0.2572025459745552,-0.3941981600551394,0
-1.1703347568274953,-0.8826868580843586,0
0.031608731381544686,0.7303058641881319,0
2.1640194257567966,0.3623282941713791,1
0.0021032181442458787,-0.5936916511751871,0
-0.2576217046894489,-0.607730514820216,0
1.3801953390376578,-0.1101733504345061,1
-2.9480279537240404,-1.5623979753507937,0
0.4024399581447564,-1.0039242885762165,1
1.6949065175090792,0.1543664841408971,1
1.0129229543283378,-0.09930578327232897,1
2.237361185678065,0.6585599515795771,1
0.4660095916870101,0.7937663901587805,0
1.139208203375302,-0.017026412979973697,1
0.745958920510926,0.23779819946139188,0
-0.1421300232128626,-0.06068666031973635,0
1.2985727566610556,-0.4002925713754402,1
0.7899214059284398,-0.8521743583358902,1
2.4888903525101123,0.036617921971318634,1
0.8058048730232508,-0.5305269744138293,1
1.323344655195527,1.8459022434715557,0
-0.8721659563530412,-1.3064671299164423,0
2.388620345197334,0.8274308983047055,1
0.9442400824907626,0.9692008096772873,0
-0.21044762227856145,0.1439389576801523,0
0.6000117232332091,-0.008000189657453345,1
1.7871064637717577,2.1614093780453447,0
2.122387119978445,1.663066591220932,1
3.045585081710982,0.8558403781769472,1
2.902165648070728,0.9953123332214346,1
2.5796554775810447,0.8654603691317214,1
0.36036744571117413,0.18079832445286861,0
1.6736097263201832,2.809196217031114,0
2.842027127514122,1.219174964925044,1
0.0905161172519675,0.6287267747852746,0
0.7131543936609543,-0.7754520009311856,1
1.0033975582676635,0.945513765606957,0
-0.66073968595156,0.21344927388708027,0
1.3491820351326886,-0.36303739642732635,1
1.6221330169249792,0.469624158537947,1
-1.026011159265461,-1.4252839845532002,0
0.3237971234884112,-0.22532863727945138,0
3.0344939531084876,2.188582055999396,1
-0.28538203149217034,-1.4172028307137778,0
0.6404983379863199,0.9478632446982028,0
-0.421434396010767,-0.5067608337501189,0
0.6618849715543843,0.12830181658060383,1
1.0063524751769568,-0.10282971198154811,1
0.8532970556100785,-0.7110004993040852,1
0.9958768314702259,0.6248396424617709,0
0.20976301515001972,-0.13601716268463848,0
-0.9667036941066802,-1.0990441496779089,0
1.0019272499385776,0.0994119873369849,0
0.4278620584240833,-0.08843192522677613,0
1.6094960709919996,-0.6112034180830723,1
-0.8968847489475349,-2.285106536381613,1
2.014115491309088,0.5439002660762786,0
1.8018713500812402,1.4634642063801913,0
0.6509452150607233,0.2153282540335277,0
1.319954417468821,1.394891866756784,0
-0.07319791502697286,-0.2512786418252096,0
1.9244051963762316,0.14011704440245623,1
0.09929971228229471,0.046167083009263,0
1.0188514670883908,-1.0388531989186962,1
-1.2016016708729538,-0.1858823348438614,0
-2.7378492570151547,-3.0940128504412012,0
0.9196985875230012,0.5849585685730154,0
1.6413405477696028,1.7315670417451654,0
1.9475279026912486,0.7662000393873094,1
0.3332160590388708,0.023260099848621995,0
2.3626524256180765,0.3750190562580574,1
0.7593518239405422,1.0059921264653064,1
0.035739502438022,-0.12217197269192873,0
3.390481628977417,0.742223934851385,1
-0.9874193198860372,-1.7141645001593613,0
2.961405466692753,2.3810589013981325,1
1.5758185303441512,1.3874518012887833,1
0.7204443885084234,0.41473137778215396,0
-1.3478636962643242,-1.6617500238052294,0
2.889873871433795,1.8196683752427218,1
0.3311405679382737,1.096644089819289,0
0.41700417943369184,0.34816249336829347,0
0.6113788092487864,-0.5044199901896838,1
1.1259049111119923,0.08074259316225625,0
-1.6223194924359012,-1.2076879223647807,0
1.9458415560862152,1.2081425019189493,0
2.331875147205028,1.7649484031904001,1
-0.565536640862609,-1.2505404299877374,1
1.6806376527316944,-0.2943450246923231,1
2.4076352051451897,2.143356894869205,1
1.4801702043743006,-0.3441835732138647,0
-0.9039415271559404,-0.9819181094203636,0
1.0700259018080962,-0.3455001339383422,0
0.7388340123731341,-1.401851102198767,1
1.1594390173127385,1.6374159153610395,0
0.7436021311017774,0.28345918362027445,0
0.9323756987675773,0.08482504869112885,1
-0.34314353573951445,0.1382072479400368,0
1.480190897485531,1.6343564895669611,1
1.1532451179365544,0.6698877682513809,1
2.9581643980119603,0.31291782384266,1
0.5104695952522609,0.46918260000657636,0
3.425382371198258,0.8889354638722802,1
0.6690461806083409,1.438693459225619,0
1.5318519384900788,-0.3122877440343931,1
1.7599543933341921,0.07896782638938238,1
0.8135374440469134,0.3229702095578371,1
-0.17747130963393487,-1.028914169799742,1
0.9792668398952211,0.4180587841476281,1
0.1555496678044819,-0.04564750312076773,0
-0.13222370728182822,0.05507611270302372,0
-0.4414009759632664,-0.6837569219126528,0
1.3055886296904093,-0.023571215351173302,1
0.4907487508786321,0.40884793583754253,1
-0.9147783833639432,-1.9930753956518479,0
1.1216951785855085,0.6146665322759847,1
0.5418924798368252,1.5326170928262581,0
0.22519302963765842,-0.22829209966493028,1
0.917476470718023,-0.3085458804893166,1
1.7403331378845017,-0.30474866701164943,1
-0.7245799459899293,-1.0047389150818844,0
1.0056315402017864,-0.3037321838030319,1
-0.20992315139577733,-1.1745328460594442,1
1.3614618999230301,0.9215663479310169,1
1.5324688689460297,0.6501032605005453,1
-0.05260151341962696,0.38568972366428295,0
0.2561233748863787,-0.5351318415776151,0
-0.1282403395256,-1.9110546764566332,1
0.52161190830639,-1.0505309247443524,1
0.20017684520015488,1.6775063368131182,0
-0.0825463574228063,-0.056065853520736286,0
2.1658174605238276,0.8471520084124627,1
0.12202027351603854,0.5588514016177525,0
0.027901219940161728,0.9661168910637348,0
0.5896339089034278,-0.15555684203240405,0
-0.06223783961298799,-0.21255670333342863,0
-0.43697250448676056,-0.052298777308940975,0
0.8385311976583057,0.29216945755746865,0
0.24990616323575032,-0.05789148425819564,1
2.482792583691934,2.523678881106451,1
0.15628849733215716,-1.1924003580255929,0
0.8658030269974297,0.14970947060467493,1
1.3626266338585553,0.29548761323859,1
1.0663721737653094,0.5031402555936767,0
-1.4183195201617018,-2.485328151487376,0
1.7763926354250223,0.7051436819836133,1
-0.10677560520630758,0.002718658193350423,1
-0.5518397344567296,-0.2597559267646744,0
1.3994543465154812,0.5257905426123541,0
-0.7161576181867232,-1.2537380444767483,0
-0.8786166751105245,0.06736867567586884,0
-0.41514893260363367,-1.0274739893883056,0
0.2714362362194585,0.605521745592786,0
1.8813508457280421,0.7564886400840505,1
0.20532173542199933,0.5748513184797754,0
0.16422836150854203,-0.5031257558929457,1
1.7879142252791902,1.6806820037091326,1
1.2164326325827637,0.9159845535564146,1
2.012746071337053,0.09039123593652251,1
-0.07053543830294016,0.9775510536561623,0
0.48032338855545614,0.7283246577277622,0
1.545426778381415,0.6272871996084991,1
-1.1460645142774737,-1.4405923100545683,0
2.768995283690553,-0.18131452320439811,1
1.7377825717187694,0.2023913148176435,1
1.0692885796808134,0.9610444479182237,1
1.4837070627126645,-0.9452638556177254,1
-0.1140746225202334,0.21041152520462408,0
0.21343722314184896,-0.03796709506620439,0
0.12871901367197736,-0.8438357886883033,1
-0.8041924062366952,-0.5206752689176445,1
-0.30047205377749586,-0.0841770519671333,0
-1.3950008242407963,-1.3381340825950025,0
-2.0531736709884405,-1.618190852081051,0
1.400470296906102,0.948572451057626,0
-2.215300217567609,-2.4675926988327275,0
-0.14801111601807848,-1.0407574814906921,0
1.0160363208291066,0.19919199894390077,1
0.841018484234721,-0.5622078937892194,1
0.05715154118791084,-0.15092901418697435,0
-1.1834049299950657,-1.3685170003770202,0
-0.82422540227828,-0.9472218376083326,0
2.720844984024566,1.1815168822198676,1
0.19590961070254576,-0.7601371612213984,1
3.3613594084949066,1.6268797164052644,1
-0.8922715145925394,-0.9476242203113908,0
2.9811218751855972,2.062716138172863,1
-0.9805923091616118,-0.9138451189586398,0
0.7052337919452527,0.8170975966302572,0
-0.47137953871412375,0.01837029760646932,0
1.3966109535629403,0.4863288553616138,0
1.7634559699437298,1.5320334592067981,1
1.823902244103114,0.6144951109119805,1
1.1664623785194814,0.6093763786897208,0
0.31747367304537777,-0.7646862724021931,1
-1.1091391622365832,-1.5199018671183822,0
-0.08889929981399736,-0.29343876024421384,0
1.1338725306867414,1.4007172718362602,0
2.531830014832841,1.3528056654865732,1
3.1452312275569847,2.207942810620713,1
-0.13505280089161742,-0.49652442638634964,1
1.0507249753438936,1.731893863707569,0
-1.0747618747724832,-1.397248458914581,0
-0.7120753586778328,-0.4669828228927889,1
-0.2436302490815077,0.028479489906760226,0
0.9825400741645373,-1.305407040581715,1
1.8435742516478408,0.9575594817150561,1
1.957133239267518,1.3091938497475852,0
-0.4561217570657612,-1.4929119486485256,1
0.3933340937972226,0.1315714147795311,0
0.2339831135034665,-0.6862883208557239,0
0.7760308093841661,1.131510248701066,1
1.4496381093292872,0.03651896553242659,1
-0.12640719054565475,-1.9053781317455807,1
1.0006265426081098,-0.24904570007527208,0
0.0006138357830457843,-0.3790956936835252,0
-0.8948823966843487,0.01206587127726959,1
1.2248249287176207,1.583471852270482,1
-0.6510653091077377,-0.9815077537189763,0
-1.6938054990559113,-1.678166871046114,0
2.086949293303967,-0.006604830661873435,1
2.5086988821055103,0.9933167308546963,1
0.6916364122870846,0.5661298964616097,0
1.0090338105940992,1.639972076483296,0
0.3410609243390358,-0.5719729948091486,1
0.4788594375509748,-0.20637592774286687,0
0.43547752401309786,0.020461195522627384,0
0.8183487059074523,-0.02657651614075093,1
0.12033146322933175,-1.394392437594374,1
-0.6971518721103295,-0.4406166365705217,0
0.592241802974796,-0.20430443419170358,1
1.124448139439303,0.5828412021247431,0
0.8839302243786871,-0.2851237938364636,1
1.616000426079962,2.2536697243079593,0
0.6229791312488494,-0.11886592403969504,1
0.7713798587536678,1.1199621814244232,0
1.0262969185429516,0.05077825073069792,1
0.6754681317318162,-1.1945187667838593,1
0.5892631374902656,0.6156421380035124,0
-0.07250832275192456,0.47951456370655915,0
0.5328356267823033,0.7766639891249121,0
-0.37321501482986585,-0.09039287825212439,1
1.1279204404615923,1.2597904595471872,0
-0.5076934850481052,-0.132183391082688,0
2.578122638311729,0.47627373651960137,1
1.356937450426947,-0.3505139081087682,1
2.4605909769442045,1.2205078657536268,1
0.1571479992669833,-0.5169086493713955,1
1.2335293599699968,0.47078491931203026,1
1.4109260381151048,-0.44483395721229485,1
-0.2139881507505537,-0.0916301015256572,0
0.2846966000217166,-1.1475566334335827,1
0.35026715819582,-0.867754400508083,1
-2.7534258552646187,-2.2975838393653447,0
1.6148268956544891,0.8524715584644859,1
-2.032370750046751,-1.0760872885105075,0
-0.687734225883191,-0.6981987003305044,0
-0.49266159601953663,0.011978858957268503,1
-1.3192712770879713,-1.0908899589404173,0
0.9029307750168005,-0.7001404345274073,1
1.5750234654007687,0.09903557075767365,1
-0.9778471052217156,-0.6515755463881097,0
-0.1870758026556507,-0.5059001429142505,1
-0.5030084412142163,-0.7884323575101263,0
1.014620537058961,-0.9731448218269507,1
0.8981702256328314,0.4934611265886046,1
-0.5275860037043072,-2.585447570828814,1
1.0579124328596543,0.9382501380915109,0
1.6547717788728964,-0.16578898908519055,1
0.3005316058963887,-0.011700543312394987,1
0.17485668919491437,-0.2638896082461372,0
0.8802605603433115,0.32186391069084874,0
0.5124655196895348,-0.32707357728561054,1
2.1750612839679784,0.6977399343176584,1
1.8731114021748905,0.9141243517976235,1
-1.6305697367690313,-1.3997931860830477,0
2.449565411463648,0.12772547787297564,1
1.8024810038326078,0.9504911028814296,1
-1.1373306173643938,-1.7797265994065425,0
1.2932664680621984,-0.5158152482346942,1
0.48561506812309535,0.7193271554662127,0
-1.4726594898500112,-1.6282472053083221,0
-1.9935963581229657,-1.6995577939179656,0
1.9221419818406134,0.31756734293512606,1
1.3210433156059869,0.036774566167169814,1
0.028683540794934858,0.5509754581447875,0
-0.033154137709945686,0.34165751060498184,0
1.3998013891170933,-1.1070099262337383,1
-2.3032132267306284,-1.6889544478457459,0
-0.9863450307961312,-0.46529439488277724,0
1.0398481360831822,0.4174952109913158,1
0.8586904705377776,0.38531077439516287,1
2.4872395063254538,0.30974057756099954,1
0.8243799239037601,0.013198779444369051,1
-0.013258051320990722,-0.013787391210168807,0
1.013825785727415,-0.09302470389359245,0
2.2308233183846182,2.0092837520133746,1
-1.652620978120624,-0.6846121317018521,0
-0.24088721956540907,1.1879065525050145,0
2.12859374951097,1.0304674096630397,1
0.6170462780200198,-0.19712763456340593,0
0.08414850738889064,-0.0613512222401198,0
-0.4527114900625171,-0.12922094019085847,0
1.585937955774325,0.15879610053555232,1
-0.82333023947559,0.4930437499766877,0
-0.10861179530270527,0.22270201734409426,0
-0.16810903866968777,-1.1688441112111314,0
0.12959969352506584,-0.4297556379612797,1
-1.4453267074098775,-0.7865599817541492,0
0.5615408008000972,-0.031343572590804385,1
3.0734675222793975,1.4410138440357816,1
-1.987595162354024,-2.095605955793018,0
-0.6872942331278261,-0.9111557139901874,0
1.3385260286422647,-0.19734173029298258,1
0.5785643753631414,0.7770669534936495,0
0.9876403230701326,0.29977040782503933,1
1.7975197993818308,1.0085601677957279,1
-0.9788123448780216,-0.9635042096441656,0
0.11716607720669442,0.015892693315429102,0
1.0752854056142092,-0.2879732734573124,1
0.8937745599688901,-1.4950918507134046,1
0.8102269987440223,-1.019734973877527,1
-0.8656643358704174,-0.8051300533725895,0
0.47907943577697615,0.4322945010257634,0
1.2195521492382448,0.26329852275280613,1
-0.10801908551049222,-0.03741814926831048,0
0.9121832233963552,-1.0187941977732051,1
2.4685640049135347,0.3309116628702875,1
0.3360209155367526,-1.9551116876820023,1
1.750750204786108,1.41100882060476,0
0.3524998999932203,-1.221605964040515,1
1.0675608695576297,-0.03461858290982861,1
1.796540697295948,0.43451523281646726,1
3.3903047384394727,0.5666286679880032,1
1.273915734194284,1.474628201901434,0
0.6459788030687262,-0.11691840274096753,0
2.8315056725617263,0.6252755560870632,1
1.9880600986075156,1.5353422795028908,1
-0.013316698936788366,-0.08558508312047035,0
0.01002520269959084,-1.699944783581322,1
1.2013826215152972,-1.215004267470131,1
-0.10668890468675696,-1.36483675552328,1
1.9508754546477913,0.6628955994826069,1
3.3999583283389354,1.6473261279321243,1
-1.1288663269452417,-1.1606437573700943,1
1.113888807321054,-0.1771224873879933,1
-0.8485071851534937,-1.8431963231874426,0
-0.5169878470726669,-0.34800109185071004,0
0.10133667294112499,0.19864228024385083,0
2.877788525286597,1.719767445259059,1
0.856936846317727,-0.15272596605949215,1
2.1711538753386694,1.3975650385515868,1
1.8308430317431355,0.5464473592029226,1
-0.3831128802565946,-0.5998064196180547,1
-0.013441922383816474,-1.1445605755699524,1
3.032017896512177,2.5471749478258574,1
0.3558634417788373,0.7735182682104266,0
0.6500546727389899,1.027222134135978,0
-0.9322387275495919,-1.2677378299259914,0
0.0739131455044244,-1.226925911600642,1
-0.7595848775053677,-0.7886800120766456,0
0.6550093704947764,0.6165570324275131,0
0.5504515747788272,-1.078148293155909,1
1.5560603022296577,-0.337398442157459,1
0.72413207571164,0.7006804177185796,0
1.168578730544179,-0.20095323579828855,1
1.6525952377259923,0.7338793795611385,1
2.5114184738630483,1.314271668833075,1
3.084280893967235,0.45273351616898005,1
0.3511074032017891,-0.7840430631126342,1
0.8203450150298468,1.6748706937170816,0
0.9502342103611925,0.3815041529812757,1
-0.5066970385086651,-1.0658385326582054,1
2.6179594202996768,-0.22409755062740921,1
1.0923393353508932,-0.23248279432275107,1
0.0010260015331526485,0.22874658788779917,0
1.8797203024942282,0.7621258193221258,1
-1.0542882571058416,-1.073427706490121,0
0.7698768683194239,0.2021748252131374,1
-1.0666059789284679,-1.2230465162415034,0
-0.6694180043516759,-1.936045882729334,0
-0.057138775730964625,0.5065511845026913,0
-0.504315632670669,-2.0788911417099625,1
0.1893608624050609,0.106109643742402,1
-0.6188833605652978,-0.3498291133284284,0
-1.385880323678522,-0.9162308044461233,0
1.028684113895642,0.2093856782087082,1
2.511502062677311,1.5011118633732103,1
0.14106539090086972,0.18720762615227454,0
0.24745032604378195,-1.2766933318102114,0
1.8218744621207472,0.4693207040427329,1
-1.1100459682269197,-0.9336217436377711,0
-1.4980369623766094,-2.4462753032487554,0
0.4882736064584983,0.6832565019285,0
0.9707659534539882,0.8427446207649923,0
-0.7335206981689357,-0.3844298302507439,0
-0.6971346033810306,-1.0234720961844854,0
1.232068227590807,1.1338652827813143,1
3.6487210943404653,2.31042228817348,1
1.1628614651921774,0.18330784648603976,1
-0.5063836870944174,-0.8330196638943537,0
2.0248619160114316,0.9720409711856098,1
-0.7229289936954593,-1.7517141229924975,1
-0.253774470019936,0.4477489134082811,0
-0.6600941370349901,-0.8334886141481848,0
-0.4278019510354263,-1.1401740290851978,0
-0.7399796727986915,0.12269875896467188,0
1.1152299970990056,-0.3147000754321461,1
-0.1448216816184058,-0.1431282273849878,0
1.3382208016682038,-0.15470546577845226,1
-2.0405602941685808,-2.818223868029051,0
0.028618376023471725,-0.9526381979375446,1
0.3525430965779578,-0.6957778589114064,1
-0.5029400948834676,-0.8286191713861373,0
0.1370959627334957,0.11614098998495598,0
-1.6370107101764757,-0.1428270816750223,0
0.470906942617224,-0.23912908001008476,1
0.9539715293008769,0.13751601229330754,1
-1.0207052232521656,-1.4868744918378762,0
2.093917160909812,0.5756457584405368,1
1.0728768469462786,-1.2899445871304047,1
1.9146811559790349,0.9028756474234356,1
0.8273748359478114,-0.48170017602093107,1
0.7950324551601384,0.13556402737679027,0
1.5175292766146007,0.42582757748821526,1
0.11250543871715957,-0.16883690836987386,0
2.396903434892276,1.0373684395768776,1
-0.34666974358094277,0.5681638570224077,0
1.2201127524481357,0.6301312277928129,1
-0.4416195306172665,0.40382940151456576,0
0.06975580456615292,0.5690760961782736,0
1.1370234649629474,-0.44384292367530065,1
2.5760581379348566,-0.5412772855617269,1
0.38735448564997466,-1.6853854601415215,1
-0.3364887128177566,0.2506590736641225,0
0.4793120016528847,-1.3797766183817544,1
0.44850683366207744,-1.0802457768703395,1
-1.0061434503198865,-0.5391054047492425,0
1.4080839903323072,0.10920924940788879,1
-0.5936669923689624,-0.4503664581706449,0
-0.31602569183577467,-0.8775814808365654,1
-1.5222195581332183,-1.389240348924639,0
0.9755073604882862,-1.2015277147270422,1
-0.04112092751380913,-0.7035193132961569,0
1.8231657989012948,0.4078935635421213,1
-0.9153135076614992,-0.4348601299937636,0
2.0594554978148563,1.8796152859774578,1
1.1996990262427505,-0.1002838083486133,1
0.20914604686723817,0.23580138570791773,0
-0.06724617524529952,-2.0288813557067678,1
1.109020383548296,-0.0477449367348618,1
-0.9158535489829693,-0.4855988333273093,0
1.8660819662859063,1.1352540171968581,1
0.1627548523651854,-0.3508262967213539,1
0.0691816920706054,-0.09812071802625463,0
1.0999220912961092,0.23939110425845292,1
0.08151159014093602,0.7522158341907071,0
-1.4939499935628815,-0.49900093113092514,0
2.493723841412339,0.06798394515160731,1
0.20058925188610827,0.29261249847571424,0
0.5436145881188651,0.10631055644997685,1
2.3808072205967346,1.0591528587769392,1
1.59983651801046,1.929213210318615,0
1.1252483221975902,-0.34304964625833,1
-0.3232460917504216,-0.6460546043150236,0
0.9422689402897687,0.22957586723911147,1
0.4175417555431928,0.9131550512448252,0
-0.12534894027631815,-0.6774979539012278,1
1.040338639362869,1.0987709534209105,0
-0.17760019422739323,-0.407506765667479,0
0.5072342457093917,-1.0590282065475327,1
1.1373143216997332,-0.3349717101879301,1
-0.6623333602083403,-1.2237103712689437,0
1.3014820871689337,-0.04513989646864642,0
0.374216327406619,0.6243989258322382,0
-0.9584131892754227,-0.6940667906437558,0
1.1595523649198693,-0.01628386273597316,1
0.4262489807211882,-0.7767483241047055,1
2.260425573652205,0.21116860423279782,1
0.25636344999710725,-1.7230677351045676,1
-1.720999606089532,-1.9925767612985428,0
0.45157747561156875,1.206580915369314,0
1.6116449203941876,0.3179222822994128,1
1.1841459639971232,-0.9525143178510793,1
0.4948972162875296,0.08408189618315684,1
1.2411147134486098,0.04434300202718007,1
1.4178769785882808,0.7015698169209329,0
0.4886602139464166,0.22822141525439407,0
-0.39595707320407625,-1.196193261987592,1
2.116743435461329,1.8683847452776363,1
1.1210845568139598,0.4561484775533629,1
-0.7197176969486901,0.045594455614531626,0
-0.43633551834500994,-0.8312206545123761,1
1.55443794664021,0.7155069814924708,0
-2.1533539016827863,-2.3925222441281,0
0.7481860760153487,-0.2601953736328025,1
-0.6992123364725361,-0.663885485725242,0
-1.1408920669426352,0.2003246873210867,0
0.8634485366651913,1.3703083424444822,0
-0.7081258958637929,-1.029032359847798,0
1.5600859456162643,0.12604903312348545,1
0.8542426425633789,-0.053059212798124436,1
1.733508733461719,0.391979470255442,1
-0.04416400572256844,-0.11678404595900768,0
-0.6050115791161728,-1.0730497139643063,1
0.09515333195685446,0.9607953461513445,0
0.307995756758553,-0.5343316437700568,0
1.8101805220880713,1.5887202655250363,1
1.836017957395152,-0.9068906829433313,1
0.8039514601771138,1.3371271517757954,0
2.2847309017769,0.6465917688968449,1
1.0820163662977187,0.666703868298534,0
-0.5621817752061657,-0.7289568284015738,0
0.5940247008694499,0.45035812118245044,0
-2.6152238478468672,-2.291716872441363,0
-0.23276207836937735,-0.9633367368245767,1
-0.22166622258811067,0.16137692607446671,0
1.061569375856786,1.8079379445803827,0
0.2565422842575146,0.8028012690869283,0
-2.752043507812561,-1.6290596662613575,0
1.6168893102961357,0.8090626326964974,0
1.7370659478619694,0.5619715238782504,1
1.761721993160785,1.229434391345774,1
2.2059875210175326,0.6431369974483483,1
1.4871153706533216,0.08504226142353893,1
-0.347514574580273,-0.7152621421051615,1
-0.7908498186976223,-0.22985480080030113,0
0.6034041010182244,0.46338272345739145,1
0.6826605899972296,-0.9321272547713568,1
-0.14406393441299115,0.1455908799524559,0
0.6498676100076649,0.8611995980935709,0
0.25477714868179485,0.3867533115026668,0
0.8196790365459821,0.3174899080798526,1
0.559471154790141,0.5727175017348277,0
1.9199732489932582,0.6993719607457483,1
1.232015079740829,1.4078739403751424,0
1.9551555982634623,0.5796408738280603,1
0.3731892737152856,1.888878924845881,0
0.16208268533374304,0.5961757615760167,0
0.5493220385736173,-0.34780541800002274,1
-0.17493617665789093,0.06403905706516705,0
0.6655023948345998,-0.900428053502087,1
0.07031806267700369,-0.6406645584965517,1
2.810921868216287,1.3640362367036034,1
1.3402423372157988,0.22586858978472418,1
0.8151519276870884,0.6825588364024493,0
-1.3558876754356155,-1.113375723240021,0
0.6145555180157302,-1.2424327408215812,1
2.425460192315021,1.0390258819535807,1
-1.7365064287925003,-0.5852136284865189,0
0.6306780852615915,0.44069694842901763,0
2.2522119845562987,1.1676829004734934,1
1.7324677879986567,1.0891785121691941,1
-1.002840517700683,-1.577684361862433,0
1.3050751771971345,0.14610512561666306,1
1.0236540023006107,0.31755167183014515,0
-0.9231171162205833,-1.3818743310202966,0
0.6598317245240699,0.1025862989151691,1
-1.374432352845664,-0.5228292683829038,0
-0.7113932251402407,0.9935554237600279,0
-0.7327019679589721,-0.5953460577656189,0
0.5030519464903418,0.6429282348460498,0
1.686555093621841,0.582257163085561,1
1.954798224845136,-0.1458504027612513,1
-0.4613647593161394,0.6608576507572441,0
-0.4083762553790151,-1.8117068958737852,1
-2.7998922883124333,-3.186475270424548,0
2.142869873407941,1.0127024625343872,1
1.5233664899616512,1.9132247654186163,0
-1.5221201913542817,-1.1121376332559472,0
0.004551355097056287,-0.07857711282882059,0
1.5256302985371881,0.8448457268842827,1
-0.13879165527679863,0.10310989293053445,0
-1.5338358166910573,-1.38183411342401,0
1.680720224532271,1.2572644122483405,1
1.0023657035368456,-0.6140549736431758,1
-0.026157756334922476,-0.3714169888340986,0
1.122349527471719,1.3993473072272056,0
-0.012836607415172452,-1.7004128898706419,1
1.6335422806273632,0.9460107707901102,1
0.817846969075271,-0.5054178335615271,1
2.8797091301564555,0.7807515058357121,1
-1.6445465385011717,-0.5571056823958039,0
0.8920730028245545,1.0882884309109029,0
1.585290815247657,-0.08424455854008035,1
-0.4408574050238834,-0.009880983646774779,0
1.839751691574061,2.1491081371972105,0
0.9987274526054855,-0.8354621267545563,1
-0.7122129383109747,-0.02816854804040104,0
0.797566961661655,-0.01635958050503774,1
-0.8413006147912621,-0.7928872713935349,0
1.663003399639951,2.0386290891605414,0
0.32069617662393957,-0.20904413723682466,0
-0.8071715680655844,-1.9879062284010143,1
0.9360200271932034,0.5219176199390179,0
3.4366358843908733,1.7023031894760956,1
-0.4035946883504653,-1.5214223781632588,0
2.5122326513623774,0.4250105033132322,1
-0.6418941831174105,-0.33475803969674567,1
2.663212808629454,1.2730932507510158,0
-0.9954019759468269,-0.9152785505217638,0
1.5676252286953483,0.8021162212342107,1
0.013286480283002998,0.3521810689080597,0
-0.37293888640580414,0.27864825775527424,0
0.789423277224086,0.9236690399438471,0
1.9816309117053494,1.599369262086692,1
-0.5177740576081481,-0.4263724179199976,0
0.3627550753040154,-1.3845260843197038,1
0.35596490193343,-0.8042474472310299,1
1.648799981559327,-0.3872335074604967,1
0.7785955496954482,0.011506982841961447,1
1.2861820449582024,2.489693350262255,0
0.21759312896480387,-1.5518783168439003,1
-1.255513039194164,-0.3112791639595227,0
-0.9788623292252099,-0.5197564592423125,0
1.574578315871677,1.4018792903926396,1
0.7352612367145082,-0.07905255305473888,0
0.8211089174083552,1.9515279626785658,0
-0.3347799990727033,0.8293495289467759,0
-0.8230398311601934,-1.8004016090217032,1
2.9941116709516233,1.0221059024593315,1
-1.436062721337187,-1.3719136683533288,0
1.7874377476421772,0.9629476994584586,1
3.374767426464559,2.0767516801609887,1
1.2748623496977893,0.8327052647345281,1
0.6378994225284386,0.3036651295442726,0
0.7808612671976063,0.9409835156988962,0
0.3152517831176268,-0.9234592985784865,1
1.3881225193714954,0.7502355309562664,1
0.8243348627817035,-0.2946294545864422,1
-0.8076559859784503,0.04091149991977259,0
0.4770272552786633,0.6229311646173699,0
-0.5652510460007956,0.191427428787363,0
0.9470152592861483,-0.22788525769959073,1
-0.6151814449747721,0.25711580994959693,0
-0.12129690107168023,-0.7974070832804799,1
-0.24645895328715417,-2.435447711316056,1
1.3321379773278648,-0.4201557619253348,1
0.4348023192000788,1.081870873391089,0
0.4839787797991198,0.15628096380995804,0
-0.5092193116517911,-1.7348144727784285,1
1.148106093922547,0.9451477614573685,0
0.31757490274259725,0.04036902352110956,1
1.0081497777784494,-0.28718791883572475,1
2.190186652005658,0.048261172786718515,1
-1.5058597195058425,-0.5859906615068965,0
-0.8179970167106334,-0.6049578108118604,0
1.0524029594828692,-0.04087230679530127,1
1.2928470509954608,1.3985598835627753,0
0.03837122868541476,-0.40661506723937635,1
0.574469571935772,0.7737359740526143,0
0.9365493650934766,0.27702872413512436,1
0.5344031483885301,0.7897479928673287,0
1.2167511250064282,-1.3885894132654895,1
2.493019332515355,1.286248452148838,1
0.4961404526871819,-1.0905359723770995,1
-1.297548380774524,0.002962864752766059,0
1.0600715598474824,-0.26633055253242216,1
-2.0961538392050705,-2.3601365610599583,0
2.815300172389293,1.2105662300800741,1
-0.5698031585295128,-0.7346969591077179,0
0.6525145288791151,0.8307086640149371,1
0.7265888102926414,0.1230609147950399,0
-1.2489930667144815,-1.341449180513629,0
2.7933846751859615,1.1683728493848897,1
2.449292425439486,1.2958551577116146,1
1.8251661486700541,-0.6253547270124917,1
0.6848587604480327,-0.6263537529699542,1
-2.137786324873101,-1.157665855264379,0
0.3956192324733816,-1.215537796835121,1
1.7279027779045089,0.5708214780561834,1
1.158465405966575,-0.12601579938562785,1
0.5017104981562862,-0.009388311095627978,0
-0.7017093535240062,-0.8996141721892672,0
1.32609907556125,0.5645622719710018,0
-0.18159808877078665,-0.45372982547770596,1
-0.2662821321320505,-1.363268316998216,0
-0.7635393503226611,-1.4298027025711986,1
1.683415625354921,1.4317649201930536,0
1.1982800033097738,-0.7566708751357871,1
1.6836845459996357,0.7378587452417322,0
-0.4870311485501853,0.6274110296401741,0
2.100874891015977,0.41087932514780173,1
-0.7038069763399717,-0.20414908915392266,0
-0.09552034065521965,0.22913900638980514,0
0.1427648127189991,-0.7335093368511785,1
2.8142288347855744,1.3074366640896282,1
1.9685355790994654,-0.055442950154198097,1
1.493081514531901,1.1006294062709023,0
-0.15423041926820613,-1.0009061730740436,0
-0.4000692652094412,-0.5852828832857832,0
-0.8675439757367814,-1.1912540457065226,0
0.09895846553337563,-0.6775377627710756,0
1.326821121953617,-0.08669121225095087,1
-0.15639321030979336,-1.4222841542720854,1
0.11964633390921008,0.21681533619115548,0
-0.5383955340015553,-1.383619008808076,0
0.3027240730983546,-0.4316738371005748,1
2.578263219533486,1.2367634954640032,1
1.2147065425701884,-0.29685366247133965,1
-0.7098541024007186,-0.20623106592884377,0
-0.9718663409958802,-0.779210487183226,0
2.6879484958086532,0.7356960750574275,1
0.1625566429314329,-1.2317105793020589,1
0.08565286006583485,0.3212708485361981,0
-0.21696731756616186,-0.9828454964388224,0
1.5568799351064306,0.5708468658545155,1
3.179477486105507,0.502880915221311,1
1.758612773601259,-0.021526255276941575,1
-0.4424871261688679,0.1468723367404772,0
-0.7244487046944177,-0.7323611292687926,0
-0.014386464968897365,-0.21671594241766712,0
1.424301099478101,-0.23789609471170126,1
0.5980876988713251,1.040371187307843,0
-2.7486277733755937,-1.7220911048102665,0
0.40253450491399717,0.5806741903376577,0
-1.2529107813958964,-1.5671509230667782,0
-0.13258319625359838,-0.520623906974573,1
-0.5603229508555709,-1.372620056366785,1
-1.637809328353408,-0.8245999455880528,0
-0.23294850318670982,-0.5307769294633597,0
-0.3855624742075323,-1.659967919588171,1
-0.2604973375277713,-0.0111338126225025,0
-0.5162583782279926,-1.6822164432168265,1
0.6238174969670219,0.5039775742317211,0
1.1218448292175673,2.0499498165443986,0
1.6221251062206063,0.4506904433430088,1
-0.24432345304369515,-1.2329229796651509,0
0.7665272522144606,-0.37044538226419405,1
1.4020379453937584,0.6250370450349368,1
-1.674955650873337,-0.4845013013745731,0
0.2598658325532125,0.4173384470424967,0
-0.6251721131938291,-0.577908327791486,0
1.8749846353253299,0.7134913488301267,1
2.053672742738406,1.206335277045445,1
1.354392184022179,0.0998513040858233,1
1.2125291449215518,-0.3639682172969973,0
2.457399481253294,1.2439977469095373,1
-1.3479608094394726,-1.707547226796558,1
1.6893378230025384,0.9272300558622522,1
-0.9811579855161715,-0.7787621804500938,0
0.6700773835027175,0.6616387299599471,1
0.8213601932921383,-1.2966417977083975,1
0.7952660617766967,1.0233963500771088,0
1.365007653676316,0.18352494786045268,0
-0.04911012999203305,0.5548695292026496,0
-0.6157111063595767,-0.48465422871602537,0
-1.8986303519828611,-2.1494667305073247,0
0.48534519273197196,0.5487302301880139,0
3.139232730753357,2.3579992535941323,1
-0.9128144261405936,0.0007327300678844687,0
0.47891746025298876,0.3429141230382,1
-1.1752729489911247,-1.6580677251409301,0
-0.6605158601096112,-0.0365420417234842,0
-0.17232153086031332,0.20716224890862703,0
1.774291299538287,1.6523499727633966,1
0.024115146761524035,0.032025905532220914,0
0.3456704197668096,0.4506518867068964,0
0.8892934948079337,1.1747905838301138,0
1.3263201135450025,1.0155348686276335,1
0.8777355643310492,1.5987230600069533,0
1.0069428996782284,0.47816254067782465,1
-1.0035706925981183,-0.9732413100842962,0
0.9725009079862237,0.9348012018398093,0
-1.4558654329621536,-1.2425108878101687,0
1.3199979755676385,-0.18083630370421286,1
-0.690947282826467,-0.17359959398662925,0
-1.1789341571991134,-1.268434287858889,0
0.08792077041265522,-1.02185139851432,1
-0.47140588228902935,0.007744118140879273,0
1.7243514751064914,0.19847533554961017,1
0.28933704662328164,0.27718297077289206,0
1.0872670444144306,-0.6353849637535208,1
1.4323260271351796,0.3245990731637902,1
-0.03050673376144927,0.8711635737156186,0
0.1685871396723034,0.9989503307469794,0
1.225250025026013,0.23375118723892566,1
0.5257009679243028,-0.9954968252764467,1
1.0678912127236828,-1.1530561906991583,1
0.10503562063569638,-0.7227468028123307,1
-1.2631964223471788,-0.4777896640658735,0
0.08781776093350524,-0.6552591348155412,0
0.9741672228432641,0.05390464678373174,1
1.1658699230182217,0.3824925276405315,1
1.204725364696996,0.989185886322258,1
1.4185762844405236,0.3414336585481671,1
-0.8407932113402078,-0.5807990063528259,0
1.9674818593754142,-0.4253467638312427,1
1.5906242835326758,1.2591211811723064,0
-1.0378455808503253,-2.5571491436108875,0
1.326072092984142,1.371253636081533,0
1.2345817687861527,-1.4306870733854316,1
-0.5250471428403317,-0.649296196653794,0
0.6502273608981306,0.531459881143174,0
-0.029994626862129545,-0.33219556657332644,0
0.6379293736446764,0.8127188073120852,0
-0.16162466122792885,-0.3324111739601688,1
0.21373426051773148,0.025467660492015265,1
0.022371687388329953,-1.142361687792841,1
1.357175031690151,-0.5259185709975355,1
0.5419557017062036,0.738131074673818,0
3.1764274764490725,0.915356956412841,1
-0.3815311711853883,-0.9532773284127074,0
0.6610582675627908,-0.6674530335915838,1
1.9042872504753094,0.5215364306612541,1
2.0603861885702544,1.4233738661761386,1
0.023496473199330927,0.39888586465842496,0
2.555426840461145,0.3627186247097381,1
0.23266797929247685,-1.0110379496264703,1
3.3069038275151197,2.958431838830125,1
1.9269912720959739,1.2139102033321065,1
-1.2376366732536312,-1.398099934438826,0
0.30252524037015843,-0.5536661856553705,0
-0.8446741339045815,-0.1383643138315497,0
-0.9417536793834106,0.027767394113602108,0
1.5955738995930047,0.6197478785230455,1
0.6161676533402954,-0.7533242833975624,1
2.5176280844092878,0.6873333940554981,1
0.31832241821807616,0.6064371006976007,1
-0.9008052230828943,-0.040906908587882936,0
0.9982111080863867,-0.13660660156953572,1
2.3950479587327482,1.0080171588633042,1
-0.7907931317925099,-0.9563591281958252,0
0.9132397499230318,-0.7468902054492467,1
0.7959354475332978,-0.1673647633202197,0
-0.45570156613367896,-1.4609226567459126,1
1.326611180692461,-0.25512899816937884,1
0.520522624092167,-0.2780103243678079,0
2.1258138905793853,0.1472058763724599,1
0.21237162949443514,-0.060099842640634726,0
1.8708514520376711,0.6996696795021596,1
0.24733669043206574,-0.3539344468508831,1
1.012326180436195,0.2810603191928914,0
0.622054291741607,0.24017853655546492,0
0.019465368406108,0.681931441972957,0
0.057949964022568246,-0.6528529294815683,1
1.221445498538598,0.043252861403747435,1
0.03273866702393512,0.1764710539292866,0
-0.9994978200866317,-0.596819997329335,0
-1.9337767534497392,-2.9863987586885052,1
1.4163804104402002,0.3650792932498169,0
0.40407117066112114,0.20278002427233055,0
0.35458205535179016,0.16145663791681764,0
1.11676430928832,-0.029006999199903193,0
-0.3012963258839367,-0.08633841035441119,0
0.8963103769087218,-0.31843938160904783,0
-0.3075611629997723,-1.2183916477598753,1
1.3506231459450462,0.4238462933360619,0
0.681530397538649,0.18896082945280462,1
0.9355395940115007,0.2270683960609878,1
-0.42879512588221236,-0.2563095687072926,0
2.4058286364938613,0.8931126281546402,1
-0.20636722407705022,1.0230245207408646,0
0.941730710916985,0.47061143559232416,1
0.4707158071722761,-0.4762617653893904,1
1.0773878857643144,-0.07756571427471341,0
-0.4907243742829066,-0.674276665050426,0
2.2498250311602708,1.405163404768198,1
2.3520236392820015,0.5896441323544686,0
-0.8798903582908708,-0.9653027094414681,0
1.0646360922892044,-0.8807482172269934,1
-0.8540710552687555,-0.869177412500238,0
0.8504399311262606,1.1816460086282745,0
1.396281414426217,-0.022354362921928158,1
-1.6416393378183705,-0.73420888694136,0
-0.05547680150350878,-0.05767289107042681,0
2.3137891305330642,0.1156011813671384,1
0.839316867632027,-0.20253104471016567,1
0.4537553442249965,-0.718449719105508,1
0.5098767767942727,-0.024375272869790365,0
1.7362802287189147,0.14183311668994678,1
2.3677041756361956,0.5781341660211154,1
-0.35765322717450965,0.08307271569994479,0
0.05581012563731272,0.2277411765470089,0
1.028980882589754,-0.7041980824959202,1
2.0570750145667978,0.29752647390258186,1
3.470875408970139,2.114809941158495,1
0.09161992749945229,1.0923173697013855,0
1.6537553812241477,0.5590642696666344,1
0.29449010076279203,0.9830977481682134,0
-0.7028867088604189,-0.11796606657402262,0
-0.18574287916996737,0.2544091425739596,0
-0.28759880448366903,0.38437342504893324,0
0.5332841815213105,-0.6786038394866426,0
0.3024996096647443,-1.1394176002343948,1
1.2717617231725995,0.6652090909977041,1
2.672452741628847,2.977815338718972,0
0.11401371324267506,-0.3647753500486916,1
-1.369262720029112,-0.8982270362211855,0
-0.3915189197569838,0.3437570231896983,0
-1.476234713492933,-0.9077869939061464,0
-0.8698324875551459,-0.015293753821041449,0
1.5906219666361552,-0.483759042432295,1
-0.14609879994377678,0.3275555312617538,0
1.2485191640244213,-0.5590977413217049,1
2.4918818933118407,1.2828891172554484,1
1.5603279100033616,0.5957647043442003,1
1.827379749010503,-0.3973303615120125,1
-0.5913725418984552,-0.8879257865903192,1
4.448338570035925,2.1500212490646646,1
0.23313076286290468,-0.06237565786844104,1
-0.566820883411492,0.8546073323393831,0
-0.08094191596176672,-0.5521255049446949,0
0.4141954601729698,0.7864932497312077,0
0.7737259509068377,1.4563452417939908,0
1.2982462963696424,-0.10261328768769126,1
1.3912050207380589,0.07680992763323857,1
-0.6548716838977817,-0.6968328884667462,0
1.9588427910976254,0.2244860147315647,1
1.4154879676129053,-0.6611830040017184,1
0.06059881703729397,-2.061207701828766,1
1.0307256970076817,-0.029410687470841593,1
1.4240758069720867,-1.0101491614273626,1
1.8968588865279532,0.7798954670783239,1
1.2889673288742478,0.5768219499933862,1
-0.953526935490913,-2.0085414551017724,1
1.1797372586274368,0.8059424125626791,0
0.06476654499830317,0.9239094975709211,0
1.2419504472477594,0.5442799321653656,1
-0.9102242809557174,-0.552400792812093,0
-0.29873816136519865,0.3275754544039893,0
-0.6564449404159296,-1.3477667377605338,0
-0.08243760146553702,-1.4445436662652973,1
0.6148469471655389,-0.7235166911104248,1
0.5218295394039602,0.125524111987725,0
1.3060046600200828,0.9406672629412729,0
1.3938789200742427,0.2234533259526182,1
0.01655467759805629,-0.2682958589423318,1
0.903343176383276,-1.7267195166434783,1
0.43740478988029025,-0.8939151040519407,0
-1.7847088364571828,-1.3560366512763635,0
2.458788439231146,0.8400880975032585,1
-1.2227080211538353,-0.7265835887962333,0
0.4099121347022595,-1.7870401437830812,1
1.5951905076344888,0.45664239866574324,1
0.33134373479998835,-1.2292499810792794,1
-1.6878574423562076,-0.9016468045197159,0
-0.1017820401661381,-0.11735466945425682,0
1.4382422063826519,1.3678487052262402,0
3.5263493891276756,0.5327102178746355,1
1.236861399976537,-0.9366542843113667,1
1.2880030166761005,0.0789116623950232,1
0.30052405912694724,-0.8387961857328962,1
0.5082389214143193,0.2133579290314693,0
1.4479817034391091,-0.8229588269967306,1
-0.0875406303142981,-0.2684696642778606,0
-0.8424856882122578,0.5499890824978594,0
1.2532299710100343,-0.038589032459820025,1
0.3472540450512039,1.597449834046132,0
0.20328326117155646,-0.3096367315057427,0
-1.392272405421275,-1.0397241692416481,0
0.44325210187266506,-0.3387800604978339,1
-0.33762676039051426,-0.5773138350157047,0
0.6687754393716929,-0.5964506912925659,1
1.0559164361922382,0.8108077127396356,0
0.4368914819054057,-1.6959829345088073,1
-0.794722883044982,-0.3045416304884378,0
2.1600752119812676,-0.22978354690518651,1
-0.7316614248700257,-1.2302634462688948,0
0.34825504962483045,-0.2241305913786546,1
1.020558463103956,-0.2624861157220683,1
-1.0745983645018342,-1.2445386320559588,0
-0.16642085905153992,-1.0775166224410702,1
-0.4948162021581189,-0.6848356777486144,0
0.5128287730068756,-2.1355482392762184,1
-0.3584737899977616,0.30668117870128186,0
0.3493719334117139,0.7273732213621195,0
-0.03693313120060739,-1.0353996144440452,0
0.7062361513330613,0.8352641966838722,0
2.418828967336945,0.6635306119333457,1
-0.2159037598683169,-0.20993735900250934,1
1.7585522657700434,0.3333921139468461,1
3.413997755225629,2.141663849319953,1
1.410344043445936,0.9627371589416992,1
-1.338014126641833,-0.5801712219893963,0
1.3876505384593534,0.32255035369501084,1
0.7095965483857499,-0.38654387465263673,1
-0.5701002875000102,0.02547324901017535,0
0.6608004275447028,0.4159682683539006,0
1.5627588090104516,1.3303420152035847,1
-0.4991658174450269,-0.17734453356148927,0
-1.1979330813915843,-0.3832053928212008,0
0.3404961031081317,-0.18175570917116113,0
1.3100886295398184,0.298591042433138,1
1.0410443579296416,0.4988159402915468,1
-0.4898554024321037,0.07813610938752535,0
0.9593271850768383,1.5153085743373576,0
0.36766666199642895,0.5453888331634941,0
2.179171802217373,0.8219032642827014,1
0.1391930387078677,0.29972635726627944,1
1.3169452828832418,0.35787127062950363,1
0.7282427731604102,-0.16541737333314444,0
-1.0550633572517087,-1.4046999880924298,0
0.6762594816137638,-1.1417338488924764,1
1.8924586255616616,1.042995687118075,1
0.971671377831208,-0.17777676161183859,0
-0.020998241947946073,0.3720470088256029,0
-0.39864522175133865,0.2948705011184639,0
1.0854217131122312,1.297449531072399,0
2.3316029379403687,0.8321287003217376,1
0.33324321174402294,0.014193960185991481,0
1.4823269743671692,-0.44795863344127385,1
-0.44829548661505786,-0.19679979392141608,0
0.6344501554845597,0.26195742829493396,0
1.5471809469262654,0.21776731241882813,1
1.2313138041406957,-0.14557608713047782,1
1.455823036511767,-0.3016768007555207,1
-0.19164296178819545,0.3591380355016312,0
-0.1000331884526151,0.39002111445589527,0
2.3936260646667757,0.0785552906230004,1
0.44664380203833676,0.16497668972034893,0
1.6103069599403927,0.501996945512485,0
0.550749836929676,-0.5696617980724314,1
1.3390360727847703,0.9938157404048497,1
0.6410362906491591,0.3575660192897511,0
0.40072505403737446,-0.22848167891976218,1
-2.2869482564693455,-1.077799481343881,0
-1.5165121054823327,-1.3878994063733623,0
0.7306208764078014,0.7742671431827844,0
1.614825845359563,0.18112211948688361,1
1.7523644301845214,-0.04188169132035564,1
-1.015091830459675,-1.4874471933112565,0
-0.025666946518780546,0.8028200326820759,0
1.8493991580106925,2.1206589992926896,0
1.143018145680034,-0.13678762190909116,1
0.3319720457032694,0.49542459985036613,0
-1.767137155835666,-1.6047069934889955,0
1.0310646238604562,1.5201799147033757,0
-1.4559381834868108,-0.470784110122523,0
-0.44851483509437984,0.11038443939291406,0
-0.07463563477404342,0.3514514794237224,0
0.47288792810835467,0.4261475229951524,1
0.5517046793211713,1.490457459541801,0
0.04643147868073082,1.1308284963140522,0
0.6960156380435152,-1.1391721528908902,1
-0.6402645144186025,0.36266985563794457,0
-1.6507345037481969,0.048377296598107876,0
-1.8586395400846063,-1.1404545331916593,0
1.95364239186817,-0.16015507476442276,1
1.6973396870879376,0.9774996821389911,0
0.23793160061809016,-1.1104369813936332,1
0.30675781125951485,-1.7082154264692015,1
1.6397316603831318,0.9891923583406688,0
1.3304514920380757,0.24840151498041863,0
1.1984805684986428,-0.12900967022069298,0
2.5057786637155184,0.4951307946022577,1
-0.16949063831633504,-1.0721220705080987,1
1.4166051327213829,0.7894873964911253,0
0.5238664177583565,-0.3229700221986314,1
-0.908312099402226,-0.2518212294718573,0
-0.12477839639936805,-1.5542198225905375,1
0.5813746946718144,-0.5366779389492912,1
0.09194946388133006,0.006251965354613213,0
2.346345409174411,1.1331829557751916,1
-2.351436470970795,-1.7715315249712011,0
-0.2909327619480979,-0.3769045420980383,0
0.5170410953498447,-0.2203302022740035,0
-0.7888863731773529,-0.5655698897070439,0
1.4333298586005643,2.0620091361590176,0
2.5999159740661515,1.409498710492547,1
0.6427705165055598,0.9915897799888868,0
0.27387801927487315,0.28393708685128377,0
1.7798535926808974,1.1664913238911465,1
-0.9995924349639219,-0.42657156667337554,0
0.32394028029545185,-0.756756596657888,1
2.7207527985467186,2.1093588640719845,1
0.6938993155709458,1.4526264114275218,0
0.2604642620201962,0.2848704417242395,0
1.4034565791718774,1.4842312504202726,1
0.9982713715677631,0.49000629618189,1
-1.1881075984415095,-0.7281896242462222,0
-0.5608272653867168,-0.0035792657227087655,0
0.18770595446037844,-0.2516617711839136,0
1.2292342942636891,0.4345480441961363,1
0.5627496804479123,0.0672328358141259,0
-0.7483583613771068,-0.916967903004352,0
-0.6914710954808341,-0.7492950029505449,0
-0.40825792409913964,0.5711048015177145,0
1.0305833772915185,-0.20709240827280903,1
0.7943471191930587,-0.7196883661000805,1
0.8004571919920185,0.12281432220873612,1
2.4032696134271334,1.6086518099462195,0
0.0012687797633907589,0.09909076650867181,0
0.8847204396466652,-0.2345393089324302,1
0.20266331714708455,-0.12705986938366431,0
-0.2890495823703326,-1.2778919793334922,0
0.288528125184359,-2.0733528701493924,1
1.9474429302863332,0.31016608635974496,1
1.4371307316878021,1.039916915227059,0
-0.09468805645449836,-0.30727762428453154,0
-0.05225336310226081,-0.032144835720281525,1
-0.49929458492650697,-1.247995309254781,0
0.24748178317455266,-0.10250428242411681,0
-0.4129819715746897,-0.9143869311967164,0
1.3264156613064186,0.4002696265974134,1
0.06091175615386665,0.0567469488061874,0
0.740965202884217,1.1136875595241704,0
0.5452687502838279,0.8034424948692813,0
0.4308245094553897,0.6960552983446165,0
0.40314516994468036,0.595290508952346,0
0.5589713672021642,-0.6698800377260041,1
1.7957232999155144,1.1129273619999434,1
-0.5178811812181372,-0.021546249259591504,0
1.4883065474313182,1.3210908476186765,0
-1.019912952029598,-0.9815119172916532,0
0.7019849916634248,0.4556723876674901,0
0.9702782911330818,1.310050306663798,0
2.232474824715761,0.6878880064988966,1
0.7590018443370702,-1.303727561057325,1
-0.9200062918538442,-1.8003401161247725,0
0.3678688917155248,0.6167818241484722,0
0.8702550978078178,-1.3803002011688514,1
-0.9839794102242153,-0.5841714418289853,0
1.5495376901378746,-0.6769278159309251,1
0.34482726897052673,-0.36415066050362405,1
-1.0604073459154075,-1.1763483353365611,0
-0.39115668404930704,-0.8462827036649435,1
2.3029295406104495,1.5511634807968926,1
1.83932966091828,0.299939997599398,1
0.5367801743872693,-0.9008438863559177,1
-1.2212301366141358,-1.664333810132398,0
1.9867755455163971,1.4060785787412953,1
1.5562238266787125,0.7410894807864717,1
0.5478931009808488,0.8479621618108465,0
2.652272718291159,1.461792851732423,1
-0.3475803006395617,-1.1965142518100766,1
0.8095774167991108,1.4164416403447981,0
-0.02738351475714196,-0.3058135941544168,0
0.5613016898142924,-1.409749795013236,1
2.3016761298682766,0.8728167314289332,1
0.022835206461701504,0.5666657653917316,0
2.2484215568331267,-0.2622334669216131,1
-0.9232216557330892,-1.1308854849392485,0
-0.3739764904765728,-0.605226332672979,1
0.3411795723605009,-0.7305023277308407,0
0.10034556948069695,-0.34493041837586175,1
0.29001454913753677,-0.15791042262730812,1
1.1843027306553253,-0.0026208518979877653,1
0.22119207647886216,-0.06418301356582547,0
0.952614740441378,-0.20516641959505616,1
1.6792554085583276,1.007594118306622,1
1.0210823162807763,0.195239636610523,0
-2.8292362470374233,-1.687619000804135,0
0.498833832330432,0.1489264297465745,1
1.4029124104884352,0.6994693120477904,0
1.587469004644452,0.3799122657884189,1
0.5478244881893224,-1.606101733531681,1
0.8459508859846387,-0.049527503150922525,1
-0.2431196986164441,-1.3365118565437069,1
2.251550884436115,0.9128377147127696,1
1.994152180006563,-0.2291686670412327,1
-1.2511928550888132,-1.0382367730751478,0
-0.9695963489793777,-0.8430360615341581,0
-1.549925290458572,-1.5438306930088759,0
1.6158241730981646,0.6277481369355512,1
1.0904513983859547,1.0564799058074834,0
-0.15497713854723547,1.1129911381532158,0
1.2344888126481501,-0.19095877595056132,1
0.4657143860530793,-0.49597894566579126,0
2.8261160457295675,1.6104588947671017,1
1.0949338363501806,-1.151216889607084,1
-0.9472695437782843,0.003779726238122419,0
-1.096072121116633,-0.5266739803463939,0
1.4951117392431794,0.24597411531169963,1
-0.39949290574024343,-0.7302806532543422,1
0.0864713663905693,-0.21344703503224807,0
0.750885240446133,1.0361180785483652,0
-0.7771942139521774,-0.665624350522462,0
0.34901476929985703,0.19967314353682708,0
1.078233750639279,0.4352828608864997,1
0.33110860921493745,-0.6689384513198268,1
-0.9110607112814996,-0.653867840335773,0
-1.7632332506997386,-1.574712582926187,0
2.4576615681067757,0.056217075493566096,1
0.7103997417937504,0.9664921407847716,0
0.8094768704532135,0.5028526906068079,0
-0.10862894280493128,0.10395312425549902,0
0.8041004296733137,0.13988370608563294,1
1.3525920600026082,0.8937450825122024,1
0.9207901349920204,0.8831877275377701,1
0.3040633818745972,0.23758345377760312,0
0.8910355704146795,0.5334505227156527,1
0.37948937679081063,-0.2677291769560055,1
1.2296003472531456,-0.11122600768800832,1
1.4789385873017418,0.7085409431735138,0
-0.5989787854177706,-0.467396629084872,0
2.0275602614676993,1.8443702358903817,1
1.0759295696166915,0.7618510851173343,0
2.6292458552961726,1.5332359841514471,1
1.6925763746856615,1.37051102881747,1
3.388274014775493,1.8070786402321122,1
1.9084686704104792,0.5047401128209628,1
0.7475008685651369,-0.2652108489859517,1
0.5480800976865183,0.8891119479195828,0
-1.3875978559920419,-1.7393019122784663,1
0.6648406623820327,-1.3149851357636702,1
-0.19966853194417497,-0.5255604327278437,0
0.2501123781216634,0.04738542537385651,0
0.4569098107850136,0.5306082800570296,0
0.018410961447271054,-0.49446050620693005,0
1.1688756517057795,0.552132895111963,1
0.1462066518857541,-0.1760779723734504,1
1.2288672756201142,0.7221201395217957,1
1.2701733088737144,-0.09677651177831298,0
1.464683576452162,1.4481965559558418,0
1.1303277589958483,-0.4451574298162992,1
-0.9333929302203507,-2.09653631906881,1
0.44732303397520323,-0.07480143342137824,1
2.087099605650328,2.5000114476982294,0
1.9222332819038077,1.0933272827310672,1
-0.6309568377700842,-1.8408544414846726,0
1.4005209752175931,0.33042403799533226,1
0.7748095574485944,0.054806943851193356,1
0.8514725009215185,1.141884701972279,1
0.7333674766448713,-0.8935840671313198,1
-0.13470818496704062,-1.5519000373881098,1
1.320658890440348,1.0549244423793238,0
1.2985276878673504,0.49300148548436346,0
-0.17796169184481547,0.08948670851865798,1
1.0036149064151807,1.6354291178574458,0
1.3083827842610278,0.10734083711942673,1
1.6506871328054669,0.3694349686132313,1
-0.7009982599383122,-0.8477007977461515,0
0.6186333275065566,-0.5318537343365816,0
-0.014180115768199192,-0.7679410336936331,0
-0.4123056150821359,-0.029580114284512807,0
2.2463784985710515,1.5208689790044576,0
0.37741087173962984,-1.3074310505158657,1
1.1055872707722358,0.6631487031891555,0
0.34592804195955396,-2.11927380977234,1
1.9781818109225893,1.1232077483070027,1
1.9048715409923145,1.5844959524107836,1
0.6842682925695575,-0.16690520039379875,1
1.5118116577430416,-0.38858235554130527,1
1.2061086984318468,-0.011136660844882872,1
1.2274460515940917,1.1759049846597402,1
0.7236593763346083,-0.43617162823264544,1
0.9146645984064854,1.3440396189655581,1
1.479358783519595,0.7068187954592202,1
1.140188828549768,0.30573345186498185,1
1.4317743546042663,0.9906105844370507,1
-0.43959986483170793,-0.0795325924393788,0
0.794202475265222,2.140537842401147,0
0.8014382684737872,1.3444306631935286,0
2.456627072647926,1.1894645805162214,1
-0.2941368091284362,-0.982808855988813,1
0.07395279483183635,-0.601468554744109,0
0.028169013105158562,0.1759730517775431,0
0.12565231423072043,-1.6463333361080477,1
1.2294414129656919,0.715945233711533,0
0.8838899150872744,0.19202073091850955,0
2.621377199026475,1.0856001693138742,1
0.24813491009351182,-0.6519988429611315,0
1.5177121191453367,0.6499759278840794,0
1.616522805693684,0.1824341030858233,1
0.3660967718762048,-1.584987085263241,1
0.6432279315675856,0.4084373851597023,0
0.3068586629816791,0.44314367309741226,0
-0.08072659115250544,-0.13654363826916255,0
0.34395549342579335,-1.592502611587264,1
2.6132445047216466,1.3574505277738116,1
0.3179191068436296,0.8334076510226393,0
1.0414095036685316,0.5163868255865988,1
2.803243753184871,-0.03349261435054922,1
-0.36254584135051565,0.22535403574844798,0
1.1797946646535917,-0.08005418649412217,1
-1.7968009248256178,-0.06843341641711352,0
1.684204755997426,0.36239888324987085,1
-0.30935990654819373,-0.3840595557187029,0
0.2466326430986213,0.6143777609560409,0
-0.008119761262684655,0.16081207912862605,0
0.3632887391580748,0.5231666909795396,0
-0.2846731126879028,0.34699142860550924,0
2.4154071284783036,0.6831244775430859,1
1.9215285661972876,-0.44772466727685156,1
2.0488561471327515,0.43834429597226504,1
0.6814841006547936,0.06309031483879189,0
0.8637234813833279,-0.004099838366147991,1
-0.35168059523351514,-1.5082309839699242,1
2.0276348341892447,1.0793944644692228,1
-2.0976582872484326,-2.279079567931661,0
1.387671605690039,-0.2585333790094143,1
1.158922944662925,1.4510918074668702,0
1.2443914582081013,0.1325452622086112,1
1.965496995274533,-0.25374986750526957,1
1.1282357725204855,-0.2244357405322679,1
1.7597492646661266,-0.5430526453820222,1
0.043787145915537,-0.14790971084798127,0
1.2912510045710175,0.5619696692170196,1
0.4366407908048233,-0.6592708526522344,1
1.3337191431634579,-0.6382664649289369,1
1.119016764906192,0.7752327137244626,0
-0.26989184070329775,-0.9427266718133321,1
0.06938479139710751,-2.197268857090347,1
2.4842709097528157,2.4151726050552553,1
1.717005866541777,0.5180914394370332,0
0.5402995350730307,-1.0899799936963845,0
1.025436984693721,-0.6805557843084107,1
1.1733908573628018,0.3608811406102719,0
0.2906429220393435,-0.7722621921711678,1
1.4078046008720266,-0.47040640666690087,1
1.676444810852678,-0.017488461574977313,1
-0.347588133714759,0.2632554863773636,0
0.9925987877575938,0.7125002208642334,1
-0.4350280420559918,-0.02694859947954991,0
0.998606122671047,-0.21850954633784372,0
1.7303389957950623,0.3116659377665212,1
0.1418695367981604,-1.912302042750254,1
1.3075755222054362,0.17018754068357608,1
0.1704410432710791,-0.0013680448743847904,0
-0.6611019382517767,-1.6468738870468236,1
1.325825254799707,1.0010301881478327,1
1.9692743795640966,1.042821151810596,1
0.672223542684824,-0.14247555587264663,0
-0.5704814367505557,-1.5066727708981607,1
0.08155889253208091,0.6575459384149882,0
3.2133760800000495,1.7474639243722592,1
-0.4008384896144587,-0.7614160242911245,0
2.2060123215600766,1.7392788199912825,0
-0.8044986163919973,-0.6793204716525082,0
-0.2516146576986997,-0.13114867243369493,0
1.7807865123925704,1.9081405848194752,0
0.6616496232640745,1.928616487860292,0
1.4528030181404625,-1.0010370708747585,1
0.09693396911120833,-0.8301589283006999,0
-1.7039322872487266,-1.1263778766355188,0
1.7033566117785668,0.7814220009473412,0
-0.7821228543531712,-0.9136992021882603,0
0.2121269878081592,0.7447643155315903,0
-0.8743689641844683,-2.2599939361536276,0
-1.6750617603834212,-0.41565058181661885,0
0.5370660200280617,0.5796391745909485,0
0.11903339491939434,-0.33597464580631414,0
1.6511076313726303,0.15084364702029782,1
0.3180654006266479,0.9203146847001801,0
2.3631608508595194,1.3833871764628158,1
-1.0521721902417878,-0.9965272150149647,0
-0.8255689188654465,-0.462610821606608,0
-0.5340103213474261,-1.7389801574300752,1
0.3368029462308726,-0.5693099055612241,1
0.8019662982252094,0.8835381471766277,0
0.18789827615414156,-0.05005434993882754,0
0.16730590223647956,-1.4077281006803972,1
0.2921609682149876,0.11843902984238901,0
1.1697723952723824,0.801282741580697,1
1.7471782441419328,0.2516644606333915,1
-0.21633422760196777,0.7787435937572812,0
1.1549803031727948,0.21285616311429084,1
2.344494383255658,1.0367413720214604,1
-1.2009936907987795,-1.830910223738897,0
1.2319680023521395,-0.8742628183092152,1
-2.1501027768655847,-2.780573804012833,0
1.818537630397889,0.3700313175708023,1
1.882472068075847,0.9267363811513872,1
0.9996163010731005,-0.17786706324551715,1
-0.09141857415141214,0.5433544505431228,0
0.15556522341586643,1.0098561953639136,0
0.9576245964614922,-0.7771197655730538,1
-1.332541991932068,-1.8556137963918145,0
0.16779963071911333,0.5711918205435789,0
0.7503407819767653,-0.9477445754400675,1
-0.36759664184072594,-1.2129482451948503,0
-0.2820517814964674,0.5916737548496765,0
1.8341253800161383,0.6031069443802287,1
0.9278628233483217,0.9594439281817136,1
-0.6014829355324377,-1.230247469628111,0
0.17566165857716887,0.5693631925315019,0
-0.629188529402462,-0.8147046654385628,1
-1.2102617689684758,-0.4789462856884445,0
0.3311243366569915,-1.0485914891122186,1
1.68033220148946,-0.6867998526946956,1
0.33311113207823995,0.8665078445369169,0
0.6455287594917101,-0.84717016364835,1
0.6115461194598374,0.43241130368470887,1
1.697971158490728,-0.0378695679543325,1
1.420086280155896,-0.1848544335810889,1
-0.3669331614058814,-1.088320411400876,0
-0.15357182927641402,0.12042012230660719,0
-0.19585466280480524,0.4031882224771561,0
0.7181385787765244,-0.908044782431401,1
2.6210891091764568,0.5425408952025624,1
-0.7959444876895848,-0.8361424655242141,0
1.090131300936157,-0.8693214007726437,1
1.313426735193532,0.23167155478562723,0
-0.4845058843426942,-1.10673258640363,0
0.32091985245081867,0.1584146196731781,1
0.2709863236079498,0.8837668109250427,0
0.26103573758768905,-0.3678169262802468,1
0.05383465781788388,-0.8160349906236108,1
-0.6731174465484699,-0.6043899877883441,0
-1.295999822039638,-1.840616736515564,0
-0.48598887730438234,-1.0392685220527884,1
-0.04837690901370095,-1.121307392571085,1
1.369149402368911,-0.28586817597685626,1
0.5520148291172285,-0.1545737047871134,1
0.7287943734183642,-0.5910550844545637,1
0.6781360401487637,0.14369423582016427,0
-0.8094672146885767,-0.07320590959451523,0
0.13589900956819573,-0.597646849606645,0
-1.3261087408337082,-0.5352088713065007,0
0.9862538335956222,0.05377315726743654,1
-0.1585210406043279,-0.1518847552277444,0
1.6286332095443168,0.6041238449070117,1
0.41131338292186714,0.1396714312121975,1
1.7598902412067068,-0.969750831012855,1
0.9881721372559138,0.02171613460332577,1
0.1979875332412252,0.5420239170190375,0
2.966669664693452,1.1506487502043943,1
0.7570824339372172,1.5740466003060432,0
-0.5918760021733167,-1.0844999703553524,1
0.4150571569756537,1.9106374111968922,0
1.3914150681982138,0.42913836026498997,0
2.7781391376764004,1.6810421408506344,1
1.2040576159797316,-0.7137606079706079,1
2.9989671849464017,1.2657255810322192,1
1.7445802280952154,0.5170126989579825,1
1.7485519994109209,0.8076078519579738,1
-0.3768740912593125,-1.3114430843618912,0
-0.2938742027480936,-1.4515161674604107,0
2.351687212733122,0.05282171713749,1
1.1592097930127594,1.1009505634511214,0
0.940678812320668,-0.3806720304129933,0
-0.2969764145301439,-1.090755820660739,0
1.256707848177995,0.22507920867610262,1
0.025539964021395356,0.021276676760868894,1
1.6161490399269962,0.05817905457096768,1
0.20411297067827458,-0.3315324002706152,0
-1.3471584522678994,-0.5363268184808566,0
-0.3363613335955128,-1.9714933869491553,0
-0.4573423952401908,-0.729145736035861,0
0.5025334593339872,0.8651156580287439,0
-0.19032865069467414,-0.4915404475017062,0
-0.35026100834970864,-1.964536179887323,1
1.7146225918343134,0.6458091953600746,1
2.0266894474145007,-0.4345215458509968,1
0.2545928724524187,-1.201128050789125,1
-2.553691398433546,-1.916012597014075,0
2.311363281994808,1.390771047403223,1
0.005121545200602019,-0.4840283144027396,0
0.16019052948728163,-1.1660357116714986,1
1.5660170540406615,1.0795017983066963,0
1.1690136865623275,1.0453917933087773,0
1.4661788642368663,-0.6563083688118835,1
0.5843853345235654,-0.2728123527986983,1
0.8965309591326854,0.8608716039923175,0
1.6567752494523695,0.516094231694155,0
1.510954602470896,-0.22138284479160336,1
0.6773937476164892,-0.89362129857487,1
2.003186555906589,0.22072909688607126,1
1.745919892714473,0.43481104757115047,1
-0.9053757426780802,-1.270122589765805,0
1.0924221921012707,-0.19195550130830022,1
0.7702231545630495,-0.04696357813158685,1
1.133020073379761,2.533259968640322,0
1.5031378137533224,0.3511191982146621,1
2.028246838615329,0.9532698530009027,1
2.0246354022771493,1.1111294344365605,1
-0.5310911506505288,-1.9662646901357708,0
2.2429975934044393,1.2649992020890723,1
-0.10755371603908914,-1.2162801999818424,1
-0.5277605004715549,-0.5488630263537843,0
1.6932101615549249,0.7765558864533653,1
-0.01939757959358078,-0.7701216847649522,0
-0.42601502540790515,-0.13934139198831072,1
0.5306415665821027,0.11651277700243413,0
0.7863662247614348,-0.5260959607537736,0
1.7991946549517708,1.6180982936755124,0
2.110822003544051,1.7055625813073239,1
1.7138162626974711,-0.19716869926454295,1
0.6174357247713133,0.15240487696703653,0
0.47688049811720157,-0.800629762706505,1
-1.6954113603761802,-0.8832474657974554,0
2.341141131089816,2.2966191592465743,0
1.5990575405687966,1.93818372077317,0
1.4548899997393505,0.08427748384732396,0
-2.580201446649251,-2.831722057823566,0
1.6188314019736008,0.48959826120833094,1
2.6561497434291317,1.9599707191443108,1
-0.7636886657276986,0.02360579599338655,0
0.5784636141036619,-0.6453398831566287,1
-0.42919038663058384,-1.5578711579200255,0
0.37430428261202203,0.5791445087396516,0
1.0504815827658252,0.7827538103849457,1
1.980084094428278,1.002789639953524,1
0.8294512317567119,0.922269163115245,0
1.108538173978407,-0.08669182550239832,1
-1.649636549168479,-2.7262740487814665,1
1.5239591193864,0.12285657341489342,1
-0.022648857240109864,-0.24128343386160564,0
0.07678167016794016,0.5003938320490235,0
0.5362860241388895,-0.13854059173851713,1
0.4449848757075545,-0.05799790192559137,1
0.5565074996484402,0.13726752348148677,0
-0.6125578138323637,-1.8955600795835954,1
-0.543588991918389,0.14831854507125067,0
-0.4689343862570719,-0.1332691034703295,0
0.5172185984407748,0.5810057311073982,0
1.4295092155380136,0.5856818627267409,1
-1.597843407186387,-0.28112056584652034,0
0.19324247086554258,0.046162279358799595,0
1.6438767547515931,1.1003240730204062,0
0.3135428981139418,-0.5103937178518043,0
0.06033275839284569,0.14133858819574058,1
1.5958315539336227,-0.37602824939624246,1
1.1124119213820551,0.5697267185033169,0
-0.3238741384441491,-0.6141994071186899,0
2.0614116782992786,1.6843790444856017,0
0.1744211278676535,-1.3171945872171635,1
1.868124568640972,0.015230495718874202,1
0.6080740612895086,0.5440312252684986,0
1.6956143789524045,1.3296370899665613,1
2.105563211530309,-0.15386515277171164,1
0.45271490427451855,-0.37239843972367903,1
1.2604412837471117,-0.1351755339803269,1
0.5684801012952303,-0.7083826219773306,1
0.1039294724597788,-0.7760150286214899,1
-1.6457054990528666,-1.4754969950406989,0
1.1402256053440394,1.1678498359802518,0
0.03747073552129002,0.09996743308413245,0
2.133655588837115,-0.23557123407098832,1
-0.2750650678086486,-0.22098025466002913,1
0.29190010331835536,0.6371744016358523,0
2.025409641283604,0.0349776883314023,1
-1.40209672331519,-0.2404853378319596,0
0.6439418643581721,-0.7080205730229049,1
2.0524655105246286,3.066573797482644,0
-1.413226067709968,-1.3057023381894954,0
0.34758340983712616,-0.6095695649877674,0
-0.010573784796108066,-0.11413881828320264,0
0.637949254784541,0.9618062561033173,0
0.2804137030828692,0.14244892402578074,0
0.9684183559368837,0.4036434374560282,0
-0.9909889098791063,-0.07781355220135355,0
0.5318922764043668,1.2041803956118888,0
3.173514693186818,1.4740974809306926,1
1.0380255767175066,-1.7767654728558175,1
-0.6911056749805916,-0.3291332921506718,0
2.5960378063540426,1.2593783533831482,1
-1.9243913178617953,-2.25809878769013,0
0.7981396786997654,-1.0128382185090246,1
-0.9119147847192309,0.3335052953363895,0
0.3859212478496866,-0.7720640449454982,1
-0.7333896887499844,-0.44676821452741894,1
1.3200428143774765,0.7638447049621357,0
0.6985653464125681,0.5835930293289373,0
-1.9133189705986775,-1.0715010785087045,0
0.32695733036145735,0.0848735937620299,1
-1.7837168355567268,-1.1902643709078802,0
0.8651115954387703,0.19400582416521947,1
-2.9114845271209027,-2.012375043844349,0
-0.5963303494361107,0.0319346265019862,0
0.9701849753945594,0.9398788647008872,0
3.086951618107821,1.5513755291500435,1
-1.5775433733078192,-2.285083689671821,0
-1.2633597917468216,-0.28940898026892425,0
1.8099073502722522,0.9020109289118582,1
-0.09573931554939058,-0.7044997803981262,0
-0.32981770786211817,-0.9813185918370408,0
-0.07671397920659073,-0.030074114430501148,1
-0.4263382309931014,-1.181257501062946,1
2.0309060904783403,-0.6755508495308313,1
0.23852422808987808,-0.5573041214238839,0
0.1269701238692249,1.1171366814027202,0
-0.05254988456749834,-0.5955515066655587,0
0.8940577807320653,-1.7058726168884135,1
-1.4781851925596938,-0.6201013161121505,0
-0.4451711343102028,0.9806319845380294,0
-0.37257146603639335,-0.651445045385395,0
1.4958371616956823,-0.00556358617835037,1
-0.7445594248002432,0.2718650517522676,0
0.9468789816464334,0.7116477208144923,0
-0.0689615668788727,0.09519248686125914,0
1.6193005161648577,0.7315118009800016,1
0.9324645292566326,1.2666047176412358,0
-1.1641402269933625,-1.9663691723213175,0
1.595010023923071,0.0276260916890325,1
0.8919309937233526,-0.06867620704749858,0
-0.6429671632690197,0.9436889794376563,0
2.8131067298995607,1.5315879775662589,1
0.5991414836180086,-0.20174704079268352,0
0.028434409511381355,-0.18437468496066572,0
0.33241428629672876,0.4504113024195193,0
-1.5039512812075493,-0.017567772242835934,0
1.4184275183243416,0.6056518827840511,1
-1.4331557322538824,-0.9170458111797669,0
1.6965235055265973,1.7349978971370346,0
0.19267753569914475,0.1632740440924851,0
1.9932172694820218,-0.018704861834547396,1
-0.184184935930501,-1.8543445315746527,1
2.316728291513585,1.4591243123631954,1
0.8127568490918122,0.7445602349100766,0
-0.3919190299447328,-0.7709479958734987,1
-0.851468685094688,-1.2327582852859285,1
-2.263394158211798,-2.0896248332714347,0
0.2247685417804095,0.9232144426634371,0
0.7756604165296823,0.38014087174327404,0
1.128632516737431,-0.474700179085861,1
0.7110321772345607,-1.026979587731932,1
0.2798331584613358,0.6425137971956123,0
2.462514761428436,0.9650661738717207,1
0.42333990113912967,0.40690914963399194,1
0.42736113566179,-0.6525131427358007,1
0.5052409291104529,0.9227966712031526,0
-0.4642478835244918,-1.1461397563125337,0
-0.07319998142827991,0.4165800055683699,0
-0.4118143840746784,-1.8234821621437212,1
0.1705640772235718,0.6955034702320312,0
0.23663987651868104,-0.5060478527362877,0
-0.20639119210843732,-0.9456133428779505,0
1.0926875898558137,-0.7727218691119038,0
1.8549393851573655,0.20186424133053193,1
-0.9167836340177348,0.1651875629749872,0
0.08840197878667033,0.38352669295399117,0
3.1755316104906743,1.2570418678075292,1
0.28486984542249727,-0.1249119601325174,0
0.2568011512795042,-0.27816527641908895,1
-0.3752270453751856,0.05292599705087259,0
0.7822543119801746,-0.19956703154572056,1
-0.7572278459229634,-1.5273491712533809,0
-0.3497765823629637,-1.6729785940701585,1
-0.32160384646906653,0.3734509876211734,0
-0.25756285285139247,-0.31864626340210983,0
0.3569111511652244,-0.995743504296185,1
2.3678419830637667,1.4480861376347205,1
-1.4031647509910814,-2.838883885926463,1
-1.062589032265531,-1.9588456944663055,1
1.6352902319583247,1.5709745163530455,0
2.1569838117295634,1.2989338741148826,1
1.338707516875238,-0.18478161891099693,1
-0.576213283083562,-0.21043928300616005,0
0.23428759472991006,-0.21901808854222352,0
-0.5346358216926795,0.5015974470394555,0
0.9936506105816981,0.4687760575551214,1
2.785088929906661,2.5305897569800737,0
0.48970782101323523,0.3961724688262513,0
1.1453819542993557,0.9512111066701792,1
1.5530014855953704,0.8991305048504468,1
-0.16316399345543783,-0.8850481944996546,0
2.2676397623219438,0.8578150401947223,1
0.26357981001417935,1.5879269248786578,0
-0.32413803731009594,-0.2124707618055337,1
0.35606111653878836,-0.5456312365634388,1
-1.0130431168844665,-1.5701743966444481,0
0.9595889221892325,0.2682283621657522,1
0.5877303971171997,0.16294985055625558,0
0.3307296010553263,0.5002665071069266,0
-1.8980141662636483,-2.952223426217852,1
0.3876215418748289,-1.113724814659851,1
0.11618838458504001,-0.5335788800727934,0
-0.35579616446413564,-1.1482805325951801,1
1.1282322166699377,-0.9952481141243167,1
3.1484742268225494,1.704516338961011,1
0.9157811195429861,1.0261461513773085,0
-0.8211248938584998,-0.8705435335964217,0
1.7928998221811479,1.1135505215467238,1
-0.37863427941843303,0.056566280593717426,0
0.10462277757486686,0.3202412561974431,0
-1.8081590957480824,-1.4751571960557905,0
2.930383987269442,1.4758399360883694,1
1.623964771560008,-0.8229146994982321,1
-0.6387322835099164,-0.33268993963769933,0
2.2404587732265933,2.032572871917027,0
1.0139153304746997,0.04305732700492924,1
1.43549976146119,-0.6107654538844924,1
0.48563014452532316,-0.3134024171866705,1
1.1466084946967912,-1.2331947679750968,1
-1.1890261998952423,-1.0759836428153715,0
0.6733184020683086,-0.5528253322273584,1
2.525389033398266,1.2039493510038337,1
2.3270189154091145,0.8464237585830579,1
-0.9171499140340422,-0.8316702011097648,0
0.9343163262415722,-0.8292993329244536,1
1.346909273722338,1.2631799222916322,0
1.7431877343752409,0.047008667712539705,1
0.6640453196474796,0.2078326043703814,1
0.11403287985230179,-0.02809006585347115,0
0.5066713096994006,0.9588256977606993,0
0.24068393817613398,-1.1712964971883757,1
0.325296447893494,-0.6569187892565984,0
2.555745404925151,0.016957099536716234,1
-0.6649151226805159,-0.005316828793904817,0
1.2824990723334886,-0.4594485534367221,1
2.0602743487470687,1.3161246062393008,1
-0.4289366618405183,-1.5766739976288235,0
0.7904871176960558,0.46654897436586085,0
0.9344241059281103,0.39961384765587815,1
1.555590257699449,-0.11715147674215569,1
0.8972940762455663,0.7734343147626732,1
0.11925501446923617,0.052378982908172486,0
-0.48379051302580645,-1.5504854001920156,1
-1.2800462639057828,-2.297429468977961,1
0.12280077637941131,0.3754456194055973,0
0.2283856753665634,-0.8403747712559608,1
0.5584582240266976,0.9264743736056124,0
-1.472175585690495,-0.9310534756524976,0
0.10302164002357171,-0.47001317635083983,0
1.9047250294528997,0.851419633878809,1
-0.5867791789959266,0.8677787926643776,0
0.4738489821781424,0.6326282000213888,1
0.6649571857159706,0.9516355494238444,0
0.8855198098933388,0.6516905877545405,1
0.03812261655428273,-0.11774706898265368,1
3.609302060449033,2.139994146829919,1
0.9680263929113588,-0.33361904519401114,1
1.6889815005612203,0.07065990612972844,1
-0.2820401473249467,0.009559850232699625,0
0.5514586868053454,0.3701352294025711,0
-2.3396888706504835,-1.9890939180153042,0
-0.4044590809313251,-1.3151242669747214,1
2.959974424538644,1.5131332655273975,1
1.394770576774507,0.419666593118925,1
1.841754872088654,-0.49501941122884924,1
2.251273853656139,1.4185753062109723,1
1.2489506100147325,1.4828893482378787,1
0.32299914372747085,0.35358745737332964,0
1.9484044350068408,-0.32393461796275147,1
1.1674855379373565,1.2776583646226543,0
2.020715533952948,-0.04068795507932932,1
1.7715326022433253,-0.016494998126287297,1
0.8888538954299813,0.2918527330026159,0
0.8845221306179814,-0.37163910646132853,1
2.3781761232871816,0.648835583033965,1
0.15453369660785155,-0.13077118721643338,0
0.30195408674725227,0.7656774502204728,0
-1.5862737829647628,-1.3658570643652688,0
0.12092897532852637,-0.4320725319190011,0
-0.7977612668088411,-0.5371279488304976,0
0.0632170634665083,-0.2279462922328063,0
0.2301992381717497,-0.41628924489962105,0
0.8436912606550521,0.3570634195295878,0
-2.697902175299353,-1.7317774922636866,0
1.1961608602381497,-1.0511033549773379,1
0.19058302442679895,0.8161440538746164,0
1.0386481824238771,0.5595098051276692,0
1.7376923064611498,0.21685887706026885,1
-0.08970416700055917,-1.4288236867225221,1
0.7054928080581642,-1.1833721854497692,1
-0.3744618608405288,-0.3450957680848416,1
1.0581412337446743,0.7044810424666332,0
1.2892306362487034,1.1875097739185874,1
1.6731920783930025,0.5634505357861598,1
0.1056972699521976,0.6222837538193065,0
2.901642263830701,1.9246367587018058,1
-0.9927701479894511,-0.6108151431876924,0
0.1192913312200362,-0.7790340116837949,0
1.3476975989365043,-0.9302542358156066,1
-0.9985250260874297,-0.8840296928444018,0
1.0091199329002296,0.15138979826782561,1
-0.7445959629022083,-1.2191212752665987,1
0.9810982613517558,0.7843384385189014,0
1.1776790705861913,-0.2896235841710132,1
-0.3346331125374029,-2.5405832662826007,1
1.9786398381005288,1.115931494388759,1
-0.7443706223695061,-0.8509227796413654,0
-0.43699499960643773,-1.324581173836872,1
1.4946306020088138,0.0480050375532231,1
0.3715031605653567,-0.03780263051156035,1
2.0176834792539258,1.1725409292123117,0
1.014387913486909,0.17046040102141763,1
0.4077806132445009,0.3565657840474814,1
-1.7524976186652332,-0.9412930298852528,0
-0.6413747548837672,-1.2480721186700972,0
1.6056266176401517,0.18926060818077153,1
0.06543459413750444,-0.3246543271004093,0
-0.10658489219577728,-0.5124909834636723,0
-1.6692754958681177,-1.4946501093988485,0
0.605024015232153,0.5468470385673065,0
-1.7093910871318483,-1.39727527324631,0
1.025078892995957,-0.1901770501270399,1
0.8855999353355195,-0.07364129111924933,1
-0.608446334689444,-1.7232190099625029,1
-0.09370833965166005,-0.6248617977769487,0
1.1641712475370989,0.1657002656927036,0
0.5576518222203936,0.20943745459857466,0
0.6827857365218958,0.3511911201380956,1
2.8055974297509234,0.6087445110027007,1
-0.2516337067437496,0.14654684325654516,0
1.3433577928863847,0.2878636466683628,1
1.327872243271617,-0.22838422849178514,1
0.6021386448981841,-0.4718417354731315,0
-0.34336196628529353,-0.7254377472768916,0
2.086668581933034,1.228735989403938,1
2.429792426996935,1.2580123123868057,1
-0.40766356300161616,-0.3202333677427956,0
-0.34723297807461667,-0.8560762906005345,0
-1.7716784493699356,-1.5788498745943085,0
1.7291127884087452,0.6428157225931005,1
1.4982815955932325,1.6849790110252831,0
-0.4452569013839538,-1.6509808933725107,1
0.7973631942802257,-0.4630688514928607,1
-1.2053117200488075,-1.1962285948827116,0
0.48923825822735406,0.9030005631321453,0
1.9317280156976708,0.5401982768059442,1
0.15760012212183253,1.6104600716954,0
-1.3521934114520993,-0.8051887208897666,0
-1.2080680028098372,-1.1940058974302945,0
1.6802212663847274,0.28778226215530145,1
-1.9892578426673888,-2.714871033790552,0
1.0857182011622093,0.9630386628620166,0
0.5848220763622576,-0.06740435411508533,1
1.1658302383965151,-0.24954838423694614,1
-1.9810947397609968,-1.9045611067412398,0
0.27352618453892913,0.05746416802078085,0
0.7599901792964159,-0.0489366596584988,0
2.490480482518659,1.3122713415313358,1
2.648854166192292,1.053144751771622,1
0.7176366844019002,-0.9080024360579236,1
-0.12871855030373358,-1.7980955119151583,1
0.9843269841247203,-0.9563865656817145,1
1.256260593192461,-1.1835028937000411,1
0.004100778607009747,0.017155177751801004,1
1.1326135976465799,1.3066248400861713,0
0.08996288135326158,-0.14702770565241094,1
0.03970547092107009,0.12177017546111411,0
0.013946497057102825,-0.694765627816703,1
0.6617672552436342,0.5087035634152004,0
1.5313431033767881,-0.030899136007098246,1
-0.23224205669256306,-0.8214687896981323,0
0.6305751942362023,0.2718709065495742,0
0.5002028716146381,-0.9251308628428665,1
1.3271857230689066,-0.06580743437580265,1
1.491415553577999,0.25540496228608983,1
0.13752671754542645,-0.2374523840678376,1
0.8063518909888452,-0.02260544582193197,1
1.1581825236699137,-0.45297814024935307,1
1.9219198235359514,0.4033329306677137,1
-1.3467409292597448,-1.3326056431383493,0
1.9884540203527905,1.371834077212085,1
1.085799861878714,-0.5532935341996273,1
1.036347490763595,1.0770175892030889,0
0.10047053391092442,-0.9160193123083994,1
1.4317614796973588,-0.26050807734722026,1
1.2590303807130887,-0.5416322629141264,1
1.2386311905431713,-0.19241404279453647,1
-0.21531808810553055,-1.1377144775757162,1
1.1691086359299494,0.3458844177146543,0
1.3239344936019695,0.9210104137126452,1
0.2471232941451044,0.7463810595618162,0
0.46363580941076366,0.626174948137495,0
0.6415196817288028,-0.8857524840892874,1
1.135615355868704,0.01026192852035722,1
1.1875104754716599,-0.02450686701406876,1
0.10018538341660338,0.2435924021729701,0
-1.5010401889421228,-1.546662491184154,0
1.331479347057077,0.6805685949538849,0
0.5963743584257648,0.8948046225722288,0
0.9058217659996242,0.2854197472643548,1
-0.9878911897673117,-1.0642795008819144,0
-1.2456981939458949,-0.7161398649673756,0
0.954810009524699,1.4145598868937255,0
2.1190880146385327,2.3024831717712617,0
-0.18803037828847105,0.3884548710937444,0
0.8457921293770251,-0.9313432226047753,1
0.1974877212415171,-0.511955958905997,0
1.837115791747019,0.3453150449660968,1
0.5522059762026004,1.5357556611574428,0
0.6408624179318392,0.9953017454676261,0
-0.5293480043502348,-0.6080795433783623,0
-0.3250282915213987,-0.938549336531285,0
-0.45132078416999133,0.14096285821240837,0
0.7752493619421444,0.5351223276194965,0
1.6935157128895848,0.38993280460119195,1
0.3370404050289464,-0.13288467034617374,1
-0.08729968814064007,-0.6532531828978835,0
2.2189962162424117,1.9210928609762228,0
2.113522550194289,0.9400777851221234,1
-1.8969181821069205,-1.599866719908491,0
1.682950857144558,0.39070959021326607,1
2.014306815611061,0.06499332579473856,1
2.2744948673700978,1.141677002911833,1
0.505247485066566,-0.5916838904166006,1
2.784115370911688,1.9127450856570112,1
-1.3625985863094452,-1.1943593320970467,0
0.6627687255461194,-0.38787861775765065,1
-1.6493961912459925,-1.9383388422232748,0
2.9654324613427785,1.7945986255484139,1
0.17020369698279622,-0.057603314544133116,0
-0.7754115821937962,-0.42447744172192853,0
0.7931433415169624,0.2718059065584607,1
-0.2660092078895359,-1.3647063163143711,0
1.170971041400018,0.6094628866020574,1
0.6157345629136148,0.16937307142769376,0
-0.7068802239835614,-0.5002386963134445,1
-1.595833821634964,-2.1622734637164776,0
-0.17157076932815607,-0.5218933879397141,0
0.5442338564366422,-1.2247156647356876,1
-0.7264006811911615,-0.34870088354836604,0
-0.8242652352417562,-1.0232900858894018,0
-0.2646069827290959,0.038997862910326975,0
0.9131274135574027,-0.43389917280939444,1
1.6227382420488041,-0.4611992609083351,1
1.191205648631488,-0.2942529653355802,1
0.6188744126906088,-1.727914953674604,1
0.3810018933322362,-0.8095751557161958,1
0.9557445649883836,0.06863176910118313,0
1.7256129123184376,0.21870906185678857,1
-0.07384195679852373,0.627087758491913,0
0.6380928058300772,0.34149065611905,0
1.432767463806552,-0.17630308708806547,1
0.7047316868271497,0.8084811477293126,0
1.4069924846927635,0.08818573128159153,1
0.4134004138552479,1.0837630409420456,0
1.6212773762913555,-0.025720112621348806,1
1.0368375723861103,-0.1214609333852627,1
1.025938214962781,0.024186063621494506,1
0.1728364000555322,-0.18500212400805782,0
2.367617502173709,1.1540765336782048,1
-1.9476318721228478,-1.1506871673153656,0
-1.2942746281434883,-0.006646340051878967,0
-0.7746283094155283,-1.1705351987945827,0
1.904363192009893,1.2590415724233501,1
-0.30100892548230646,-0.19711210513310864,0
2.1830865442362435,0.39074654918826796,1
0.4880903399807844,0.18177991125076004,0
-0.8671474171534912,-1.6288622673734485,1
-0.9720031279982467,-1.201304811844933,0
0.9206711877589332,1.1380977185447032,0
0.5443386191532835,0.027661510019952897,0
1.1467932891903887,0.9571901891368342,0
0.6134017234566027,-1.7768936994280917,1
1.878264329427255,0.7856537132514362,1
1.0961759424061883,-0.6480336573856261,1
1.1197364939109005,-0.7114314939022937,1
1.6531308678550194,1.3442387414509123,0
-0.822471485513383,-0.34441860275747643,0
1.5840888257943542,0.7903691595189772,1
0.759353333221864,-0.3717828726325431,1
0.08450719717502604,-0.42867007414346153,0
0.751778009409545,-1.2935803657639853,1
-0.08597787703667237,-0.6707625932525285,1
2.4768535943487233,1.025995698580451,1
-0.46726062668737983,-0.8874217012403316,0
0.8561851753573716,1.5800373001322487,0
0.8464913215779317,1.38123016070524,0
1.237868360009457,-0.8277098508465116,1
0.5822538009554612,-0.9722162644835307,1
-1.1744117695214142,-1.6367884889168232,0
0.6696720160009672,-1.2228416517945042,1
-0.1350866359725631,-0.6557633077453547,1
1.0834726479350967,-0.3839958083786709,1
0.22035751623538055,-0.11193874096703472,0
0.7572353952341351,-1.4630383526918365,1
-0.27537843367185055,-0.6633537468795938,1
1.2421886811674034,0.2168601522841136,1
1.2073566506060867,2.393631317238531,0
-0.37502391114581246,-0.6474792353860862,0
1.4691407579599325,0.4803102308305575,1
3.336864409403135,1.4733993348093402,1
1.096955398561921,0.018461895329088384,0
-0.40113608498968706,0.050998903799569596,0
1.427757550670174,0.6743457413289582,1
1.2142908345515029,-0.30916979852530013,1
-0.35319313052232465,-0.8368550850537355,0
3.0985405967367754,1.9025443527169479,1
-0.36317028935658624,-2.2102416721127627,1
1.8958921832569078,0.950318454488304,1
0.12886559656930582,0.14656178219201926,0
0.7027896310404191,0.6004822692443104,0
-1.2999151829824371,-0.287914961384885,0
2.0663421802905093,0.23118194360730687,1
0.017387030765401157,-0.6906341730907273,1
1.9425018770270763,0.714258147168386,1
-0.22273182692628518,-0.4130129285833032,0
1.4239058929278754,1.0207385764918704,0
0.5657038000290818,0.06777304353730135,0
1.196242739254057,0.29028470302691534,1
1.7838103281275972,1.2710678928802028,0
-0.7247386058355489,-1.4431543807500509,0
-0.03882372924616152,-0.5279838025368718,0
-0.008712337753654476,-0.13062320790516427,0
0.4933892106116575,-1.21797827923116,1
-0.8782177913308364,-1.8270844782977165,1
-1.3992153018555005,-1.0934934888813608,0
-2.297019883500943,-1.468229725552055,0
2.616864611202386,1.0567448975210108,1
0.8055153843198846,-0.5045544690604713,1
0.6683195634406812,0.7161482697297185,0
1.392332544712006,0.1804371746317973,0
-0.7410164301293987,-1.5447708840052052,1
-1.1355847154140344,-0.5567318102180422,0
-0.4367007957314552,-1.6983707101381675,0
1.3063378297844523,-0.4359997901585747,1
0.8788085636208899,-0.338231367894169,1
1.4938837035077965,0.6963313660565738,1
-1.7856020128869214,-2.5867379582109433,0
1.408544074092594,0.11299514131349979,1
-0.22617125020615214,-0.9308379317953046,1
-0.3596976440637256,-2.0507165183931795,1
2.4372154436824642,1.5435331768267584,1
-0.10196931192378855,-1.6491031955130546,1
-0.5226691128309857,-0.9777170455271964,0
2.733291813833132,1.209632156156699,1
2.2276084472344078,0.8552178192889316,1
0.5123457855655335,0.5028380691062906,0
-0.46593140350407886,-0.7994145977177304,0
1.3957866083643513,-0.010299580607533897,1
-0.7392156548560761,-0.9359020785692997,0
1.961767655909782,0.7444470071223881,1
1.6420560840261653,0.6239130233710767,1
-0.269998756676739,-0.06792690111150516,0
0.2735527429086987,-1.7184259089807055,1
0.003849953610476353,-1.7975135393333685,1
0.6938128250298817,0.028223629278049375,0
-0.10393663333667483,-0.154620265634085,0
-0.33296203280148273,-1.0286279506526572,0
-0.08290040390706024,0.15638415284384277,0
0.25311552150008887,1.4260428322188083,0
0.6343577324414867,0.7775798150025675,0
0.0092572647805553,0.29148968244542117,0
0.7523414221164779,-0.22282253468501328,1
-1.224862876060969,-0.4302885725588767,0
0.5336827963167564,-0.1441380270180713,1
1.9640435614915175,0.1946795705734852,1
-0.12218059661159741,-1.1868003860082024,1
2.0590974679602883,0.9708279092373013,0
-0.007810892103378153,-1.4618234847742044,1
0.576085748867186,-0.06315420702691216,0
-0.8844455717885762,-1.2649929320861202,0
-0.7087665937053386,-1.2951570395841832,0
0.8035251074759864,-0.8180293059293906,1
0.3719334639258555,0.2750308290994372,0
0.94288008873382,0.4388726808752777,0
2.8186334895301695,1.4698216652907452,1
-0.029153015900743456,-0.4554996733815587,0
-0.613916818125115,-1.0606405769861664,0
0.023976072794006598,-1.6138382517098087,1
1.3106566353435858,0.4877790105338451,1
0.3654255119940046,0.48868096013035905,0
1.878091613547799,2.429865564258456,0
0.9128803322968231,0.7266945268466523,0
1.2436833546947557,0.5819218339715835,1
0.2781493551959694,-0.8911042148566145,1
2.4194935963730213,0.3363728592851012,1
0.16258738332471537,0.23261192267914235,0
0.6233022850104466,-0.797966025317718,1
-0.49646100990183595,-0.43776534334541584,0
1.3955681320154811,0.23417414397986644,1
4.126228722192989,2.3670082896774476,1
2.8201309783156603,1.8223216900156098,1
2.6607795149170794,0.9365276710322735,1
-0.8536284574823435,-1.0419474842885115,0
-0.4808929616380695,-0.7424486107517365,0
-1.3252472441217649,-1.420896582459895,1
0.6676720615776498,0.8306462944495834,0
0.3769570205524766,-0.236358702743903,1
-0.161131214789198,-0.4752664445377654,0
0.5929234473322957,0.2991648326784383,0
-0.3119922122473194,-0.021650785090966334,0
-0.3318356102149784,-0.005762512199987815,0
-1.4513911008367393,-0.9974072439712323,0
-0.06321158096694518,-0.06553132744370173,0
0.3726323944581255,0.4307494289917289,0
0.18203973100372384,-0.2870756345147956,0
0.25499288236463924,-0.12060254962559963,0
0.330235703043157,0.3774498855321376,0
2.3578115596496816,1.7923344035432596,1
2.05848764431461,1.650006564159781,0
-0.18155426501101626,-0.11332374327983459,0
1.30362866680212,-0.6794167818826687,0
-0.3549260006798277,0.015515068102522974,0
1.3779316153270682,0.042284229461613886,1
0.5531672947411687,-0.15078714483469968,1
-0.09921477198022675,-0.5180123458936806,0
-0.6781084178445395,-0.4593970362119849,0
0.7667899304116967,0.05230813148501635,1
1.9023086653251422,0.8164338545098868,1
0.9250604205656392,-1.1470907399078396,1
0.8996969642362741,0.5635008656887485,0
1.0381734333442572,0.1737182383536302,1
0.21871325234313746,0.46451400475491195,0
1.183067066070535,1.171036660597426,0
0.664656575102174,0.8753167875130753,0
-0.08577932466724357,-0.5007501764500787,0
0.06238011212927863,-0.9775045263632881,1
0.1840778371175459,0.4428402250503525,0
1.320316029131041,-0.8646927130395751,1
1.0023799484232954,0.2807416520453653,1
2.2242611095627187,2.9695100341782545,0
1.7020563246479468,1.2574900873757364,1
0.4782239021943919,-0.5738548431473557,1
-0.6507406785832873,-0.3358463940395325,0
0.3096647653195924,-0.3357631459031983,1
0.5150572630858902,1.0371584197986077,0
1.8642703765012212,0.949430264900417,1
-0.2085231548480373,-0.4891202659954343,1
-1.7597343377705752,-1.0245964042787132,0
-1.2749493363618456,-1.1540494251599347,0
-1.7027319186953835,-2.794952468369253,0
0.22205172153501868,0.2679450717685625,0
-0.6183037609825818,0.20657566774587832,0
2.0508618796817055,0.34509248021758976,1
0.671671972868783,-0.716517521618511,1
1.217766572220671,0.46221747242185296,1
0.6753794517453654,0.31602831957862715,1
0.41144896396761343,-0.1724967636675258,1
1.613082608281919,0.8103009458467088,1
-2.321998729907576,-1.79355134173704,0
1.2036361894917829,1.141616557790295,0
1.4561416623405918,-0.5957754269866575,1
1.4365084393015382,0.3511147883683291,1
1.9926687344609335,1.4752920048927067,1
2.217944516576849,0.5582482676955696,1
1.9396172445801296,0.11711243080957316,1
2.484051276461246,1.02369138656883,1
1.3742870451114293,1.2834016434225384,0
-0.48646086625723184,-0.9181279234567291,0
-1.2884284700044775,-1.563041995567112,0
-0.2288606072613525,-0.37766036450416457,0
0.41675389928077294,0.271704953712667,0
0.662738119731124,0.1226769464773322,0
2.3995530515710164,0.9248303458319864,1
3.1130908754544633,1.273089827265966,1
1.6034229688526396,0.14818652073479557,1
2.7402603676107313,1.8025099058270977,1
0.017306023459798564,-0.08048471827835607,0
0.020735452219166332,0.651167361665061,0
-0.005552403322736717,-0.026252284323161696,0
1.0546382163054973,0.24315818084726526,1
2.419744748529924,1.0086283035707588,1
1.1894402145901457,0.08843262932809286,1
2.0809629102147738,0.2215244138585415,1
1.9322141670743291,-0.5851638278084772,1
-0.9400732259925028,-1.118096314177185,0
0.3816582743669954,-1.0733820819874051,1
-0.8561458063996813,-0.14227909489507268,0
1.752034901548869,0.8001879396022575,1
-0.27293702112915647,-0.35663241579703914,0
1.6938492353873027,0.33968069035597664,1
1.2651762349932028,-0.196028402860961,1
1.4950565442088803,-0.6595893769535696,1
1.13457526525841,0.24834538692738517,1
0.2847879519195644,-0.16631691858891712,1
-0.17743251505698468,-1.2413666953192548,0
0.961168727514464,1.0037135553664271,0
-2.363594338902373,-2.0016638209270563,0
1.0195758725989963,-0.7761729412838163,1
2.256936908310888,2.165367164698326,0
2.1706273538260827,1.0556409247169336,1
-0.008079009804700948,-0.8952724866570114,0
-2.159748263902389,-1.4283795348936605,0
1.40057200390545,1.96845290670757,0
2.2570142397528277,1.5450332241157978,1
1.9584404252295584,-0.4504480483670318,1
0.5088589322573694,0.04845463667346035,1
1.7285123164798892,0.06863714023771096,1
1.2350094206284803,-1.1290780448057882,1
1.4202568825046746,1.8789562725078184,0
0.6265885071790597,-0.772259580967592,1
1.469036917637037,-0.25361039292247617,0
0.6905812337025538,0.32106597352961214,1
0.667880055422769,0.7237581815676218,0
-0.35574513980771605,-0.40005297948594126,0
0.5651350381236886,-0.5354325852519607,1
0.49957143118931596,1.0264126054113454,0
0.45084710850926923,-0.2278074771210166,1
4.11314814436473,1.7135587493126454,1
-0.31800676488624813,-1.4843251607544778,1
0.9183743200510837,-0.8952992217016876,1
1.4520207908836593,-0.5690499377542402,1
0.6727751036387706,-0.30244827399307933,1
-0.5090574370421601,-0.4201536600957845,0
1.3606074604499943,-0.7316506180029801,1
2.981402671873866,1.8333140245178108,0
0.1892479830832049,-0.5919035276796817,0
2.770248206839298,1.0673562865904644,1
0.48687169084478077,-0.16246225965961403,1
-0.12412309731215809,-1.032302574973717,1
0.2919237795404249,-0.8998490420819533,1
1.000284820478375,-0.7686391527787714,1
0.9536268920339314,-0.7196231490228903,1
2.2850287469279857,1.0044646833689796,1
0.6128726412219969,-0.070143795196253,1
1.0842365060675083,-0.2615834838150133,0
1.7909330727514043,1.4877497233689887,0
0.7701722371958296,0.2697694741023237,0
2.223662186197375,0.08157976002484267,1
1.018458304548745,0.4006047498290516,0
3.2784683590491372,1.2284367715646511,1
-1.2825501758761086,-1.7886682184639386,0
1.69430536737569,0.546766493211095,1
0.3155762397864498,-0.5606102780547191,1
1.1316179429242108,-1.4239884418712176,1
0.23805953621629686,0.4590941659204105,0
0.4859078371618387,-0.8645225341112289,1
-1.8091230790354496,-2.0691077360453263,1
3.180463104005562,1.1385858714046317,1
2.040944645579987,2.462104286515154,0
1.6545247980776694,0.4891757981194172,1
0.7737043655131832,-1.4021850768604318,1
0.6197718787445636,-0.23075726620351597,1
1.1303611506699724,0.5545444517890915,1
1.0293115529159935,0.03302687195443129,0
-0.5091670000239934,-0.30961794125998526,0
0.8801738840331172,-0.3725404146998788,1
-0.747650861452918,-1.2168920583836014,1
1.8148823589994671,0.9452349269084737,1
1.1975248911484206,0.22653716831838294,0
1.4810423436285214,1.1024833018512992,1
-1.0188645747413865,-1.6475809021350976,0
0.5104689976161887,-0.4123888242630132,1
0.5505552696524977,-0.20092811572933228,1
0.7650344467720203,0.1711473672484726,1
1.3672417946844009,1.4827500455524338,0
0.8105773491175456,0.04827788005545886,1
-0.21372239712756103,-0.29080191062820004,1
2.0939766296853657,1.5607213362043568,0
-0.15017943390309818,-1.246118923985702,1
-0.5075712061956106,-0.49171517774864915,1
1.9043534158691693,0.5133420253731797,1
0.9215770289475979,0.8572328156146738,1
0.2858298985459531,0.583311663578551,0
-0.5914561165918792,-1.2617490278461376,1
1.5941322738181558,-0.28536360964952645,1
0.10492194383754239,0.06143359563887393,0
1.6241407363987963,1.4599874168035518,0
0.904426769220374,0.8152252679899632,1
-1.0566553049440135,-1.062262197157405,0
-0.7336938943632803,-0.844984477682999,0
1.3697280714088491,1.2983387957559163,1
1.4081036762587043,-0.9378860414742902,1
0.9663612805540676,1.6033006526827076,0
0.9784582692486096,0.4225534449167376,1
-0.5765279029263286,-1.2395573954970915,1
-1.0759290919565963,-1.1882194941061213,0
0.29444568499991197,-0.7334088082355978,1
1.83468355063274,-0.08386219526850672,1
-0.07288113856761537,-0.49180883638203954,0
-0.5279203019142108,0.12232298553636219,0
-0.1911411031666657,-1.03165472986685,0
0.2037807166664347,-0.6404484547717056,1
1.3746291543885918,-0.2541518863940824,1
-0.5735921148222868,-0.3272200618440951,0
-1.3361215613572315,-1.3523075999522096,0
1.2897088441887687,-0.04300043719022462,1
1.9593324058104689,1.8312289289526398,1
1.6350969986632684,0.44725780579124813,0
-1.2990582691704993,-0.953304600347064,0
-1.1945887630667962,-2.9611917504300616,1
2.4132285532019,0.994555962102719,1
-1.867277324731697,-1.1641337084861207,0
2.6932621055283663,1.5951266222535436,1
0.13547248979544552,0.7630683812560142,0
0.6514338922190648,1.0733451791686255,0
0.03742182852935439,-0.03698513196410714,0
-0.08236297066820003,-0.06741869673034039,0
2.4657930347691766,0.49624700694701607,1
-0.4845447273432327,-0.6849207003237937,0
-1.051139180049273,-2.0146364693190053,1
-0.1811500590175925,-1.7531077696075346,1
0.661196660049496,-0.5088052841190533,1
0.8021282039148023,-0.02066705453148207,1
-0.3131243680454907,-1.6982215261082545,1
0.459956735366205,0.540687224351802,0
0.8450346202096479,-0.14875523529364632,1
0.37436009817102744,-0.4298553166375439,1
0.9650103118971355,0.7029990017961676,1
0.5846343569948851,0.04984280882174027,1
1.6161148793403202,0.48857116900547437,1
0.5000668845960602,-0.2695166176444679,1
-0.21986086039263694,-0.5019399164291112,0
0.6008430637122264,-0.9942202919557921,1
1.5024795054653737,0.7124215940249725,1
-1.2184060085121886,-0.3319989290114367,0
-0.8851199091582587,-0.9573126515781817,0
0.6884807451965425,-0.2849685825445171,1
0.8450646416921977,-0.40443270564337946,1
2.376366371516676,2.0934549925065213,1
-0.19573749927637174,-0.1907477343099067,0
0.04609626051207077,0.5870056296492978,0
-1.6350750811707797,-0.5478017521812512,0
0.9500274621949301,1.085261782088761,0
-1.020619082800527,-0.5459052271315827,1
-1.0664715594411556,-0.5407354501739627,0
1.9997468217689076,1.3197777333821428,1
-0.7577444290905055,-0.8129891342678306,1
1.085938572006511,0.1134973742299826,1
1.5136372335573036,1.177516894077943,1
1.5285244724122267,-0.31060885033336166,1
0.4476774459420878,0.6991645185492171,0
1.1705476407642164,-0.5242616351973878,1
0.9426897505498283,1.2802524499121348,0
0.15537058054199387,0.2640409985654004,0
1.330227305694125,-0.6980121594566585,1
0.9925995734455063,-0.04389840111903835,1
2.3814217940082285,0.8461139205225188,1
3.489773553339563,1.3543789498794279,1
0.21691515485316065,0.06845271790605771,0
-0.5913725055014011,-0.39522228956741207,0
0.6480414368363141,-0.004156287029010222,1
0.031008498902250242,0.43709108427469184,0
-1.297743097271019,-0.740122011587887,0
2.2358183897414845,1.9404198129157637,1
0.6548323968457591,0.389167256930033,1
1.6760802408556401,0.012776513256685218,1
-1.6310564837317925,-2.2420567202746167,0
1.2920186544715497,0.9321770144944346,1
-0.20845420111096857,0.3140346338737709,0
0.9260314811807926,-0.6133952436952932,1
-0.5820843037418444,-0.3372166785482972,0
-0.8233316314940391,-0.9350416625597209,0
0.037577715714699256,-1.007869131433703,1
-2.1231970568667795,-1.2214847190196572,0
2.6101229331917564,2.6379655672590574,0
-1.2948076014543253,0.022263907123204873,0
-0.04014988864922121,-0.15058394788963197,0
0.216383176373337,-0.37148275972643907,0
0.939057619859432,-0.5872657621794428,1
1.0539633343833932,0.40476150681600737,0
0.007360933261925578,-0.16340639418041997,0
0.0038857607287046125,-0.38631407845093513,1
1.8567445433326892,0.4335550183677911,1
0.5453447334287883,0.48341411950474916,0
-1.1282720899335257,-2.2010361229414843,0
0.6861776070851566,1.2466405892617416,0
0.3556392272564284,-0.9755696202892273,1
-0.16671159352087755,1.163233208528352,0
-0.12343301411522645,-1.4887330211575893,1
1.3701468361062,-0.4572180628549679,1
-1.462362573069053,-1.4444063074779754,0
0.8048267449415176,-0.04352038903380349,0
1.3583113693439757,2.1440537509731135,0
0.6319942548051288,1.3756293376764888,0
1.1603481531075244,0.7530663800206245,0
0.5272301870770583,0.24456077493882578,1
0.7671726637111986,-0.945797908616155,1
-0.6418041158299248,-0.219872012174963,0
1.16068413865468,-0.6136506099220028,1
1.261242344247166,1.6548300008929955,0
0.4829067852609693,-0.3373168809607033,1
2.329921342978963,1.5700135398132824,1
-1.273271053701984,-0.6471241324441304,0
-0.3093100268609406,-1.183994468087797,0
0.6972185642414079,0.008814353184942262,1
1.551648930731318,0.5777723192243499,1
-0.242856884682305,0.23561937127975197,0
0.46382198822119336,-1.4091604512464844,1
1.6240230950463581,1.3511262210387955,0
0.9121579090258074,-0.7068447027563429,1
0.8188220321024178,-0.9553693206367889,1
-1.3680547158743495,-0.899872291271838,0
-0.28368971878755844,-1.8527742228815227,1
1.0816077135400362,-0.6798047302037661,1
1.0626018418153556,-0.9118469685119793,1
0.538999316297798,0.933949421611804,0
2.374764340463547,1.2328970147157226,1
0.994717831835863,0.24180202906547532,1
2.2670971257245047,0.9937238548505203,1
0.4892216464319742,-1.5830097637002851,1
1.8935115368205881,-0.358733671716769,1
-0.037556813004615844,0.5099756956654848,0
-1.3960116419336983,-1.5182243861915357,0
1.1931628011235311,0.5962314027712404,0
0.3176219148110584,0.23931614626090722,1
-0.2872896668630078,-0.7653118252145142,0
2.751605084061997,1.1779911391344853,1
0.7389179162988921,-0.32671997744362585,1
1.2675551737711102,0.9367825183921321,0
0.16258685135773754,-0.9942184221759705,1
0.6987790709283789,0.9170218228566313,1
3.7105259333360214,1.300642814726521,1
0.3616069015496215,-1.1608913440862811,1
1.3777550469149158,1.393614116651855,0
2.4782524692981562,1.3901783531892034,1
0.541698070635247,1.0076550519812735,0
0.01984219511496235,-0.6358328423340138,0
-2.0525637791795854,-2.0352245776044633,0
0.9869191748158403,-0.7712988607493864,1
-0.01654556856727289,0.9665501291434988,0
2.0272865740943162,1.4806994427736127,1
-0.03257019373759279,-0.0680268196765699,0
-1.1192950317976649,-1.923071122321689,1
2.323523329240837,0.7136038957095752,1
-0.6576793031079871,-1.1291145733880106,0
2.226878059767138,0.7709762775749914,1
1.822003756548598,0.6935174597605979,0
3.1868149463440196,1.8963726157685492,1
-0.0526665110980189,-2.829573307844558,1
0.326667943955689,-1.0126045330698394,1
1.4394050034510413,0.4321725583177017,1
-0.16767464620918626,-1.8210623013366214,1
1.1061741944752035,0.9680735456295627,0
1.534494149190501,0.43510515190752586,1
1.7995671325301177,1.0383001351999501,1
-0.24168386637321554,-0.6494045925537064,0
3.297721768308727,2.274430557976129,1
2.291204009220734,0.6080788966567039,1
-0.398160500357785,-0.3878950582616874,0
4.065236662101614,2.992132794990225,1
0.8218429322769023,0.024175044912138215,1
0.79435614723712,0.19024107896697984,0
0.19027267086361999,-0.8539852231124602,1
0.9090242736920906,-0.31155211488914447,1
-2.2878955764778817,-1.1540802580858347,0
1.3103268558009549,2.2279506932776263,0
-0.12216206533576557,-2.032329721496838,1
-0.4485513301407845,-1.1006702723149704,0
1.972248571993755,1.242701880053779,1
0.3057418106388422,-1.0738636463991085,1
0.951545972549617,-0.2786003110656445,1
1.0413096486631785,1.6400553931059327,0
-0.7838089954375355,-0.953388476227412,0
1.5770958334122778,0.09814504970216888,1
-0.9968231799373777,-0.5385332332542839,0
1.9714649904591943,0.18396461088105454,1
-0.7291869466182151,-1.589440521846741,0
2.3620311012213193,1.3012451555408546,1
0.5880223917126445,0.9384585092869574,0
-0.07279315265871125,1.1031040668236656,0
1.238295404681638,0.01253119773562314,1
-1.3153886352564264,-1.283815573251004,0
-0.9202500745088895,0.5975564522868784,0
3.0176376111533427,2.3137625913917215,1
2.037204210967389,1.8840177837599914,0
0.8693103409121343,-0.3035096544924656,1
3.1781207844592956,1.1300790305885278,1
0.05819035211212833,0.45141489382190686,0
1.5469958803625397,0.4577242047846755,0
1.5961960356367813,-0.07402576849833986,1
1.0435705759938807,-0.006307010392915378,1
1.4140184606010602,0.5925523532219729,1
2.2877944585731793,1.2961924922741974,1
-0.8462405663119412,-0.5481095270003838,0
-1.5129062790326713,-1.4859976748898898,0
0.9388681690324858,0.08827458811311316,0
-0.19354144066991877,1.3130464647896172,0
1.928370225274999,-0.3444154170303838,1
1.7848335633185968,0.43291940829825204,1
2.929501769788864,0.2874304202726388,1
0.5457731250857839,0.1701820644543293,0
-0.5638562430257368,-1.7140096676984047,1
1.0345522141367545,-0.21807734238169188,1
-2.733052488660805,-2.3498184927081827,0
0.416203668814014,0.6760080096864136,0
-0.7778954007952851,-1.4844911761874802,0
-1.0484266978577537,-0.6004543506351748,0
0.5532057237330951,0.3275633322941442,0
-0.4591149093388529,0.9134604764430718,0
0.6174873232036256,0.3173961071001511,0
0.3121954722295015,-0.8232409812920718,1
0.9403267898845034,0.6373305029513107,1
1.6120600755967647,0.7919479590517147,1
-0.6421336335819853,-0.9419982714050797,0
1.2208812584209447,0.7411467227238605,0
-0.7204212808349848,-0.6865056149661201,0
-1.1199746072640324,-0.051451587796238346,0
-0.48175331644321795,-1.2876626968467535,0
0.0011417272009203812,0.41752374596662506,0
1.7269468052744363,0.5163935034626195,1
2.3462260241578288,1.1752570324029181,1
0.23294083435742216,0.7570852363911401,0
1.1793144127322772,-0.37046158653814276,1
-0.03335338999815029,0.7796854959751394,0
-1.130074754781711,-0.5672606400651959,0
-0.530010311851199,-2.2833072407708443,1
0.5753755516937771,-0.1306518997508683,0
1.992041212205415,1.6286034778081735,1
-0.2852337786194017,-0.6546417100449256,0
0.006716274112217313,-0.32258509020532417,1
-0.5845077155432553,-1.190765215599624,0
0.520135510948458,0.9747376921552036,0
1.0761399059132832,-0.24932624046391366,1
-0.13210907277556405,-1.3470338435131897,1
0.9237770575229186,1.363179329653928,0
-1.4657323350243345,-0.6755574436258593,0
1.5074524378347922,0.7427683146789482,0
-0.4611155408504662,0.3601639526144021,0
1.4608450214748367,1.0476028158969544,1
0.9030646007929578,0.3381012465224258,0
2.700058749783569,1.4897577886022337,1
0.659028953393039,-0.1531756599418691,1
-0.5222544917372062,-0.47477814389733725,0
1.6250230517042255,0.11312055007996089,1
-0.2711663911119724,-1.3004899952619946,1
-0.870383976453869,-1.0087799904576897,0
1.3446331656441854,-0.39519673230063185,1
0.9470185402144314,-0.9885890935973829,1
0.2194922750624661,0.5723186914046363,0
-0.48231342946979483,-0.510222967095994,0
2.116905062237217,0.2034986313625268,1
1.9575805172678382,2.110586519792518,0
1.00775354347249,1.1400714630467899,0
0.38752755068764283,0.5272744888414252,0
-0.9393272489536936,-1.020850108573084,0
1.0746407404131926,0.2469236235086406,1
-0.9188661617544354,-0.010516944879711708,0
-0.6901962642257702,-1.6927996368267828,1
2.0500358895130466,1.6800482545596866,1
1.4184144606218925,1.9921967449516809,0
0.7190780933515428,0.6542333506593994,1
1.7415136834762037,0.7517357903733949,0
3.244970245163274,1.5521854239041601,1
-0.51640459921323,-1.0357649745476383,0
-0.22326703563353134,0.03778990874154653,0
-0.1920862459550583,-1.2362830823021003,1
0.9956388871220301,-0.41312410627348534,1
0.4688582783762507,0.23480595864656836,1
0.44911628592579445,-1.1085472071341393,1
1.3824630438924215,-1.0830836930941365,1
1.341438528763069,0.6191230467292042,1
-1.7760033872243213,-1.4084848747599596,0
1.140355102783808,0.3657868689959261,1
-0.3821145018210631,0.32173582732158806,0
-1.1239328438126763,-0.6497097274781639,0
0.9725810293245325,1.0521197816910017,0
-0.8133076916887408,-0.31294370734654275,0
0.9533653006430177,0.34557978699234077,0
2.2401995602428824,0.6418145146164287,1
2.3048743922597144,-0.34287210374628035,1
1.4602714378136155,1.9486746923341876,0
0.1351032160860099,0.17559877938246396,0
1.3709733494664857,0.2878119205413075,1
0.055087912806734106,-0.0020235341598041573,0
1.484367056918354,-0.4143491541587349,1
-1.1900701835243188,-0.9304823160607489,0
-0.42403361522223765,0.3037220925749974,0
-0.9273787621739569,-1.2245205300862847,0
0.9564309709613035,-0.9589921145400668,1
-1.1647904828985878,-0.37925507747933146,0
-1.259930050991086,-0.921105736524364,0
-0.3085693533330067,0.48311833143540744,0
-0.018298713773596997,-0.0704773477756566,0
2.1192528052177804,1.9889613769797096,1
-0.44724815245094485,-1.259363858195664,1
-0.312679999912253,-0.9437607027517331,0
-0.5918540277984348,-2.2861732973052167,1
-0.04174936966491792,-0.20920758591566121,0
0.4974646783331055,-1.040507391366487,1
2.005855979450922,1.062476872814095,1
0.4244609202071393,0.23111916165084628,0
1.1940435085575165,-0.04845748178848462,1
-1.9346680674908334,-1.5910668590885002,0
-0.14660142815748967,-0.9782620636572433,1
1.8972942552114644,0.8250273646007729,1
-0.019619107602633967,-0.5998972217210359,1
0.47019034655234637,-0.5397953565127152,1
1.4785238572286283,1.1394133149133683,0
2.2669520468401636,1.3920812925059811,1
0.19789095433874865,1.017808136720235,0
0.9489889597726866,0.014974431171259413,1
-1.1587677338636824,-1.1201933526860846,0
-0.7095646223046329,-0.2935562534519156,0
-0.5833250105884059,-1.533534075905224,0
0.9166040213219978,1.0500560256177074,0
1.5370295661291027,1.9315333657155818,1
0.9808030618877872,0.5764429942498707,1
3.0757618589998077,1.5508961190398585,1
2.0498271729141555,0.46697353126338503,1
-2.4010029771574954,-2.1618885152431173,0
-1.5011591603780405,-1.4934107973634891,0
0.31522839668412617,-1.3447389782029582,1
1.2722480358237138,0.023203718811386772,1
-0.42117732558527315,-0.13496367326318595,0
1.6093600702305417,1.9545800586293194,0
0.07452616218508268,-0.4432671230247261,0
-1.379202209229253,-1.5950567848458248,1
-0.2156745998452273,0.04815523830799768,0
1.1239773132775002,0.7524625858150134,1
1.2277093428207058,-1.5856819236742428,1
0.23623402222495626,-0.5533878331464013,1
-0.5752078285242351,0.01959706819558581,0
-0.30188909212891285,-0.199648022171151,0
0.818815893439075,1.2112423027954595,0
0.2012110264311235,-0.5532072672750686,0
1.7840306842999145,1.1268964288845207,0
0.7548391895338223,0.16884238243646268,1
0.5741719775493543,0.919219484989455,0
1.4488380435584953,0.8580562912244759,0
0.3277611961879072,-1.0009454678262106,1
1.2106291020555933,1.0037868111442925,1
-1.0148968965097311,0.5074825331194253,0
2.1045614920573326,1.2136595183011811,0
1.5403634815056482,-1.1393479251573646,1
-2.4636859775386544,-2.3865993598665303,0
0.5292492029041921,-2.030001256997773,1
-1.7290659590083803,-2.6419701039032004,0
0.2870371848364661,-0.5279243514277017,1
0.9331292115006263,0.39136328799119136,0
2.9044289721707126,1.3992862833841708,1
-0.09754610241054269,-0.3107264024520136,0
2.654356469545975,0.33250539641300303,1
1.0457300999468466,-0.07828653711800432,1
0.9655736121502267,0.978412673713517,1
0.4534449337648281,-0.09094595186637106,0
1.5547900915569364,-0.4386609991299831,1
-1.372161859356011,-0.5608460955110669,0
1.8709396888808358,0.010603865231647235,1
1.0745861190176609,0.5157271907099155,0
0.2848517670808888,-0.35732681685032924,0
-0.2000931456052321,-0.19434508977442994,0
2.028076830973599,1.217233730488208,1
-0.875025389137038,-1.4181530105307796,0
-1.1521601289420915,-0.9088795374018434,0
0.9294895978968751,-0.4775908471374404,1
-1.3374355059310816,-3.098140855271182,0
1.479623556625786,0.43620837914820715,1
2.045749900192337,0.46729973481031933,1
2.2123125605464455,1.2374287721670323,1
1.7782231292310169,0.32974626525991757,1
0.8934531726818727,0.9389292332842537,0
0.8282082537708815,0.429804432579266,1
3.215103671472206,1.898390446089341,1
0.705724919714586,-0.6972409591107758,1
0.7186406978383509,0.3471149512939746,0
1.6073277252227829,1.078528677211003,0
1.977595748459418,1.472397942116379,1
2.02060518200736,0.7364397220570102,1
1.7320130118956143,-0.0868031646792493,1
-2.3587694923426747,-2.3827410824936455,0
-0.9925597974993277,-1.9544123486696179,1
-0.10088531916065523,-0.2298418254520375,0
1.651159128586464,0.4271752991093558,1
1.453307106751908,0.2832303703406416,1
1.8473210762000045,1.783614293876605,0
0.4747786946101437,0.3310859701374102,0
-1.608294367749999,-2.442298775292202,1
1.9564403177500682,0.9561353024078044,1
1.2370704856686043,-0.6706529187425718,1
1.9824416530808178,0.4892951678977689,0
2.1101726758354227,0.2636725510545827,1
0.9514986629448815,0.3721419061772972,1
-0.862732969360638,0.4718783147773082,0
-0.9940285005720066,-0.5674915313700832,0
-0.1955366143105092,0.19073479900980722,0
2.4588629034943628,1.1275686087557597,1
2.5517885786646,1.1828399749162264,1
0.9972844475975415,0.8834942605585147,1
1.0004452809105517,-0.29002427577159906,0
0.36722016481961195,-0.21316675653809192,1
-1.2116093953546891,-0.8799462481045456,0
-0.10514220257002477,0.20078828500447976,0
0.6993189516614119,-0.7438090428261251,1
1.0870994992271845,1.2516683607727248,0
2.1795026925522483,1.070109277806068,1
2.4113295893358755,0.3847251116964144,1
-2.1498730341874355,-1.2225992837184538,0
-0.2615274508366323,0.27822428397622545,0
3.534970832583306,1.5594330667795688,1
0.4339361292414128,-0.7980529948006392,1
2.2772058705412173,-0.18307888370616177,1
1.8763451587854088,-0.15620088896683104,1
1.9782487003133107,0.15832855660642636,1
-0.03950591966571252,-0.04695311800269194,0
0.434086779823956,1.6995677088899854,0
0.6880612566480389,1.5230520205444202,0
1.314462228885523,-0.061656815633540855,1
1.7019215065962432,-0.6712662196141392,1
0.3362283165601215,-0.19382348398455912,0
0.31771551522358,-0.546154283400915,1
0.9429047572940645,-0.10145384048172336,0
2.243035454137411,1.719396830594893,1
-0.6494633135539349,-0.1617936966290536,1
-0.4435304789540762,0.09418187746801618,0
-0.09629209891541436,-0.22903583373414288,0
1.4920401143419102,-0.2716475656833012,1
-1.0083266574150385,-1.1772761513820176,0
0.8332135126693476,0.1330043880544093,1
1.6192570091050031,-0.18532896940187737,1
2.093919011146146,0.7939541969718135,1
2.212800933716907,0.45968781377986095,1
-0.5593832768025524,-0.04120133962767245,0
2.4310614188267206,0.7668542467642772,1
-1.1678239682741045,-0.5763086182194298,0
-1.6940143461470132,-1.970074685919114,0
1.6216927804209873,0.6995901625286352,1
0.7418908628895251,-0.3780934875465882,1
0.9410869073243491,0.033112201913897625,0
0.7573026014814083,1.1030164482324696,0
0.9873209764199715,2.3249374216757293,0
1.8715267373575628,0.6869679225164995,1
-1.000460996903559,-2.321002807599233,1
0.8760004794409476,1.006183777420353,0
0.7421912434775535,-0.6109031907168615,1
-0.45937837520943614,-0.5818166810622603,0
-0.32488729375929404,-0.5033010990383042,0
1.8888508016915557,2.213686357820947,0
0.10003566921106974,-0.13971669270749837,0
-0.22915149170023164,-0.25878691099535744,0
-0.14412573100969428,-0.9960910424991553,0
0.9112637974307516,0.05117048515733869,1
1.2528615741826015,-0.3041243499087623,0
-0.8902663555720687,-0.5462787173300848,0
1.9394809789087213,1.0037458604200364,0
2.075497440784333,0.6118803518971586,1
1.9258744825262006,1.4103661643403194,1
1.1087959288038989,0.6331692821190061,0
2.125749058049512,1.1826158666980677,1
-0.05674078770780488,0.24437161698256119,0
0.4615346107962648,0.2545849817923097,0
1.8381536748839773,0.37083500256422247,1
0.16725577767035282,0.6387405357139376,0
-0.8731137396874794,-1.215996382725762,0
-0.7214373120772171,0.2976568680228623,0
2.79678713129535,1.5681301547076818,1
0.7132861638677479,-1.9862721112936232,1
0.3433504072264852,-0.30962343014584554,0
2.3820288030950714,1.788939950113222,1
-0.2849756117945788,-0.3830372344283994,0
0.3513908290558197,0.14830371126006384,0
0.34712414801433333,-0.35256478324712676,1
0.5675116600526738,-0.9073903476802724,1
1.4110076085980123,0.39500715536985376,1
0.2080860458997926,1.3087390025786696,0
0.7727230813112091,-0.43617417579143786,1
1.147412464869536,0.5257696930076352,0
0.9641561479393675,0.26144778017450787,0
1.1561722248553354,0.9526622204608282,0
0.8208693579768566,0.07086997159185132,1
-1.054829620745916,-1.5363452003727351,0
0.3560710079109712,0.7508999447753727,0
2.651527919988955,1.5998458643321394,1
0.010078737532756801,-0.5735522758017128,0
2.3295920320963965,1.277142751360091,0
0.4286233563194801,1.5800541230252667,0
0.7825827167465254,-1.335604096920182,1
-0.03590092095627073,0.22992909033645273,0
-1.041115144760223,-0.42687399657989084,0
1.2822722386306977,1.2496436532174893,0
-1.4181514414871936,-1.1466568871384437,0
0.1595108736533728,-0.49191070827632183,1
0.2611574797029014,1.1121828381455752,0
1.9617526871656168,1.4665525858549524,0
0.7953300848761024,0.675854929911017,0
1.757642298566405,-0.4958872424076613,1
-0.3534590329936189,-2.357555485443189,1
1.7206350800888135,-0.029558367400311873,1
-0.5341830499555579,-0.047928607310166224,0
1.2651693172612486,0.30928697915362874,1
0.044767751132584105,-0.12955561383201403,0
0.8153280160210227,-0.27187345530384377,0
1.4273118164049137,0.007196482825529368,0
-0.6193942756103858,0.28950316610571675,0
1.6831599604904535,-0.32776160971756957,1
-1.9274167561806386,-1.2940273914279756,0
0.6197753743872079,0.2888839426778306,0
1.0914885004962884,-0.5228040569760583,1
0.9756599622049031,-0.2761608529167139,1
0.014378412154782073,0.24268711782325672,0
-0.7795774324515471,-0.08927359654290971,0
-0.17903110444869863,-1.0996780426011439,0
1.3560262664602314,-1.0341534644626234,1
0.5468911104519013,0.13325931429894922,0
0.8086760971704581,0.014246956589094667,0
0.28043573757193974,-0.2908435121497048,1
0.8959567402016035,0.5616800973253598,1
1.3607805200769727,0.786033112944792,1
2.7715893992616003,0.8645324660321342,1
-0.46529498669664193,-0.35002152030646194,0
1.677992675510051,0.5734376051843251,0
1.2225654367607168,-0.05912291912481208,1
1.669450708409324,0.3007094583500072,0
1.4313188640208276,-0.10506949631356297,1
0.2605212348078421,0.20812051502921936,0
0.0009385631037697184,0.30227815638521827,1
1.9726654430646813,0.29740717045204035,1
-0.336292459512334,-1.243612742492124,1
2.111240764893943,0.6768952663337999,1
2.215435189922085,0.8482567799843753,1
-0.8928074413024412,-0.9647868770206145,0
1.4725827131189595,-0.15076496751180626,1
-1.3641976707319996,-2.3090018312461287,0
-0.6676326758111805,-0.5819509936094295,0
2.010722283531223,0.7757795285478519,1
-0.8137410579514632,-0.06579945836253537,0
-1.11684395553551,0.5580501558024604,0
-0.08241318328559855,-0.42346934985356155,1
-0.0152063675407772,-1.0242970942058143,1
1.5963375534123558,0.964604298993529,0
1.7510197532963787,1.3918926641033358,1
0.483868640919976,0.010104154594823039,0
-0.31352074439828237,-1.7044258694873218,1
1.8560192669214928,0.03578712743521247,1
1.456724056395926,0.772064437944473,1
-0.02213444829767197,-0.8018587544946423,1
0.773351541510114,-1.189850749877606,1
1.198437752771787,0.9589479616810191,0
-0.1791898019521647,1.090915921405396,0
1.2238519408312853,0.24906985148373376,1
-0.019030492122708197,0.39077732882053123,0
0.3630511511950536,-0.11516318934096084,0
1.983971214896142,0.4323281570826415,1
-0.7286606941095128,-0.8464213712508997,0
1.6902737905499903,0.6977027998740816,0
1.7399717650308977,-0.41191186473745683,1
0.5377307296666286,0.7049138430202442,0
-0.6502995967562684,-2.360515924099551,1
1.3427851942621964,-0.4722318670072169,1
3.2186451271025396,2.1194746351855005,1
0.42573413270805927,-0.49952596151204864,0
1.9204997947794082,-0.13330922025958375,1
0.11554998084487199,-0.13619180957567592,0
0.08527766881224416,1.0388347138853864,0
0.5821290804693076,-0.5881822326798863,1
-0.35686832678245245,-0.5337713538820112,0
3.2636296935310156,1.6822863233966159,1
-0.3576880447620055,-0.24940429118932128,0
0.8233129826817488,0.1624393747289287,0
-0.8635627092353695,-0.9547936306998275,0
-1.5134798173169595,-2.414231245538593,1
0.47222937162113354,0.2886114824284122,1
2.8527874953633954,2.873308543536329,0
-0.22626936434765782,-0.10934069839728763,0
2.715946915071448,2.7966172598831394,0
1.0044779620268305,-0.5574094551422034,0
1.3484218832166555,0.37432987659592015,1
0.15134198064232374,-0.2488239409903146,1
1.0951055895717678,0.1560607387935548,1
1.4616941944627109,-0.5696029611513113,1
2.3420993851731398,1.1372881133879198,1
0.8389440330592154,0.12990092741595227,1
0.2931660255568743,-1.322184079892348,1
-0.08685466980747769,-1.3650019574727126,1
1.0943250749828168,0.14117120630074306,1
0.6860837104910348,-0.6460991778085972,1
-1.973693271691499,-2.1991756788709447,0
-0.012354674732054512,0.20711478924735027,0
1.0423280857909711,0.38938189644056287,0
1.906565785643207,1.1148746806251641,1
0.5665907488852773,-0.43153464198197894,1
2.2648091781194424,-0.30621532422440406,1
0.2846701350361369,-0.6539414672456121,1
-0.39134198863128816,0.4974514467555513,0
-0.5214654239500035,-0.5866010952565087,0
-0.4670614591588402,0.44382311361896803,0
1.3239895819103553,-0.23334077984397347,1
0.7422740028064975,1.4514044355337998,0
2.021680636349423,2.130078051801079,1
0.3952067093365089,-1.011539967644209,1
-0.7564864745562873,-0.5921394323960719,0
1.7567979959721318,1.5378109447357196,0
0.08297384613553908,-0.32864512143248087,0
0.8470134587204949,0.3937381695806198,0
0.2905821658593258,-0.04451995049913009,0
-0.6711670562839889,-1.4647204489086114,1
3.0120809634612336,1.8690938897226834,1
2.9117232672825777,1.5852817656128986,1
0.4909496897047109,0.14868167219549167,0
-0.45549747473427216,-0.09753698771277017,0
-0.9847460397095846,-1.380139978594356,0
-1.3316504104147815,-0.7634780918688999,0
-0.09388165197557127,-0.24646904272687659,0
1.3821301725668642,-0.6962713533621054,1
-1.3300485386609047,-1.0029960073585553,0
2.1974584852081636,0.7095957165774955,1
2.9216865372508254,2.5058458029396085,1
0.47399875473306174,-0.37823833046079597,1
0.4899531111384277,0.35449245604942337,0
1.2169243580446738,1.412979110101705,0
0.6646967746134367,1.6911918504891603,1
3.306192475679131,1.5157188802976187,1
2.8440082928673003,1.1728260721008656,1
0.7718784454811376,-0.12672868629092798,1
-0.6925056506613863,-1.2902242487193198,0
-0.014952930940244193,0.3241143095351705,0
2.3721863235919933,1.3697834925874244,1
2.0260346987872455,1.6860444443408735,0
2.200459064615622,1.2529140587833725,1
-0.49839840544639663,-0.19757965105088757,0
-0.434243721242973,-1.0483315475792037,0
1.9679059303832038,1.3590945533846617,1
0.7838897146704381,0.9556928654236205,0
0.6346345877862575,0.9134382193168586,0
0.09389125017709704,-0.24734239359461105,0
2.2732758871895427,2.0109354348536614,0
1.3489050008805739,-0.2882382690571407,1
-0.7782353096083134,-1.3492778567688584,0
1.1539584619139838,0.37707892395733195,1
0.7631305162501039,-0.09544578097398113,1
1.859896136569649,1.1153783230013523,1
-0.11646112339297733,0.6005721545139072,0
1.0753391273339978,-0.21107291754914054,1
1.4368486355413679,-0.543379925036231,1
1.9803326318972592,0.9326113807604854,1
1.6122941153206736,0.1376942376053416,1
1.3274832824039695,0.11678234524521054,0
-1.1821320337789234,-0.9345101059871296,0
-0.18837195147718216,0.4481920391004643,0
0.3343585006456242,-0.3176016413585349,1
1.3563560442264082,-0.4221236476358015,1
-0.46131254396780474,-0.9173813043019349,1
2.595895417013604,2.091222348304363,1
-0.37204870769378795,-1.188175505433443,0
-0.39306860167414154,-0.5436050916194127,0
1.736561166247825,1.4183343440146066,0
2.4888561868917147,1.166352970222998,1
0.7662696694273673,1.4030451943270628,1
1.2075717346611676,0.1081289170041721,0
1.9238380125474728,0.4955317399002343,1
0.35921737110688395,-0.45667576517098274,0
1.0272630648434038,-0.8939461647355395,1
-0.27675200502381175,-0.3542522317663656,0
2.1124614689444776,1.5266300887482644,1
0.6711309718943437,0.32655037093766587,0
0.5300136603618661,-0.8894572695426467,1
0.8643432413348278,-0.21591665857080217,1
1.2710939203567306,-0.9793191690091139,1
-1.5297882864950807,-1.2795259135178334,0
0.8254441953541646,1.4208954318284837,0
-1.4322200520622135,-0.6775662168805101,0
-0.6425223194940366,-0.5823852731652494,0
0.606669200650895,-0.29976720287369163,0
0.08822658752571577,-1.4143030326622195,1
1.0664468879791953,-0.1294793144476009,1
-0.5737016059631639,-1.2417644712856826,0
-0.5317793983156052,-0.4586633756342695,0
0.5737043655350448,0.5107075342001355,0
0.47776535926040065,-1.0598233048911183,1
0.6254381557626263,0.37101307014086404,1
1.137747441433059,-0.5772227651501092,1
0.6434699140829792,-0.4614381926334842,1
-2.151701583873377,-1.8959607061749892,0
-0.4270087052012088,0.6391545319412238,0
-0.879381296110497,-1.6436881758348536,0
0.9139336666641746,0.24514987207947878,0
2.614580925009644,0.9276003322274489,1
1.2151950558435007,0.3661329768245502,1
1.5217918642602464,1.5114080311773583,0
0.7801099438030901,-1.370448903211192,1
-0.3041261118613902,-0.6767306696104521,0
-0.8596902445570036,-2.2201115776960743,0
1.2841217655680208,-0.8593782478533648,1
0.40140506795434344,0.07767768534100228,0
0.599802668576301,-0.4974045829193912,1
0.21882525412316867,0.13252373541235501,1
0.5067140134464199,-0.4208388858396508,1
0.6663691472245985,0.5677555175508234,0
-0.37440883492821736,-0.7345788989983515,0
1.9178404666927982,-0.4105392544849724,1
0.8368173753393304,0.12188185245965732,0
0.31230455852992667,0.10598574643211757,0
-0.028205553978667478,-0.2126004244542097,0
0.3006313935500082,0.8126406341741103,0
-0.7666008329830456,-0.34313623198239257,0
-0.09224737584406846,0.22357546853056648,0
-1.0509624398063933,-0.23598673737400783,0
-0.18012450886588696,0.8082373749036172,0
1.4705445552409846,0.001941368897641762,1
-0.5055604557258911,1.6537168610317343,0
1.097426342998897,-0.483924826863569,1
0.8365185968810578,0.6892236367296546,0
2.062111572304076,2.0574182415810336,1
-0.5293170155997123,-0.046544312087133596,0
0.09313868555959491,-0.6759281207669133,0
2.0161775126972454,0.6532881672046617,1
-2.240435421442844,-1.9088393842525373,0
0.9683782737575009,0.28978093860391735,0
-2.243954870532113,-2.056241906056351,0
0.36978946554137715,-1.311641319666993,1
-0.1834200271784574,-1.6439214192771059,1
2.136561912152554,0.8088269215315231,1
0.41878335671764955,-0.8933204556432839,1
-1.708454635353906,-1.3736912906910141,0
-0.2458318995635282,-1.2803814468656547,0
1.320314178320768,-0.12120106671558896,1
0.5721499353652992,0.3403720645055396,1
1.399689407652824,-0.7409803531417655,1
0.165044213092245,0.29346491647265277,0
-0.1834258891054446,-0.3612561961684362,0
-0.5187187383061831,-0.9539296694035012,1
0.4725690773964014,0.8824559246458115,0
1.7204260984199093,-0.02556733088719485,1
0.6423521928449343,0.5714393565632577,1
-0.03301958682036735,-0.07384573558875145,0
-0.7898266652404523,0.4725368064603078,0
0.9502150098332709,-0.18640285623959446,1
0.7058967962672855,-0.19577984068729393,1
0.7805925707659933,-0.3673452119260831,1
-0.37775017966882973,0.36031960628313336,0
1.7613756624835402,1.316456632855601,0
-0.35383903532707495,-1.3005039265003364,0
0.5380417383599931,0.3826281493542493,1
-1.2955709700780855,-0.7406195454079503,0
0.7994543247873367,-0.8484408004674748,0
0.6053305979164377,-0.9059440682384962,1
3.357853877707975,1.963639854181482,1
1.0365834180978477,0.6700549999537547,0
1.8074375370488953,0.08536778531868458,1
2.2626445809068807,2.248390702302196,0
0.9901222045831588,-0.6256111970253316,1
-0.08536156987024657,-1.433406653086648,1
-0.2514240725232329,-0.35954101000501665,0
2.7477324232163927,1.1440312861777602,1
1.716541951760329,1.90960631199308,0
0.9726099875453303,-0.2832765055297469,0
0.2158243086365984,-1.17782447658394,1
1.5056367759033513,-0.05773733602305307,1
0.014682213673137268,-0.8636320953746635,1
-0.1814130065666125,-0.7899858454292932,0
-1.8355911915037981,-1.9301506182642783,0
0.0727272971600042,-0.23002149242681078,0
1.625092210659595,1.462122753167026,1
0.33303634379284236,0.5068690934234192,0
2.6452198634850985,0.8154079613404688,1
0.24582985658504988,0.3896465023271434,0
1.0717586598244093,-0.7123865157222311,1
-0.5705245906931043,-0.12416168430158117,0
3.140605308438947,1.6830791405945917,1
-1.1424065322588386,-0.7369992727957118,0
-1.201561120170868,-1.4811960597667102,0
-0.30882009140397854,0.7071972200978809,0
0.1775187015933791,0.20677417815381233,0
0.8235442134539674,-0.6947542465867942,1
-0.30690407995937447,-0.0029906849459482893,0
-1.63473593387796,-1.580913656520086,0
0.4255831095340215,0.20143201706987549,0
2.901758059057661,1.5334021300199505,1
-1.3752614010601811,-1.184864852445508,0
1.408737315528059,0.5997441870376701,0
0.8218354232819449,-0.5726447572015493,1
0.23726659948314865,-1.5194160165333528,1
0.994782010197877,-0.3477323197322403,1
1.267134599466448,0.14350298003493062,0
-0.7202776848128261,-0.9768505421921956,0
-0.002000365671460987,0.5609422802169898,0
-0.42827071916719395,0.47889725999843863,0
1.002143849680362,1.224129738957231,0
0.03283768451154634,-0.2975821009694018,1
0.2896377911144335,0.2274791624743564,0
0.48572370129543085,-1.178741385788136,0
-0.792931888488953,0.2165200961789059,0
-0.6297159081244597,-0.05245711561091331,0
-0.5578659317309137,-1.3376943183312404,0
-0.3998686398138031,0.15241230155898,0
3.588603522113564,2.566932338594128,1
0.11065669792827657,0.28835242449114096,0
0.4525248545583728,0.609223427136401,0
0.5520458891948463,-0.013252145217457678,0
0.29880290739124116,-0.6936044487010312,1
-0.7588972514412742,-1.1809169042250396,0
0.8232182624294371,0.11738728451490567,0
1.6977480689546753,1.8026813787415692,1
1.3499314569159855,0.06982089408059726,1
0.8435019743856786,-1.0597525175693554,1
2.6798396466982943,1.909414072846655,1
0.47622060071216715,-0.19588320648907914,0
1.2439725966532966,-0.609050899463312,1
0.5411646974136716,-0.24181486237312577,0
0.5588279362260036,-0.0363455495452051,1
0.6273446398313796,-0.472899386824388,1
0.582462498953566,-1.066270308064044,1
-0.30980188978769024,-0.49179549844312453,0
-0.8035015915272209,-1.4477424168037758,0
-0.8609589504740353,-0.9549879265524023,0
-2.3422277580445785,-1.9162079217682506,0
1.6882935344251513,1.1105622692940138,1
1.0094773816384506,1.5972165463527503,0
2.4095402707507603,2.17678075967677,0
0.6298854338797018,-0.8037979331011006,1
0.511576870924093,0.07876375389646569,1
0.6132686063412186,0.6732757803307631,0
2.346087141597229,0.381056931803385,1
1.0908870330675666,-0.10203864232377918,1
2.147776387908702,1.7472549341025605,1
1.5677900552713095,0.7154131664628879,1
1.1787936772306185,1.1214898146770034,1
-0.8524962543287234,-1.2056449096758668,0
-0.4664889302466834,-0.19000485207433143,0
0.25013440616665417,-1.3211445260530983,1
1.7043773572520395,-0.43755635112091823,1
1.7581413430365387,0.21042314855848604,1
0.3769374404748703,1.2521064707672687,0
2.175850395288098,1.4074499531347624,1
0.06501896917225314,-0.9213408190570658,1
1.4093558754597666,0.6722129656693218,1
2.9910884491330294,1.6626464316178544,1
1.503535421908969,1.5765678179097546,1
-1.511892868424647,-0.7045899435715377,0
-0.6606173127030677,-0.7497917400845266,0
2.395122328571416,0.08119426548725743,1
-0.34480151231779016,-0.28616181988991735,0
0.5386964480576377,0.537581317898359,0
0.26769071805533007,-0.1515423440731419,1
0.6009329631313642,0.7812396183989493,0
1.6654686356560686,2.180126574980625,1
2.364390435630563,0.7116745366953218,1
1.0327745918311613,-0.6436296558495131,1
1.196860703523,0.8405954615336376,1
0.3160061856158551,0.8294905171771445,0
-0.7395825778195466,-0.7508343255128086,1
2.5391700301967877,0.5306171325392827,1
1.020498532933828,-0.5009776877833755,0
2.170105647346487,1.0698437421928078,1
0.4646165404242646,0.9893744594671627,0
-0.05291044302824255,-1.1703850447604485,1
3.831603876509047,1.5325232368183683,1
1.355726157027373,-0.551647046769214,1
-1.8135069480534953,-2.0276283410749385,0
-0.9378389009907673,-1.3156517925581657,1
-0.26864113209659923,0.4090436405825073,0
1.0197653077648392,0.5636374049555835,1
1.568332645404631,-0.03135791712379588,1
1.5498330879395195,-0.29601400388232396,1
0.7535421599364489,-0.5794128106544636,1
1.7080623116376246,0.7869689936343952,1
2.194340871316389,2.55103495261181,0
1.4107345104284403,0.17858937136084563,1
0.5296365045478427,0.8501756054266668,0
0.06511624999901477,-0.6573526338056741,0
-0.2872292087614119,-0.14765571561347826,0
0.44251354136688914,0.5854065866110116,0
1.802205013799239,0.25614025417077535,1
-1.0938204865880337,-0.6730855615625525,0
0.9319347856414246,0.8220425669785303,0
-0.2982538923304275,-0.8146759812593901,0
0.06164604419288752,-1.0482476015899238,0
2.340223868147315,0.9783817511217445,1
-0.21753322087616705,0.9730726934857717,0
0.8721900343114936,0.5314110404676716,0
3.3300391903513127,1.2583623504402457,1
-0.17482624062733038,-1.0047829304272566,0
-0.13992139534432751,0.8806586504055628,0
1.2776738619448722,1.279849278955374,0
3.7551581169220336,1.067723306808053,1
1.0360368033437093,0.5891967168820696,1
2.1278133681739178,0.20084309565180475,1
1.3002146779951318,0.6330938442197878,1
-0.358803971558472,-0.5433160208129821,0
1.311351143414754,-1.475961872229452,1
1.3289627729358513,-0.03785620435303017,0
1.020510078551637,-0.4217563923394492,1
-0.25824947057830017,-0.13152239303951616,0
0.3997130384288023,1.0550114437209583,0
-1.683075841825058,-1.1348396310496085,0
0.45402132958582286,-0.3206748490075927,0
1.1183453442285431,0.31239870651705,1
-0.0774235039862281,-1.1063849016331846,1
0.5190107727295182,0.18902376415747055,0
1.2909323581942613,0.12550636041949542,1
0.08152175294461839,-1.4722900712733389,1
2.254529222986079,1.6555827101313132,1
-0.9423559841195578,-1.008183934808946,0
1.0019537990736118,-0.1069394797710732,1
0.8683363531618883,-0.3824583861991286,0
0.5875115378352408,-0.023025557233912496,0
-0.9737936654936362,-1.531339272229212,0
1.2445769033120946,-1.081996628031583,1
0.8640198017677564,0.560374099266277,0
-0.03645540436779789,-0.07468719511059502,0
-1.510470213445357,-0.7397636707658797,0
1.1925364060256998,0.14054301993834944,1
3.2377247585190307,1.7480988215105233,1
0.8101221645635431,0.35495167028224156,0
-0.103525382049023,0.1465308701639639,0
0.9514441121935899,0.6577801997881718,1
1.0634181968887846,0.45403666365447365,1
-2.976272706212041,-2.785990598814771,0
1.74658381329421,-0.5871409767337276,1
0.4930271172424737,-1.4033779849119703,1
1.2238878087669414,-0.06456221243046364,1
0.12415295430115592,-1.611309974313705,1
0.8753854802278188,-1.1429212666599524,1
1.374443349839192,1.540752679114102,0
-1.312205650669802,-0.32444457160826823,0
1.646118408005217,0.27952401955044487,1
0.1377134154742694,-0.7675124687906117,1
-1.3198314756290443,-2.093120345666517,0
0.1964950849673781,-1.0114663138200717,1
1.453689771473784,0.6666044351171787,0
0.38906941350677793,-0.5398374653846157,1
1.3884292544248784,0.3192037193731825,1
2.5992398718244383,2.5719294640471095,1
0.19616603489935014,-0.6648829692642787,1
-0.5658894979330832,-1.585770051813564,0
-0.049204623076031795,0.41281630116552953,0
-0.07021023209698636,-0.5308856255867709,0
0.9974773189769447,0.5566418758367649,0
2.771650916776574,2.072093675578749,1
0.6717460363889811,0.05745754291672981,0
-0.6372737548226939,-0.5654713554033325,0
1.0635992256236582,-0.3499910974494969,1
-1.7536214624532787,-1.6029008849694653,0
0.4470827944462299,-0.9995988245984486,1
0.900690149494003,1.760939962446563,0
0.7325690534003355,0.13181790939420335,0
-0.010413938334045662,-0.5282117599462395,0
0.5767304539910059,-0.7427847660037267,1
0.7186439669927998,-0.45644000953399533,1
-0.20463569783369256,-1.1759562071096767,0
0.3793733985043838,0.7229749846179019,0
-0.8364200151613447,-0.2083661362083618,0
-1.529540235033931,-1.7544603124290812,0
1.317600053368441,-0.48124250742773045,1
-1.565819988686426,-1.5638422329547004,0
1.5534547603082889,0.013043582987297771,1
-0.01872277732031602,-1.1087732911452237,1
-0.022989425243305384,-0.2962918370561973,1
0.8636069630399149,-1.2186916359523066,1
-0.8877058540094601,-0.6963424826122901,0
1.4321370274893928,0.3705427039276065,1
-0.9156285591095628,0.7971398771805619,0
3.4389119570708724,2.415329105188799,1
0.4599731771936444,-0.05511407580635484,0
1.1744537915714033,1.155539986056054,1
0.5533085900965667,0.8377566473245652,0
0.5578663400585905,1.0962118012713824,0
-0.48873919872482974,-0.599618562101448,0
-0.4974703316419926,-2.464287275944999,1
1.5725138561357461,0.6224765099720919,1
-0.09836908161006538,-0.2388275609694169,0
-0.8110525655517361,-1.2677985801184024,0
2.0307873570690846,0.6475607938075574,1
0.5688845529394975,0.31102798737597115,1
0.9255603952422815,0.8660365782130259,0
-0.5785067902113049,-0.7555750299699416,0
1.1545800036292042,0.23625257934048663,1
0.9775745115953135,0.41205375402156247,1
-0.09171068455310882,-0.5703472398441557,1
1.7406527763582547,0.27451529767894295,0
-0.2800810472744005,0.5766442783496156,0
0.059030254326420284,-0.8482144826896943,1
0.18922040440181642,-1.114973980901866,1
0.3730550218669065,0.1040326624853235,0
1.9514640786305568,-0.08720064317062813,1
2.0889406817049014,1.498972966817014,1
0.5534356513442493,-0.20385818154781674,1
1.919082762384297,1.3859993568414426,0
-0.5742899521146562,0.7590767440256087,0
3.383749330337796,1.6042887743477983,1
0.2538908289553331,-0.13835778653397315,1
-0.4051164784353529,-0.6083509479198158,0
-1.033544041677123,-0.11686333234412782,0
-0.7425358754530346,-0.47452034911224844,0
-0.46681659573914325,-1.6378641609662161,1
1.1224390078071542,-0.4065982914285169,1
-0.1922187699917547,1.070880414165857,0
2.3619373780621933,0.8030742227103352,1
0.21974248807329513,1.320628925792665,0
0.8029103210380197,-0.4653971374685009,1
0.21927861410911634,0.10524364604460588,0
0.7241274894126151,0.1018538150282107,1
1.1066607176293526,1.3571859617912663,0
1.8896495627321266,0.6557433528088833,1
1.6891370816274787,-0.9341119667886656,1
1.8654557163996397,-0.6493902494465914,1
1.8508839739164056,0.8166306751146797,1
1.680419056578913,0.20949528094291028,1
-0.5482754784560788,-0.3281577243091714,0
2.613245052959523,1.1304310903399268,1
-0.299339176495245,0.5592280939586691,0
1.900655356867298,1.3091370966923255,0
0.7840901800984199,0.024248867455353592,1
0.7349469630799319,0.49284973361250173,1
1.6341100399682522,1.1998405438653514,1
3.172487126889353,1.2236486401212552,1
-0.3606068727011859,-0.15078860151197537,0
-0.040823314330362376,-1.1948749916787296,0
-1.2039171937597342,-0.8689418290044733,0
0.7379353400146015,0.13644382956818407,0
0.6428660767894219,-1.077366502828001,1
0.998669509129035,0.3625979761811213,0
-0.9601359791890496,-0.40053594002426757,0
-0.28814062744359054,0.358007998073792,0
1.4003993281231557,0.952003087197459,0
0.4263941640003277,-1.6275009272423016,1
0.6902416184650816,0.8218532530480609,0
0.634782319840693,-0.17687131499631875,0
1.1166109480081916,-0.07967162697183389,1
-0.7747017940081408,-0.6551294326429843,0
1.920212481041609,1.604823289572058,1
-0.8166913898662604,-2.624746662106485,1
0.9875414078654843,-0.1606091229493665,1
-0.0874043098757132,0.21524243379882235,0
-0.07884353419840745,0.9786423770171953,0
1.4235936633049266,-0.3314702256396803,1
1.8639103591548867,1.320496610062903,1
0.4091053537411063,0.4526727548393903,0
2.4307010675640566,0.4085643029698207,1
0.10539200726863822,0.2405008760070157,0
-0.13866436509085633,-0.7383691339973831,1
-0.39422837671815936,0.007001223391567152,0
-0.06737309591415871,-0.43506924890000875,0
0.6304129105010899,0.6158449661959298,0
-0.9969192135381892,-1.0945422788360986,0
0.7296272826359204,1.0334615783150056,0
0.71665532650505,-1.1903170845778102,1
-0.8711297173105113,-1.1672624968188667,0
1.1436718142578832,0.2516848783836165,1
1.3428810092148062,-0.0338087333210601,1
-0.20395350074622262,-1.2294405502293888,0
1.871093870054615,0.5072313359148476,1
-0.25655454601859473,-1.2388140695305137,1
1.1598568801497198,-0.3982872400809331,1
0.5890606297843884,-0.8839814257147086,1
0.7421342013274967,0.5916351458552961,0
0.3918087882723188,-1.190071411988635,1
1.912607865137669,1.9025070090607903,0
0.12552289068983613,1.1930862917571137,0
2.225145553485742,1.0980748565538017,1
2.347230731851357,1.254766315561304,1
0.8882604597070825,0.6033821144569703,1
-0.06762412190452499,0.12039581914146377,0
0.8787688659877514,0.30117156127241124,0
0.9921894029566868,0.31635049011773686,1
-0.13918926682545174,-1.403023357818159,1
-0.43151122817334775,-1.309922398150788,1
-0.20807638601877346,1.034152444316801,0
0.08814306791341275,-1.2377493966428532,1
1.8833273413899236,1.4661765551787733,1
-0.2366445938549609,-0.536108000332539,0
-0.38283326646908394,0.13645797646816443,0
0.03435056621733403,0.29769075059084155,0
-0.14513483756971515,-0.4561445523500677,0
1.079958587683171,-0.34842883236307287,1
0.905202769679269,-0.5449953864780296,1
-0.33424696431889905,0.3813131634566281,0
0.45289407030085105,0.08471976693548124,0
0.2477772031891765,-1.1309068781068061,1
0.2539113586245251,-0.7526739890418033,1
-2.7171311276414336,-3.37037138691693,0
0.884033242694214,-0.2074230086891632,0
-1.2433769493126898,-0.15385164545359803,0
2.132977517118717,0.5063903343656082,1
0.8101913985613038,-1.1073792361499883,1
1.234114998584849,0.49317551910372487,0
1.4782284517316828,0.9475280927316068,1
-1.1200804841714962,-2.7513726864286197,1
1.678104948562202,0.2716812035573163,1
0.6601978935657614,0.7803342223450738,0
0.5942630426393488,0.3532717764988563,1
0.051835895951441766,-0.5307813122491499,0
0.8682654722202927,-1.0260622903000505,1
0.16494524372601008,-0.201003115410038,0
-0.15552250508046628,-0.3724568671615737,1
1.3817279075126956,-0.19043565764724385,1
0.03079458509636379,0.16321574521677604,0
0.25797465166688793,0.05194642601375682,1
0.5130885455276242,-0.12755637741026643,0
2.1689941713748575,0.8212150627082451,1
-0.13442495946419977,-0.6548157119871695,0
1.4691473951899854,-0.9425383315258,1
1.0421473859742745,-0.281851552304789,1
0.9212462429320702,-0.34386478998527953,1
0.12654590875485872,0.20019065126777913,0
1.4080801200994553,0.8935438961014304,1
-2.2010792822878553,-1.671588433953462,0
0.06135243204672336,-0.9246382734081257,1
-0.6731180959256089,-1.7018108579875573,1
-0.35531832338750297,-1.39805711275885,0
-0.17270762212377314,0.5194719131444452,0
1.4232346621927079,-0.27618658589577755,1
-1.834377717031944,-1.6632357387706653,0
3.8587039605856335,1.5061435051182186,1
0.9391413253948612,1.2314289243675995,0
0.9325318787824838,-1.3107523689258496,0
-0.2769228760628241,-0.5915790097199888,0
-0.2552729060098724,-0.6534446589809113,1
2.2123731538592577,0.03294918992857979,1
1.4013460097840935,1.1632212603031824,1
0.677497654903739,0.7623727260578455,0
0.22093447917728004,-0.9983370564153764,1
1.6210929298851136,0.15068146995045775,1
0.5273868694807917,-1.1431815665492673,1
-0.847295388100763,-0.5073837871705407,0
-0.4273244756890894,-1.0825519549667026,0
-0.15395515659886638,-0.3237680046334297,0
2.057869764998785,1.86266684445162,0
0.3885716920468386,0.41104719254167865,0
2.0569533087392924,0.018485990322126427,1
0.4420160470342497,-1.0057388444933733,1
0.8318304562106658,-0.3737992343637959,1
1.4535231848288506,0.9267005788844862,0
-0.7279088247214978,-1.5573611480733098,0
1.4174155113711884,0.9614847930708352,1
1.7735000871975077,1.943053475573643,1
2.728040983852315,0.4365689554975422,1
-1.5539321492080458,-0.5446900445462919,0
-1.6322668707047723,-1.778677780595465,0
-0.5829280553649442,-0.28722065071698477,0
3.416443698746358,1.535864927241627,1
0.1851784736805772,-0.36132432633239403,0
2.4012878257677457,1.2726173623824948,1
-0.3154374562127615,0.7815716586835624,0
1.8559616646239887,1.9341722078917833,0
0.16247110366045825,-1.3029451624633472,1
0.714994439287612,-0.26293903869380336,1
-1.3603110027110634,-0.7683413023206473,0
0.9193637060129339,0.7906131575076817,0
-0.4396772810096405,0.13573046352511378,0
-0.9254616049290127,-2.7698781656330436,1
1.2408641508668323,0.602346002773693,1
1.3349894661601889,-0.3324007645879907,1
1.5642295227012126,0.33603428280306197,1
2.7867399308134915,1.8341326612285946,1
2.6541421374765797,0.01595392830415163,1
-0.747411279032401,-0.38055234476400185,0
1.971692360865748,2.1909011601339787,0
0.7019259781863958,0.3735452405313972,1
0.8553209411046117,-1.2837937689825478,1
0.832854533376366,-0.7509723512842943,1
0.5285111517860908,-1.0759704882483339,1
3.1005997246000048,1.140327757318665,1
-0.25329610328376084,-0.3501479747567347,1
0.660976452481073,0.9195261555035897,0
-0.2969486880955782,0.5325427310822386,0
2.6123790050144002,2.00220158451261,1
-3.3148053884337507,-3.6402888824474715,0
-1.40179234960157,-2.1914766502701974,0
-0.659048246293518,0.09505817577709721,0
1.6924628008738574,-0.31000661380508737,1
-0.1181186015558775,-1.0170597923657319,1
3.8062283254030556,1.1809890712667703,1
0.3909270138924868,0.03085474476413079,0
0.310173531626582,-0.657292525759244,1
0.5921036699212122,-0.36929983816021233,1
0.28477049788876757,0.435174757227646,0
-0.29582490919630017,-1.5319734986971167,0
1.6973789615440817,-0.5335790236622537,1
1.0175306890528713,1.7831994888718574,0
1.5631089193161434,0.9818284295385379,1
2.945372915859599,1.457279572411221,1
-0.5028959040818811,-0.19982881399349367,0
0.9119466371223011,-0.3504308704424048,1
0.7653807014676737,-0.13772650144847404,1
0.796186904642969,0.5112955505256714,0
0.3963532420080067,0.4196229746560637,1
0.03470555989597525,-0.9259995242432818,0
-0.3217887576438391,-0.7775793502765955,0
1.1480186546961315,-0.4669105543340533,1
0.6247133293828937,-0.07237374055092197,1
0.5224045028337606,0.596094579452954,0
-0.5368169794811989,-1.085736033419461,0
1.1726353324675987,1.2469990849255455,1
1.691211341610231,-0.11863385788228661,1
-1.5073279598711893,-1.2387344991200617,0
-0.6056006232869042,-1.6189478102967556,1
0.18246346531119442,0.6003351295959904,0
1.8136938620655714,0.26286884006587186,1
1.6158527847142476,1.498011357866988,1
1.9765384483951505,0.8740331701942033,1
-1.3578158237160598,-1.890078380653522,0
-0.14149772141062544,0.5429100074060863,0
0.36967774878981097,0.29904393668911816,0
0.6469090174996641,-0.11385400246371304,0
1.4551275170588607,-0.1944923052874367,1
1.3332431959780795,0.6752432968301613,0
1.5183517296418203,1.2836227345811089,0
2.010225875446964,0.8365739870430724,1
0.11122114718556904,0.023008489666516224,0
0.27723059600841005,0.902444368963906,0
1.1745951776959782,-0.3355677145736028,1
0.47215481943655374,-0.6384492646087416,0
-0.538730315891478,-1.2551543797550864,0
-1.5536524390929942,-0.5743036241642754,0
1.2632718690829845,-0.6925235548504951,1
-0.25731533871137,0.015656788796186785,0
0.7859089030640112,1.1754624503732372,0
0.8361920727637513,0.9364942962403844,0
-0.6308031849018066,-1.3126371363437743,0
1.5030431951610774,0.20270845193223294,1
1.9094643714561854,0.04891154709699504,1
1.9989378498150323,0.13593854691166454,1
0.7983487031604292,-1.23228346575217,1
0.6144355335474889,-0.21226750173001446,1
-1.4312961729547422,-0.4662096286852508,0
2.182239247356546,0.40991829548781783,1
0.33552234069708275,-0.5877245783672363,1
3.7533236424877767,1.8739563771180996,1
0.07343771254205458,0.268921758309356,0
0.06521898921322045,-0.6959154072232389,1
-2.1759690170426844,-2.7411592543870946,0
-0.008081911575316791,-1.2688296514664132,1
0.3126616443472783,-0.5636736899535177,1
1.089269954981281,-0.17657874383939517,1
1.3959557086988543,1.2503716806435579,0
1.8895630382289608,1.5404246301286175,0
-1.5377034332058306,-0.9352085085826799,0
0.2392163454455814,0.19458615472327295,0
-0.1161122336096055,-1.1379733963821956,0
-1.681079892677706,-1.638341774662531,0
-0.7820211471781813,-1.3816234263095257,0
-1.3647542223112406,-1.0145027422032156,0
-0.742619666455967,-1.0711869410057826,0
-0.4217949854294363,-0.8058472955461087,1
-0.03815385559799432,0.38192356986881193,0
1.571938914015977,0.1739546974513093,1
1.5403366175626776,0.17581236520661792,1
-0.19334346517043532,-1.4738494490182805,1
-1.2225138585758923,-0.9302255372219839,0
1.0021833747852222,1.4966043282192727,0
1.9322635997793376,0.3081040153961371,1
-1.3790559790061612,-1.3214354030402584,0
1.1413372811743596,0.06492277122130523,1
-1.4272891450288356,-1.6126979505166652,0
2.160547642818897,0.9184286859100589,1
0.39628087099410125,1.3654550199046733,0
0.3013948414061514,0.12140184145418359,0
-0.24108863772164313,0.10896734091314535,0
3.7202356029575308,1.6288654724097056,1
-0.7578339534917343,-1.2034648962126664,0
-0.832906582914048,-0.9676053496821951,0
1.6463363382749503,0.8322646279684269,1
-2.3073957726904664,-2.0909735958597944,0
0.09000052593045448,0.7226330607964422,0
-0.4031038378264494,-0.3961634151050138,0
0.8714905833743318,0.4989472099413371,0
1.8289958960941926,0.9133974585387584,1
0.894398027758659,-0.013697959351833648,1
-0.7259371378459194,-0.5759277138620195,0
1.3491064524116474,0.881593519766045,1
0.26923485787425316,0.5337516301310234,0
0.09853182613917541,-0.7562127234751219,0
1.3157453819786913,0.13418206030957128,1
1.58497015299465,0.0748182589556556,1
0.4294673345249185,-1.2244196195513326,0
0.8264513414309673,-0.7977284262613928,1
2.47124464852198,0.553949959100962,1
0.9037285681874516,-0.6079407557560293,1
0.23319522508741897,0.2434114872932589,0
0.10044297583066196,-0.39899570752923613,0
0.18246643422735695,-0.603453810295934,0
1.1254087614038295,-0.20548840534633872,1
0.6581558849694247,0.4600039571269312,1
1.7093665425822508,-0.018995390806802886,1
-2.5245912943449182,-1.8649614274704382,0
0.5530924041917308,0.2414287294583119,1
0.0065144549508542315,-2.2226393692251607,1
2.2134584193999514,0.4956222448122714,1
1.0925424934634564,0.2611578767854217,1
1.4108909406829286,0.47560605017419005,1
0.93724228826391,1.276497788597261,0
-0.04486246715659486,-1.0988535342494643,0
1.7528380774759582,1.6179946777778496,1
0.6538393438676722,0.9491152254060506,0
0.17861122685222292,-0.9733495447740282,0
2.028717257471042,0.5521536405378721,1
-1.4028265770802464,-1.620590997249006,0
-0.1324362283607668,-0.49099641617905,0
-0.02288547201851432,-1.025082236022618,1
2.6479714114615764,1.19998207641628,1
3.0504569292487345,1.286439461372714,1
1.0884500955087182,1.7215564765504128,0
-2.0779685006908415,-1.533154999584524,0
1.6310166233557846,1.4907702360690716,1
1.5036251502735252,1.1178256668529694,0
1.3104578344247806,0.6592333431069175,1
-0.625724354079545,-0.5405640235297254,0
0.8766728200427747,-0.1191336675240855,1
0.21994469020957919,0.3268943772689373,0
-0.06607855066253893,0.8350448717195822,0
-0.0796195463895244,-2.0110743014116164,1
1.071195733939085,0.018236142604560204,1
0.09904718432942783,-0.6666187359654453,1
-0.9826859251720169,-1.1717531222971935,0
-0.2880636823707643,-1.493941028151398,0
0.9001396032779013,-0.4618086215268633,1
0.6705347560661147,0.6860336227087194,0
0.7312310013812244,-0.014436040487821199,0
0.358668774098001,0.48904459974495507,0
-0.48212598463765954,-1.1853114895258758,0
-0.47895318069108755,-0.31495900701404883,0
0.616232483283853,-0.18057440205546732,1
0.6431633794688556,0.09957182993301826,0
0.8202740992855152,0.8268310942963059,0
-1.2601260851758003,-1.0588951088510743,0
0.8786661194302883,-0.8566724739136881,1
-0.15509186359331512,-0.6289977269460878,0
0.21804577192279612,-0.2343316011493511,0
-0.38775992754116545,-1.451305755019137,0
2.5312971936146664,1.3901503027667241,1
1.5942036544102187,-0.49511419099511234,1
2.5602693459875274,1.5803555255751327,1
0.579006729734487,-0.7946370243923019,1
-1.7640298069540938,-2.8764902398202534,0
0.8942782696903573,-0.18361167426231864,1
0.9628872429323054,0.025785484783253102,0
0.22623818854255417,-0.41345150157169924,1
1.392085592368805,0.09829386834336482,1
-2.053528818034934,-1.9959829710924457,0
0.9103550948264906,0.05016377089316423,0
-1.4548245638498216,-1.2897472999213986,0
0.473170200373709,0.8326234069609725,0
-1.9540985558710553,-1.5921017363899008,0
-0.9135601567448788,-1.3334608072213474,0
0.7156623684411024,0.41887780737339897,0
2.0806659183442306,1.1676873796655962,1
-1.2687370938821927,-1.8406032424949168,0
1.0441921343533833,0.529172448468608,1
1.6674327638287083,0.4474324413665722,0
-0.07255592738050677,-0.980306824538166,0
-0.4238715608212131,0.15294124318852173,0
-1.0973227757144979,0.3379997115736599,0
-1.7432936659477365,-2.038060220476579,0
1.3944844324906165,0.34139668094560577,1
-0.20306921971852343,0.38485404855761496,0
-0.40013245880327136,-0.14483646988055002,0
0.10438180723154478,-1.727085236499569,1
-1.8723663798200632,-0.8359220389126676,0
-0.45166902494899636,0.5555991693502375,0
-1.3530978964646059,-2.414876301657243,0
0.5299042188831499,0.08873344474507355,0
0.6835127744214784,0.9296207220167947,0
-0.7174054597573067,-1.7311751324634737,0
0.010595109810459948,1.1983765098000225,0
-0.55758215548796,-0.7045714162365393,0
1.4567184780761588,1.8149754033000645,0
0.9815147263420215,0.07792580244481444,1
2.6044750257385116,0.9610557316631866,1
0.45496178735499304,-0.05539023889558471,1
1.1863753581703331,-0.1571816790767524,1
0.30447298767816483,-0.2844311945616087,0
-0.506880708067349,-0.040187321070674985,0
0.057535630710408354,-0.7409005967936005,0
0.8560768940350645,-0.9266701214408425,1
-0.1251089819701685,-1.07441398488048,1
2.3118192271899147,0.6312053139443999,1
-0.6485711761030619,-1.1765399513258112,0
-1.8503331110624555,-1.595753145770711,0
1.3741767440903492,1.7791707766743348,0
0.412593806333799,0.5453216983890815,0
2.450403299357255,0.5068622271939703,1
-3.3964781334737966,-3.0452765153330237,0
-0.5663236632648551,-0.9027699737313118,0
-0.6859233160365314,-2.2463836374960655,1
1.4776509386690568,0.697687849923669,0
-0.9465810862336357,-1.8641598465235352,1
0.8625863035245189,-0.8472270951477031,1
2.2933655969904523,0.3826257235029081,1
-0.00783811102765218,0.12189177211553814,0
0.5467311405874294,-0.6518740956564851,1
-0.6886268447678154,-1.1345222398015116,1
0.3061660198373717,-0.6657566113081101,1
0.21836778408203183,-0.038450295495417,0
2.3676712065515586,1.211031930333571,1
-1.0221794583916124,-0.5483179902728917,0
-1.182444527869635,-1.1772095634117477,0
0.22317922410479252,0.8606546258468198,0
1.0915949118135844,-0.4319775685171523,0
-1.3153222981434436,-2.5896170929278353,1
1.0961623628995267,-0.7740492756513631,1
0.5199013415557118,-0.0722474130724319,1
0.8910073723914559,-0.94728247799881,1
1.8389870764677272,1.081724275977496,0
-0.7331281545757607,-0.05481765798163269,0
-1.1311241614279808,-0.3041398284941278,0
-0.3360700754044603,-0.3479390317020316,1
1.5348379168404627,1.3943118021047685,0
0.6059239968707109,0.6498573970786964,0
1.226582223310708,1.0436198451550065,0
-1.2106506766559697,-0.8373398113603889,0
-0.06886416461344447,-0.17958951857994518,1
1.7350420645238598,-0.34530336027595554,1
-0.8230794052847104,-0.9558125170422562,0
-0.22049175107667796,-1.4404556638946464,1
0.0767489796061405,-0.1408019039460641,0
1.069957308427226,1.3677430635297099,0
0.890835098570651,0.7312611959276709,0
2.7278474404893,1.396999967315066,1
-2.20054136667975,-1.9981982618460576,0
0.03309000862916611,-1.1360321040624546,1
2.0773131116639734,1.3873976362730798,1
-0.937805457071382,-1.2205089331981744,0
1.3227743456437902,-0.725659399517762,1
1.3423000018488642,1.1653863212181075,0
-1.4817774411347973,-0.7653904468286069,0
-2.3784813102909808,-1.9325889225011388,0
-0.014171331353971903,-0.671200147355923,0
0.9421968230169817,0.9551605553151601,0
0.8732913236010071,-0.5398829929552532,1
0.19090407476068627,-0.18743736957764104,1
-0.6098658193794098,-0.3927461747704607,0
1.6971205704767778,1.6819885455217691,0
-0.8162899051065523,-0.2943800763608197,0
-0.8822476689658575,0.20146690340179074,0
0.6503427166147456,-1.4537769765035553,1
2.6593933602990507,1.5037742051782643,1
2.7411413831106612,0.6304189820619923,1
1.336782755130678,-0.09179924570186712,1
-0.05047304158816881,0.10374018071973924,0
0.8292853432716562,-0.8280816489511971,1
2.442908880182807,0.45917678823076946,1
1.585740915166341,0.44783893662150426,0
1.7987745022027624,-0.17890172818252842,1
-2.091118718774548,-2.43333946871287,0
0.6164269174284717,0.7411527978167587,0
0.5132804814716945,-1.1352938131972143,1
1.1255239880470076,-0.7111791779676617,1
0.6187572616955932,0.06192358816766884,1
-0.39640114555929507,-1.4323375449801203,0
1.1305512705343312,0.002028379734950065,1
1.3769393653881852,-1.08394118250162,1
1.0374390076927553,0.8592146976874828,0
-0.03956119391915025,-0.7406842675620141,1
1.144377757377522,-0.06949912878483763,0
-0.8144664096343234,-0.4479292376492656,0
0.743820620998016,-0.6713103418970666,1
-1.183180161811091,-1.0144935840198264,1
1.5545991957431373,0.05439378739879825,1
3.0349377294668063,1.8657722186462993,1
-0.6418116193754069,0.017994706348675244,0
0.30768195882591354,-0.3936846607356729,1
1.0428402798738061,-0.47707257937003733,1
1.6962168160309044,1.1641636538877027,1
1.8985360465210723,1.0364677802435627,1
2.5586305155180247,1.4141253961822022,1
0.8183284481230866,1.0727502929732586,0
1.8968490207422803,0.6309822344686867,1
0.400849331117636,-0.7894848559052496,1
-0.6445280543081862,-1.0295118371791703,1
-0.7222132996364147,0.3670699443332299,0
1.2810875149905763,1.6088267654030883,0
0.26982393790047887,-1.0100921626712382,1
-1.1910443675451197,-0.5639426976554125,0
-0.3584689154344165,-0.08772154953086096,0
3.1335814559461856,0.39923503721011383,1
0.31294676765634644,-1.2913508348398393,1
2.495721833337189,1.8081960243634645,1
-1.537757188352398,-0.9002797002143528,0
-0.004938675873363855,1.3942117410685169,0
1.928358532366699,0.6028819191328759,1
3.2666110279142746,0.977172020246034,1
0.2077182665189582,-1.3330702037780733,1
2.027965529064829,0.15657873398550645,1
0.6117585380864455,1.0852043925500237,0
0.9121655170714335,-0.43794283675367146,1
-1.029991631408254,-0.40838183392481814,0
1.372045313275903,0.7114579665261139,1
0.6145072731421254,-0.4102816046771604,0
-0.27522748803895475,-0.6210022122938471,0
1.8231280787912507,-0.6416228873812121,1
2.2296207920630495,0.4265987000455378,1
-0.1572390388682383,-0.38206235764928814,0
0.486853065363454,0.8766187489328272,0
-0.6452722433040328,-0.31118863354428367,0
0.9854164947478599,-0.11594042800177176,1
0.5037834558733385,-1.421414296313361,0
0.18574240255304536,-0.7093557541253397,0
2.8671467093091643,1.7838227615430255,1
-0.2751739058423529,-0.4473727418295179,0
0.4656070822057591,-0.2999839950653693,1
-1.6365051304141396,-0.3622666647782752,0
2.0967859369948765,1.4592992352195133,1
-1.3255012123972836,-1.744197362504483,1
0.7470908773739816,-0.6500120846433101,1
-0.5840870502274974,-0.09882595496486099,0
0.2800942990796092,0.8550959368666391,0
0.6155752465202011,-0.9768419305560818,1
-0.10710836449424957,0.23888947415740217,0
-1.804445087126601,-1.1315183700459412,0
1.8781571623779683,-0.04817691890274399,1
-0.8467421780354121,-0.7422301030106113,0
2.0139074994616744,0.18353722501096392,1
1.5665344080703743,-0.7435752396424887,1
2.8152106282839187,1.8362429290984053,1
-0.5850907656339333,-0.8949310078342662,0
0.6507416172812182,-0.6679703089569355,1
0.9637027929580526,-0.8246715695391781,1
2.5992764961023345,1.3510602682457953,1
1.5168941992099034,0.39910606906476515,1
1.7878441308441722,0.3344593213660324,1
1.5327905136349953,0.5164883181242391,1
0.43815920477353,-1.287760782161977,1
0.6243633828629108,-0.7721813188592571,1
3.3568190074525637,1.9536454909505905,1
-0.3424932444734976,-0.9223002511835583,1
0.533199662188875,-0.602341803561207,1
1.9519179781222133,1.1056081461623413,0
0.3322492663196726,1.1793438911740166,0
0.20894068257956763,-0.03968115010554301,0
-0.6072122274811039,0.010641769238565708,0
0.3504809818216823,1.1539529714911223,1
0.5956742864782958,-0.17345947554302896,1
2.4079537865644225,0.6305727032356596,1
1.2163923228820581,0.38237829338026913,1
2.283643228070638,-0.22847728884046647,1
0.9504949333533371,1.9212480981104545,0
1.1508257688589918,0.018075619811885966,1
2.8361063150925343,0.7568935186056243,1
-0.211252107772638,0.6813158235419091,0
0.06946077779965165,-0.5405241041051504,1
-0.11939832977139742,-1.1852318142547273,1
-0.3919317254395882,-1.3578119274058147,1
0.8968716401130885,-0.6099249158819977,1
2.021009483778218,0.6840910226867869,0
-0.7466948398899507,-0.9258240711505736,0
1.0474403448171699,-0.21850206708674993,1
0.17204675147296666,-0.21111610675754006,0
-0.048622447057649655,0.5339450513508772,0
0.5166978691799162,-1.0363515825495468,1
1.3312323867600788,-0.007506587399994002,1
3.2634916922594206,1.6670205617644471,1
2.157676782986203,0.14653354261405,1
0.5883483342686218,0.2854109126823564,0
1.6587790774787143,0.8752983507966331,0
1.1651917815084427,-1.032517444174492,1
-0.5010512441592677,0.22040677352837562,0
1.2801848261553166,0.2000726759823681,0
1.549631658026635,1.3696728969560936,0
-0.1319001331776075,-1.064636351358955,0
-0.46311102525550885,0.08916325132478883,0
1.1805532097609808,-0.047327226627191195,0
-0.045887416909074386,-0.5135357076354433,1
1.206560813461634,-1.1434658722377677,1
1.865420439575335,1.11886613514972,1
2.1528356221587375,2.2945167947554665,1
-0.20704547458429123,-0.0401540724238235,0
-0.8614761612087688,-0.10353602469114921,0
0.22268974895787197,-1.0618725699978981,1
1.2504092838535565,0.5310737349371841,0
-0.6235821082145714,-1.757460138936905,1
0.9109690224550173,0.7869778988706706,1
0.134861675335623,-0.3986152285728454,0
1.7976464470002465,-0.2052255898302436,1
0.9832413562693395,1.0317598613147891,1
1.0621972671649436,-1.7991205952296876,1
-0.8967025993773209,-1.2236377261505873,0
2.7465756127043046,2.00051633006582,1
0.2966485561901193,-1.1890628026700976,1
-1.1905478176459638,-1.4541572064445678,0
1.4235662711668517,0.26639287906794173,0
-0.11666198618463323,0.8581026582664936,0
1.0964289394984401,0.19541052133808842,1
2.16740626289414,1.1455030477182804,1
0.6094265587575108,-0.5951873378625159,0
1.1170160262865179,0.24120450406975907,1
-0.06295353423244723,0.8996372888852923,0
-0.5530203275852155,-1.4195721800844021,0
-0.3850059444337576,-0.18344521342686596,0
2.0700732922216063,1.2027961719519065,1
1.0740928904025873,0.8513914756733194,0
-0.8914622618890059,-1.2587656149169533,0
-0.5848967803586236,-1.2413484631334406,0
1.1681915334671231,-0.5523050584587855,1
0.7383069597363148,-0.7551462511003219,1
-0.7255828418267447,-1.452459306821757,1
2.482418655089955,1.384731466873802,0
2.703567076979845,0.5660005113257115,1
-0.8194825525996912,-0.8471890069133479,0
1.8750997823134057,-0.2650797917150878,1
-1.5939636720176662,-0.8546589001027606,0
0.4030930433046107,-0.1370637846936422,1
2.6476099891029454,-0.10154110980040981,1
2.958437033899196,1.208502601037349,1
-0.5142193069885811,-1.1473474704448614,0
-0.06256757632481835,-1.0310873878313418,1
-1.3396299375962224,-0.6208561277509794,0
0.9125980963740378,1.0065160848813,0
1.1304015131301157,1.6044550504392776,0
0.35890494231778236,-1.0859519691882469,1
0.8789382395811257,1.3096888967600917,0
0.39929730740296987,0.0370306678886583,1
2.4662949309423965,0.5986275897490474,1
0.02371603551900459,0.5327383473573896,0
-1.551830727551862,-1.3986023838474417,0
1.1066624484679464,-1.00554028477866,1
0.6197498110134655,0.5335872324664108,1
-0.34022928659565327,0.40406616914500043,0
-0.40316142892499096,-1.0915064358465794,0
1.6528226743495096,0.2771000905239708,1
-0.5755368759969016,-1.4484424238695561,0
1.0986549103832473,-0.026495017990185492,1
1.1825677723141588,0.5562390982507404,1
-0.3379699776340639,-0.5099063829275067,0
1.6302291484130056,0.49987115153108214,1
-0.8043314532836308,-0.27192052847395287,0
1.4314717650494801,0.26985736996294213,1
1.304913951236475,-0.024591756140630302,1
3.2758856400880623,2.0261213732751244,1
-1.3717872348733555,-2.161522261464623,1
-1.2642656015680103,-1.525909101045213,0
-0.5722580233424306,-1.4131974920771617,0
1.8503186061341934,1.352423712187999,0
0.5759548480641666,0.5247690445139235,0
0.5420097714980312,-1.2278011305952892,1
1.5726457396708216,0.2878866472929973,1
2.4912874971546635,1.6462554311748154,1
1.0093236028677284,-0.5925969471107418,1
0.03942892389493746,-0.7552314651734174,1
-0.968345653176353,-1.2173380938709704,1
-0.29237378107938,-0.08231859980966319,0
-0.7044843014646047,-0.22298123681336746,1
0.5609463678432027,-0.5645417991031402,1
4.20374022463255,1.675555261593874,1
1.523634616710225,0.5416972379384025,1
0.9568004690781595,0.5363001254463095,0
1.017751205709214,-0.004577857556445961,1
3.8162294212044863,2.291096014941207,1
-0.12911664140985435,-1.2614772238466145,1
0.3072463581074114,-1.0088804146952992,1
-1.5605799045604016,0.339804503562681,0
0.8994208346749213,0.35334419521532284,1
0.1284326565892191,-0.30905434814684624,1
-1.3830024024033858,-0.8370654885727029,0
1.6553873002589248,1.0872696674490914,1
1.6284017829929276,0.8192976138154345,0
2.625001475904967,1.089388728302299,1
0.9852130473382336,0.348097481725859,1
1.7853010781975476,1.2305042920653806,1
-0.24919856112117275,0.26308846619245363,0
0.1190269140677116,-0.7714938318821062,1
0.35044778387468134,-0.8495093012290839,1
0.8216496533140376,-1.8416891494249061,1
1.1766909959535963,1.3452698445343254,0
0.7301278948152369,0.3644610794235035,0
1.2537305218871928,0.04466563091417078,0
-1.50565265724634,-1.1126615651201852,0
0.9684644993315985,1.5785386446489604,0
1.7327050367812862,1.6314636128762532,1
-0.6771595789256027,-0.7451492917427402,0
0.7470772900546975,-0.39594354830906286,1
-0.3949830642198051,-0.671185697150492,0
0.293409610881746,0.4203985410070244,0
0.37510574748963593,-0.047170682089943,0
-0.38232582905715856,-1.6892390428510338,0
-0.6253417723285642,-0.6350929428593206,0
-0.8420987899555739,-1.1551029045639107,0
0.8348653891239382,0.24524079760399253,1
1.357321750067792,1.1017849750007371,0
0.4343881133194369,0.589893610544383,0
-2.6525844063905195,-1.8393786157489365,0
-0.011196136153693257,1.4329751569927924,0
2.172106280533869,0.3688736859403725,1
0.7828742463471801,-1.4543994090551762,1
1.2953345630396664,0.7500940932129732,1
1.9786934256644693,-1.5131100211501025,1
-0.4944346829529549,0.8028789932022985,0
0.11169930296360264,-1.193904461895418,1
-0.6278800994913161,-0.03377404547145458,0
3.1595081064336226,1.8225228362529076,1
2.2246807362793515,1.1395031951831176,1
0.6272221198290368,0.4742805383831023,0
1.6542277490029735,1.085210965609031,1
1.0617464770484835,-1.0120186906721453,1
0.2255235874730735,-0.5049173640841245,0
-1.5728259867747796,-0.4843462068739569,0
-0.5131424889555056,-0.7997368670472801,1
2.3331788684425225,1.5682276841604905,0
0.2014946308726058,-0.17814783979161872,0
-0.41496271532098866,-0.1556808226492111,0
2.0328062553516912,1.7993161750360687,1
2.8575069983977155,0.9460850588955302,1
-2.042366220776749,-2.080599646743245,0
0.004704471096002585,0.4262428462869859,0
1.1440618959692566,1.5567817603139102,0
1.4287610007355853,-0.8519064998915508,1
-0.19796335257713024,0.8216840511718302,0
0.016507241305189116,0.4992707190068641,0
-0.0351219880968654,-0.2875823096126968,1
0.2527530532701894,-0.661480358078339,1
0.019621716571538838,0.5301174078409133,0
1.2816505013578825,0.636872927483554,1
2.8535524504647207,1.630284120573816,1
0.18417182835989132,-0.5089021846238568,0
0.5616273235989726,-0.9018087631875858,1
0.24090399420660125,0.27694092374074236,1
2.998740535340044,2.0551080212678605,1
1.3146309011164405,2.4292844263838553,0
0.15205204052246749,0.3927020410585755,0
2.8895401782513197,1.1186518037807953,1
0.1291726410772529,-0.4949577398265827,1
0.9176273604853045,0.6302196530691873,1
2.6548321358327645,1.9304778184511302,1
0.06777633854990378,0.6321151584381784,0
0.7346905214259478,-0.41586890407660465,1
1.7375646374329066,0.9913286752667797,0
1.511152418102764,-0.7943619772987086,1
1.6772297506603744,0.14227452328619122,1
1.068906112735125,0.5013135553328372,0
0.4372521225685135,-0.14002643636677092,0
-0.2640568250808548,-2.145069596472489,1
-1.3056120953992927,-0.8450046618686845,0
1.4396231875997854,1.0725873062440474,0
-0.06522544847886662,0.6899685512190211,0
0.07615687278462417,1.0964861909044177,0
-0.4421161978609259,-0.9223737222894381,0
2.0116410814925874,1.221751550753084,1
0.20524860823203706,-1.7985432333266023,1
1.5072332325533049,0.6912376209559985,1
2.0643087557824353,1.087622671254519,1
1.5552584840140256,-0.9696935470800587,1
-1.8173220237575494,-1.5828459869659,1
0.5524718118920299,-0.6349426461002821,0
2.960067063234077,0.38843400934733346,1
0.498500657969091,0.33916357612450776,0
-0.3267817244223026,0.359406174705065,0
-1.231629753904905,-0.8511047902827891,0
0.24596224343488907,0.990051241178727,0
-1.4604127211838906,0.325056907891916,0
2.4307107182428753,1.7122217811628242,1
-0.6745544691364715,-0.5797149714038483,0
1.523491089224876,0.12797641060202403,1
-2.2040655195538936,-2.0699055922994747,0
-0.12327215647050527,-0.40107707717893026,1
0.3406754030285004,-0.25168442818920506,1
-0.29594207752905055,-0.26197253678096794,0
1.099141989790436,0.007219248511364812,1
1.2989776663292385,1.5208482334476157,0
-1.440437005640717,-1.6063837131995495,0
-2.3333199774028075,-1.8577597714900111,0
-1.6208474519681946,-1.7915858699769749,0
0.3592327410665006,-0.29661546074811107,0
-0.652982382501011,-0.667262373865531,0
1.8831404692552245,0.42035834408806283,1
1.7788326097882057,0.24956214284354822,1
0.715263747034553,0.9085139698003598,0
1.1802805978496533,-0.8699145014454912,1
-0.154847169415074,-0.6924423294356169,0
2.0094255530739393,0.7742924039000332,1
0.9886261551657206,-1.0292791613955603,1
0.4165229814249988,-0.2778798667285598,1
-1.0243524402976458,-0.9579983418088203,0
1.4908523564179084,-0.2917254249501018,1
1.5253561214941878,0.2521858775451528,1
1.9599916584248014,1.8693536822899768,0
-0.6303336039654579,-1.0194330832989948,0
0.016536737750691217,-0.22159471716585896,0
0.6224242848028264,0.5569677830186294,0
2.4896675429508184,1.1007774164862871,1
-1.122823024454194,-2.3286716073195577,0
-0.2801176691863072,-0.2382521060486568,0
0.15066946125730585,-0.8608307808691488,1
1.071070407747768,0.19790035188635455,1
1.6292325505037037,0.7472608654766207,1
-0.11465846892836051,-1.2872785953768031,1
1.6744950920893615,-0.11016625311818727,1
0.5862783328776374,0.9980668659845175,0
-1.9741046610897737,-0.5317776014252381,0
1.717512699606575,0.25341516392507624,1
-0.6248443390682686,-0.5729567587245652,0
3.4561743120116324,1.7811035289937156,1
-0.0372086430952407,0.18248165145131703,0
-0.10346926562623682,-1.6775215767453648,1
0.625694572007698,1.226493711864853,0
-0.9277988228428797,-0.42602703299158884,0
-0.06080378938964781,-0.9982401566242449,1
1.4979344272713433,1.7080861088420327,0
1.7746190439568972,-0.1132172890420484,1
-0.15598205878117716,-1.3822975460934257,0
-0.0666067732411855,-0.9029907190268759,0
0.6115349295481699,-0.2175240506277749,1
0.19080519752814906,0.015371341638617739,1
-0.8048358314974576,-0.016956119064789305,0
1.2094667261347987,2.062402368388157,0
-2.1620040868510864,-1.418592791455004,0
0.4219239923336462,-1.0192698665998379,1
2.5394283000847,2.8336383908457807,1
2.1486642700049776,1.171107928594838,1
2.96289198935407,1.1959331195178242,1
0.20264091998220468,-0.23155784107966254,0
1.1855845925795667,-0.09424942518070435,1
-0.44378377496238863,-0.21872492523765438,0
2.405304349742903,0.6028434955194572,1
2.7478149958587688,3.393041224101133,0
-0.7607844161837467,-0.4222518975190196,0
0.09722906269033674,0.2649199164122664,0
1.2085502702255295,1.2383107618508826,0
-0.7013273301264972,-0.4720240950936267,0
-1.8321418182988474,-1.010811990214861,0
2.13474915323608,0.17022571158090977,1
0.1726102258072641,-0.0969542684920132,0
-0.41827062475651244,-0.6520298111584625,0
1.7840037371656834,1.3338904714422808,1
1.0223461127930378,0.088316099655439,1
-0.04618841773106763,-1.644091157840374,1
-1.378021782259234,-0.9001041484260005,0
0.49582028369161174,0.2765256343867148,0
1.4114219422639178,-1.4008940659807756,1
0.5000460563787584,-0.7613388594529611,1
0.023158235351249338,0.5863286496473141,0
1.3901203832068454,1.0406256526454614,0
-0.03217033887058911,-0.33695919108680233,0
1.3042553778445487,1.7103314774213745,0
-0.45648030684365537,-0.03042128120634747,1
-0.20637917898328928,-0.32137313822619923,0
-0.2659985903615385,-2.0633762320554125,1
0.1498131980909294,-0.8616608835504844,1
1.6230300864348906,0.5643340610626121,1
-0.5833364534471882,0.028259653195695886,0
1.038473046302436,0.5687354496329267,0
1.1865231698046648,-1.184528667019631,1
-1.4004367948535352,-2.0726440385196603,0
1.202377709145787,-0.5506692137433365,1
0.18033103017303453,-0.4355045161632497,1
-0.2522043493814927,-1.0696394402505818,1
0.8548814354215208,-1.4087572717065933,1
-0.49886351896729725,-0.5574956414342702,0
1.3810592969765996,0.15275968984271615,1
0.25872943646547053,0.5550877804841153,0
1.3003830206251714,0.07877029120875363,1
-0.6734409588564703,-0.6699297094400378,0
-0.13259236139195557,-0.13522117134883102,0
-1.3926900876791592,-1.5787744466557523,1
0.19468627445890163,0.03754038072966086,0
0.12500317112562964,-1.1977265441524327,1
-0.843478526210517,-0.5518294529947922,0
-0.6719571875102796,-0.29668652584565997,0
0.2923233142901712,-1.4755600393845272,1
1.8860656079015536,0.8232802678078347,1
1.4558050321734715,1.4564322155966212,0
-1.1195046899330234,-1.1256464463475164,0
0.5942617299556691,-0.45898095369016384,1
2.338453423209314,0.042988880663148266,1
0.7601718965824606,-0.20026743165530017,1
0.7039763276393004,0.7676561956847683,0
1.5413160675904805,1.2684315680081564,0
0.1102574008563375,-0.39346659729184524,1
-0.9075812772389504,-1.5088195497171897,0
1.7835208290566757,-0.0922269704610764,1
0.08495608472732313,-1.3587474825236185,0
-0.22906778171192843,-1.1955664713014207,1
2.366847440711029,0.39977325215427595,1
0.13956272583776183,-0.5240273292758514,0
0.09039058636272353,-0.2088539374983029,0
0.6042320888087931,-0.7054676722443284,1
1.803292144058477,-0.7147660966468553,1
1.1519456307473213,1.2069895038112746,0
0.567638070706382,0.5660161454055918,0
0.20787103355809755,-1.8941215134207565,1
0.24010216759937164,-1.2339362112934436,1
-1.1860443047732463,-0.8714847652463767,0
1.1453072599847551,0.2694842680910626,0
0.9831945910121817,0.4287630411792108,1
1.0750581640869288,1.0143628555521496,0
-2.33466630503693,-2.5235971245051134,0
1.1078129507537946,1.7590865687655075,0
-2.127853722144419,-2.7258533848266033,1
0.3147073789152459,0.36424085094185804,0
0.42711472082771246,0.3796862530291887,0
1.5566447631309386,0.8425328604063037,1
1.330041528137262,0.8677444546318162,1
1.6867679635558237,1.817465515957355,1
0.09390790723589015,-1.4150726557896371,1
2.65624464181369,4.04718774866254,0
0.2972276337144035,-1.031849479662833,1
0.06504297725085921,0.6839460478441641,0
0.6825000531067175,0.6305334298494957,1
-0.029833868829376022,-0.042402833315924406,0
2.149157189063092,0.5012856159852813,1
1.2416751700848987,1.4669507756231839,0
0.11793924750197982,-0.7362324394480012,1
2.289775930961121,2.3413327093835177,0
0.1551409371932538,0.9779751500837104,0
0.902768618362492,-0.06691890167146944,0
0.6520382909911662,-0.42482456498652077,1
1.3984934862971137,-0.040663229516920356,1
1.0466173296282912,2.350764157655543,0
0.20565861915290495,-0.3424721547740494,0
0.7946889087874222,0.7176604914216991,0
0.7715076510282847,0.5776401635604731,0
-0.783616160864034,-0.5364120933423692,0
0.4550387542280869,0.6687043378811494,0
-0.928011946944006,0.0010613984715791328,0
1.7460173818023637,0.5549025828020202,1
2.2718134870387034,2.3460232677305757,0
-1.4001688757593191,-1.113358709272388,0
0.49800453621552776,-0.1895216098917194,1
0.28278156314404823,-0.04827473551537102,0
-2.176282253146487,-2.5954383197206354,0
-1.4066097124929395,-0.9600499246433536,0
-0.24756551544419392,-0.5034943657520199,0
-1.293755435128968,-0.502953297956336,0
2.1184412801365973,0.9548823695858852,1
1.487653526533172,1.3261582685484041,0
1.1418271527091306,0.44842993123188646,1
0.8758669739704076,-0.4256446934005539,1
1.1049804547416213,0.846527749977303,0
-0.9551262484553746,-2.124296750977925,1
-0.5910462873705649,-1.4153163079941344,1
1.1780077367986204,0.189131913168512,1
-0.88876128367931,-0.40790478450658757,0
1.7461880975562556,1.0575555367288658,1
1.2886165038864,1.2722209836609635,0
0.040254470885198984,-0.04542021420390115,0
0.6878277666638729,1.2592651188527393,0
1.0894363230951407,1.490212044650024,0
1.6068253583972683,2.081560025927778,1
1.7941193697806916,1.2133566682341514,1
0.1044063584229742,1.3248083268074946,0
-0.24884430501064417,0.5882457227116243,0
0.21018015766415601,-0.46363446971599,0
0.850835892956383,-0.7731269925474096,1
-0.8352886153546059,-0.7461507226370759,0
0.3071422332662933,-1.2748648169894865,1
1.3295463327650539,1.5570115110292182,0
-0.6012941548652471,-1.4027207555045107,0
-0.2849491552140819,-0.9630561981034051,0
0.698868956800123,1.3767237580400784,0
0.6082443214646651,-0.9963368656826797,1
-0.11444670680898139,-2.699729235953179,1
1.9997849581919702,1.0101815806266048,1
2.0739474107784646,0.7588570627707809,1
-0.2571879233669802,-0.4203753885423278,0
0.0539112180120942,-0.7046659026032616,1
2.1888337806310383,0.7229857519676818,1
0.5209947914206923,-0.16210469555333362,0
2.042892856684704,1.9207892645002071,0
-2.095035259050083,-1.6568838004582391,0
1.0172684419476479,-0.0967427540825679,1
-0.5727566897820386,-1.345410157989681,0
0.42298589862357716,0.06532030085728383,1
2.440425979564411,2.4085992902467046,1
-0.09943720139743491,-0.8101959598391871,0
0.514512901768749,-0.02473897292990964,0
1.3698849795553982,0.6835973996174829,1
2.3083001383362056,0.6791468023009084,1
0.2675737965093513,0.3295041615403485,0
-0.7400868087555728,-0.9069828227086071,1
1.3756562161964931,0.17520557986864274,1
1.1778194801807627,0.7212818619764124,0
-0.5589668410641427,-1.1314447616937975,0
-0.602824136317592,-1.501360913799931,0
0.9275185418950745,0.9336546868885766,0
1.1608747233281846,0.4654881514688623,1
2.97069635025173,2.1810116692548167,1
2.885157402556641,2.56603536984983,1
-0.9983326843720203,0.2560017706688024,0
2.293601185998938,0.7315531040228528,1
1.0513270432724122,0.4524737355340745,0
-0.07951963919177116,-0.798839801680285,0
1.475824393028434,1.1044517041176882,1
0.5908148362462766,0.10655990254022914,0
2.439117992522936,0.9016811771626059,1
0.7539633572455225,0.3483052250522446,0
-0.7744059777255483,-0.35204916831961464,0
-0.47260253477003755,-2.0972233077653097,1
1.4799417017311665,0.8172242747032525,0
-0.5203881111856703,0.2569668131204971,0
2.3488184475766114,1.9448922205227444,1
0.12160325888597878,-0.48107346811584323,1
1.332164773398233,-0.21062595083640975,1
0.8275045418354882,0.2583049268245742,0
1.886005683038279,0.2786475614242389,1
0.13691955149577997,-0.5677135225001534,0
0.9492680963563969,-0.49375119462020084,1
0.1927611266446616,-0.9841029267701524,1
2.1804275310333026,0.7132416078808839,1
0.301581567099921,0.5322826034655425,1
0.748981827652667,-0.358173208420942,1
1.8359301372437005,-0.1969371478943878,1
1.763978464151886,0.225146284742432,1
-0.9172522459524184,-1.203829607518384,0
1.4908260272329295,0.3765487414693492,0
0.8083813599779996,-0.9428798771468035,1
-1.3649220382277405,-1.253548227110977,0
1.226493782984478,-0.14837557002163515,1
0.6408440338738709,0.23032246027829853,0
1.795287899993759,0.690851761746747,1
-0.4368643799631122,0.8216827614808914,0
1.045852666270644,0.41612792075223803,1
1.2286881647439871,-0.9565473503678286,1
-0.14940771602749453,-0.6005318015864618,0
-0.1555864593212333,-0.1454270953360839,0
-0.10520996125549457,-0.40362755824988783,0
2.127256871631285,1.132417142972288,1
2.3464933529247634,1.1753658120125416,1
0.611812113391942,0.7406815034741753,0
0.9790416153644321,1.4368804155249513,0
1.6775905343817237,1.0927334436274634,1
-1.1542282540559186,-0.7684902301514935,0
0.048121404427495754,0.5424966430961986,0
-0.7773268658899788,-0.3449157190857689,0
1.475312798401442,-0.18475193471852738,1
2.246930434681237,0.3499860870977594,1
1.0795597979163125,0.3300768383764859,1
0.38357524685214317,1.6048871212546616,0
2.506320485268896,-0.03222267684582953,1
1.062089528112233,0.35063222090469015,1
0.2248276919881793,-0.9829762212284539,1
0.4982814374411737,-1.4782745881070773,1
-1.00483803338373,-0.9683554081543145,0
1.22880924083857,-0.7956335916616113,1
1.0074661098409106,0.9103399900059643,1
0.8223504872221611,-1.2952291566806033,1
0.5571148667270537,-0.8468849355773118,1
0.46334012548510006,0.008402170712642857,0
0.5896959999614877,0.9725847780509389,0
1.0260012841427213,-0.2577996699996963,1
1.2884631668838051,-0.6709681560811948,1
-0.9769901487205976,-1.0777329294573845,0
0.0805548993500314,0.31620206764342645,0
0.4060876111856937,0.06883805321330613,0
0.10192299729336972,-0.10600616804652305,0
2.0140970234285005,0.690212748252672,1
0.5015347536323528,0.897184258826583,0
1.073827394214029,0.6528974596612988,1
0.8912173598634301,0.29669651275112885,0
1.120958550552588,0.08622227050655669,1
0.3149190948640325,0.7436865654491257,0
2.71636272497555,2.212275445455053,1
1.400567652227789,-0.2948714782068466,1
-0.2285698741142899,-0.23398756605521756,0
2.7579494968196707,1.1463860740246696,1
1.2783535115180744,1.1289343707518182,0
1.553165538064325,0.058980542902445546,1
-0.06141918401811412,-0.7665149714523926,0
0.01154347546746899,0.2582784545792976,0
0.32995067401840583,-0.7680217767000427,0
1.0519761424547913,0.22617291990665625,1
1.3754417631167823,1.1867857320594164,0
0.722396494332087,0.42007153740582787,0
-1.175332153487385,-1.2449766998076204,0
1.4221327183213601,-0.397574631301735,1
1.7447332344635471,0.5340763038869597,1
-2.2776225081821804,-1.6010378250339317,0
-0.07709136754855549,-0.8758610084447768,0
0.7413372388009772,0.3131764112698361,0
-0.35603059046690944,-0.20671966758033644,0
0.7497527922333943,1.029764904940038,0
-0.2366374445225956,-1.8850135896907805,1
3.9568843620059253,3.349922998534506,1
0.4293910591516273,0.7650308404700432,0
-0.10025646255394681,0.6960513856324124,0
0.5074849056608668,-1.2041189624442326,1
-0.8464541804280163,-0.7745130220090757,0
0.6757407975379631,0.041422574370818636,0
2.9385614935274607,1.9598656468528013,1
0.7891800428372503,-0.24933106949204123,1
-3.7322115102744533,-2.5729011947937748,0
2.37574673096369,1.0213839737709594,1
0.09296777825658682,0.2592650876382676,0
-0.8210675232440802,-0.30453797438683394,0
2.5406472247152103,1.9882269349396324,1
0.26106198805262,0.09215714564876298,0
0.4818035756069263,-0.6657218628667976,1
1.6561182697835002,-0.5296798988928203,1
3.5531574664083463,1.4848093411616814,1
1.8265475979234145,2.9215092893667935,0
1.6466935081822704,0.830647756065875,1
-0.41323325700471747,-0.9687527043485715,1
1.1715935420605321,1.6602331829561738,0
0.9918893453547267,-0.32255424543094174,1
-0.9113970164249385,-1.0816904335740887,0
-1.555983300604167,-1.2254380275209649,0
0.4588896722017757,-0.44283977929472507,1
1.275618806174253,0.2348232014895347,1
-0.0033827211543719926,0.00684308305227745,1
1.446855671068568,-0.18204226093321776,1
1.420741182352062,0.8820741501682744,0
-0.10375759094376777,-0.06035565157054672,0
0.984319851173657,0.13172417371004708,1
3.3389135330590936,0.5545890474505915,1
0.9331799165700068,-0.47154900609110917,1
-1.23384340157094,-1.664914626931343,0
-0.4348203889577424,-0.815535665107613,0
1.347322170381454,-0.5037846427800319,1
-0.02072278239028081,-0.15831682287740628,0
0.7517034808532909,1.098512685020347,0
-0.11097715358812377,0.7111102891147442,0
0.7567475258826393,1.0084706156286976,0
-0.7788834385608789,-1.1623897528317069,0
1.0883730276115307,0.3781733108943931,1
0.012015686983337269,0.08673015821361642,0
2.362372788457471,0.7101872668650032,1
-0.056342826652293176,-2.117596162102397,1
1.3889770986433534,-0.3060945601520716,1
-0.1975195300925563,-0.5337808349034765,1
-0.2694303796808613,-0.7848406304198933,0
1.2867094906208554,0.18163478368553154,1
0.04234462467145952,0.49375083073334086,0
2.9937674452223693,2.236897168581723,1
0.7893553188458753,-0.011447155043859179,0
-0.057241364703882344,0.04473209957549496,0
1.7083187119763918,-0.18650378167327564,1
2.36488153551631,-0.10949153822436326,1
1.7998620221273631,0.9787840584294607,1
0.8918689884836284,-0.6885879941518978,1
0.23123815791648616,-0.5983842524152316,1
0.43116643220225376,-0.4843105651269706,0
-0.47747983083280715,0.2827957484831537,0
0.7116566082545284,-0.08482424067549306,0
0.5628696374566533,-1.4624895583644406,1
-0.3466693405963886,-0.17524032749221816,0
0.5693886014523327,0.6936849389140085,0
1.2969850237211407,-0.7493642712233703,1
0.16932121252466228,-0.7424765525391042,0
2.798480342861346,0.8091291373375677,1
1.0137918314355736,-0.5290757755619672,1
1.5828904231421006,0.6665296840170434,1
0.6444067023359469,1.6389215668216353,0
1.6289955387645327,0.328428570886926,1
-0.39031870947622144,-0.8429361650273225,0
1.7551615461627383,0.49089819705767757,1
1.9945538802935214,-0.041397673171668536,1
-0.18753862355755113,-1.4086890061383737,1
1.1115445473439094,0.24688903909225454,1
1.553958777752405,1.8199160373728753,0
-0.1957340400713821,0.7910724983823446,0
-0.5909364717082877,-0.3897769414544909,0
-1.2840419956249827,-1.696252108229959,0
1.2736836998709766,0.9909710337136765,1
1.3357006605186599,0.9750530477758617,0
0.23149848433382292,-1.3541785034867142,1
-0.31434072490039777,0.19478646743006423,0
0.8347554969284567,-0.057090656523659064,0
1.084075541644873,0.99963227015047,0
0.890572404401907,0.5693926342221676,1
3.0068844771070475,1.22191519436343,1
-0.1010576540296777,-1.4551097476090957,1
-0.11829272957049362,0.4590702757718108,0
1.1406419038392719,1.8452875256092593,0
1.5967387871129939,-0.8461401809610526,1
1.5327982896855787,1.0182289971842569,1
1.697596311424668,0.20613476428222122,1
0.874616801202418,-0.1678006127270871,1
-0.23237205548087417,0.6858508860863646,0
1.286267480856127,0.0002199896628275856,1
-0.26366909190651266,0.4265276622886446,0
0.2976652623191115,-1.1160544344734251,1
1.7178370174502744,0.2658744266725071,1
0.09051242735160732,0.3711308446107334,0
-0.41308206818332627,-0.21560041692344095,0
0.7457718032738111,1.1395056697719712,0
-0.8840955869070525,0.3349582552064104,0
0.903093774196855,-0.8032436734094279,1
0.39680467133946296,-1.1746660956709094,1
0.2734380802623817,0.13588277563863088,1
0.042302514993319655,0.8643139489284636,0
1.2007703446941638,1.1021008401873023,0
-0.6934731470853212,-0.6015772476010689,0
-2.203204569311158,-1.6453314621734796,0
0.9132216063152999,0.775546437830255,1
-0.2916731173205358,0.4565135828553193,0
2.1494866681113565,0.770023431142157,1
0.28361805091775716,-0.6080153902304605,1
0.9843655070001214,0.1561478330982377,1
2.0635481640706343,1.988912582257045,1
1.5132696112208381,-0.044724157306815344,1
2.3643521498909674,2.5455669236841256,0
-0.2743684955840253,-0.5871052604948664,1
-0.8127723403814234,0.27251054328864044,0
0.9565335488640165,0.6332104233235265,0
1.6203665174466615,0.621328066987349,1
0.8358487264895824,0.4061811477999485,1
-0.25158835131274104,-0.9906647849432042,1
-1.1049841119060786,-1.048363820766032,0
1.0836560075821404,-0.932362562704781,1
0.3615667765396926,-0.9370399078434267,1
1.3841965333770827,-0.33069856325901825,1
2.9632049010027774,1.4673931092173587,1
0.2972234255090561,-0.7855305371216559,1
-1.1584111166714868,-1.3993964091486477,0
1.6293151300566941,-1.0448029375938162,1
-0.22851429399053738,0.639934100967212,0
0.5293050271587434,-0.542060904633194,1
-0.2793866586893696,-1.009671070883932,0
1.1439623522845204,0.3206783310706254,0
1.642962614588353,0.583797851448209,1
1.3345042873798503,0.07843387850253232,1
0.48690827510362866,-0.7134140782255529,1
-0.06318094319862547,-0.3755496216335592,0
1.8777306041755821,0.8571674396863435,1
0.7375622069419708,-0.8579449780962042,1
1.365235867620559,0.11578820933792686,1
1.2410457410076632,0.7507399714674482,1
-0.5034397158142231,-1.2815369462752715,0
0.8024643814236105,0.05830463081151546,1
1.4654450473578466,0.9621578891658643,0
1.1465200579575465,0.012181014597431216,1
2.8389769332974684,1.339772610340605,1
-0.42497359841638155,-0.6614722471167234,0
-0.6579865100758243,-0.6383229733890232,0
0.7211415226760953,0.43047138312737376,0
-0.11886857171886978,-1.5445126803118208,1
0.8507377040190343,-0.40070989295335263,1
0.4772668089163319,0.5096460590260549,0
0.8728424194788033,-0.6179058671449088,0
-0.10019575717556939,-0.8206646961633547,1
-1.6308251818334025,-1.4178365487305327,0
-1.1990927354741343,-0.6090763095981274,0
1.145268120509186,0.3296321652794754,1
0.3330302775455121,0.14611233271157642,0
-0.3452759745323186,-0.4085919047037099,0
1.6617603762042852,0.5744902816049366,1
-0.34172502526078063,-1.9900819602935513,1
-0.955160193822743,-1.4433851241591478,0
2.189781245593307,0.8270868913055837,1
1.0646805206423735,0.8078590655182405,0
3.122642948827652,2.7104193603312647,1
-0.7793184101748328,0.19853630313353765,0
0.6580227826778464,-0.8109190927250675,1
-0.4969626702546666,-1.2139629158341338,0
0.4645494696769702,-0.36658885989049744,1
-0.2917395331451838,-0.6275033702886829,0
1.7901019204132096,0.1360975788469918,1
0.3208206495650345,-0.2065328683440597,0
0.7828303480633361,0.238817639014296,1
0.5665706919167595,0.32471452240946286,0
-0.3075973499003524,0.32446752947514185,0
1.95870158077151,0.17610085460290892,1
0.7361280428176642,-0.6037759444653236,1
0.6833052238862947,0.7645777819158556,0
1.5984992853517537,1.2739512842663778,0
1.8094850296738136,0.4628103894205728,1
0.7220640408216603,1.0790463217579125,0
-1.0319507064659692,-2.560868717430365,1
4.0430065975623295,1.8045544293355025,1
2.5323571539853615,1.8580292667078007,1
0.21812541567369267,0.9248338864794305,0
-0.19131547596852938,-0.14695825393361941,0
0.2515402631354947,-0.5076673989049997,1
2.54293515166537,0.8697451895827827,1
-0.8047302836670476,-1.3676867810537137,0
0.05579682426802377,-0.8381033735815041,0
0.7203242583400076,1.3883336814471,0
0.9421672122619797,1.345471481638922,0
-0.08236632081440032,-0.7096469982956826,1
3.943944962915941,2.349912588909411,1
2.182326529845238,1.5061117285662422,1
3.0421602670241734,0.7367222742959542,1
0.6518278814006685,-0.3126894615827057,0
1.8770507899513684,0.5992273188476265,1
1.0390686059195038,0.539550479302767,0
1.214156638071484,-0.13861627390594325,1
1.2060398116801605,0.5719638907970956,0
0.29521136813385945,0.3142202445362394,0
0.23719428542726761,0.059002864966478566,1
-0.8554036890619717,0.23782327052397945,0
-0.40797462105874926,-0.6161021747176556,0
-0.02513342799530525,0.6546557827567755,0
0.35913890160568923,0.3998684640723021,0
-0.5177838683749942,-1.9553762000006885,1
1.1970644285975411,0.3290783281081252,1
1.2875014595264562,-0.38465737383816717,1
0.17273306724846324,-0.13366774526582165,0
0.4314344355334481,0.17831896560992144,0
2.575670503312063,0.7169795943857113,1
0.4249345600848501,0.5885320845823743,0
-0.9837284177477256,-1.761562393496685,0
3.029028561628762,1.2532482579030046,1
0.46125479894655197,1.356234036196852,0
-0.3872991646146425,-0.5003996807247231,0
1.5481798119257506,1.0919294810203182,1
1.73135746121344,0.44808188834478674,1
0.2291768627646854,-1.614436904442875,1
1.7628433400118313,1.1267339576091746,1
2.17142303048609,0.679691522122323,1
1.9484590622379874,0.1387295592777131,1
-0.048176131525338006,0.10866202478565093,0
0.5873552009563289,0.443136634681329,0
2.092711498666588,1.3736604277764635,0
-0.009566575626331675,-1.3436165215759288,1
1.5820391803018723,0.528410050866492,1
2.3170415956200334,0.47291513529965173,1
1.434946018405618,1.2605308639008435,1
-0.4774187561193747,-0.5085870369880338,0
-0.05013045217255674,-1.89205593786501,1
0.2138855011062236,-0.17925579740356815,0
1.6761287291312879,0.5932017758063467,1
0.3776864003927828,-0.19848852053057445,1
0.902384124706227,-0.3357354435918206,1
1.2940618864061024,0.9634569592619959,1
0.6182734535419048,0.7308700199166972,0
1.418048423824515,0.7846993946209074,1
1.7584219592689494,-0.236351307286537,1
2.1292967102889078,-0.21540936713451952,1
1.6807225454060617,0.14593649761471597,1
0.7304278674887912,-0.3645813429567866,1
1.0466780903383566,-0.5518207361404028,1
0.038600464586154064,0.35490250267853446,0
1.8362405339425842,2.1219018657387663,0
-0.12915173665285842,-0.017118598594747413,0
-0.5566726426505411,-0.6129491518681625,0
2.1637011910901136,0.974192729956819,1
0.5107724487078278,-0.12698294860914128,0
-0.024182919473584245,0.33795832256259534,0
0.6247989689419682,0.23898725059782083,1
-1.9390890462768111,-1.370859283014091,0
1.0818594605659497,0.588762987795544,0
-0.6668262942930254,-1.7777244099837286,1
1.2695467088956487,0.6290835020452735,1
4.119519580866614,2.620427880926671,1
1.2903794704014393,-0.340977741837696,1
0.8991854708560787,0.0660184967715637,1
0.6528981051105545,1.2519948223170758,0
1.228441288319766,-0.3576870244592751,1
1.4491664872499876,0.16916473689215947,1
1.191258752745615,-0.0031594007720983615,0
0.05601633171377814,-0.3066646573057236,0
2.153381466273271,0.5871461635609175,1
1.5780148203850484,0.05587240024290103,1
1.6058248887272015,-0.582923018864641,1
1.0842427337585874,0.1323872958909093,1
0.16072588556561027,-0.24410795808693578,0
1.2337775258933559,0.30206223136111876,1
0.18815594495382684,-0.03627800457950923,0
2.2818073470136224,1.8454724193209546,0
1.805281307963706,1.6150093133326653,0
1.1316566265618353,-0.40495293021209333,0
0.3671174946565354,-0.43663854408734,1
1.6492776190891587,1.6267028578380913,0
1.737882562690142,1.3931967358981925,1
1.1651517486647855,0.6401542054735677,0
-1.1923859727002029,0.0779956449585923,0
0.8464192040532224,-0.5851610351073104,1
1.9003833338773863,0.6168056544155154,1
1.5803002526993932,0.32237910322489305,1
-0.7826116361982982,-1.7978042767345699,1
-0.48341014707065133,-0.6234474341150249,1
1.268788952159383,0.9541277299197197,1
-0.6432923786548751,0.08535630398750871,0
1.7788543323161916,1.0410285450462968,0
1.9131459553629004,0.5609006043043341,1
-0.9333287843755715,-0.14349148731054298,0
-0.6147871693947055,-0.3897874947420655,0
-0.2993450487774796,-1.5045567729502798,1
-0.5199374315413698,-2.1369888788549383,1
0.43789412204857686,-0.6775743764422142,0
-0.6316296026886085,-1.4881379168985511,0
1.532967022912736,0.5263294008610091,1
-1.2068558304772108,-0.5080637348070506,0
-0.40580817153190296,-0.6762983415447872,0
1.4834142831404518,-0.5820980445903715,1
1.7708491135913607,-0.4171069074746013,1
0.414111950091794,0.33536560231614526,1
-1.6362469006980438,-2.1163667356840294,0
-2.1066699194421683,-1.420042289420527,0
1.0475946000118115,-0.7894230439764591,1
-0.8419743554587485,-0.5440316557132404,0
0.40260149477606433,-0.457418224717958,1
-1.5299212393044503,-2.3413279202256785,0
-0.12272171618087263,-0.5338965032183156,0
-1.1383159353688246,-0.2217040452439874,0
1.0683820485917002,0.503506595269781,0
0.916184653345625,-0.5920370227089836,1
0.43788063115614667,1.1992149574657915,0
1.1070895154801166,0.2527416204105435,1
1.78552804362578,1.6644797386860235,1
0.6164458028746695,-0.5073366443606738,1
-0.8124612966923483,-0.17445301168714175,0
2.015977990309846,0.5026528102741478,1
-0.7715297992376738,-0.2375707926492707,0
0.4589455679791492,1.2055072663189896,0
-0.790192341387108,0.3972166496475166,0
1.328643481943372,0.06376200333922497,1
0.9352891040436417,1.1981554132604406,0
0.026434305660999545,-0.07116862867498862,0
0.24482959518279188,-0.3373465006460862,0
-0.16688295035104964,-0.5096026024481721,0
0.39757789738525673,-0.3409253158853535,1
1.3772547554989276,0.553577320659399,1
1.6283004756794737,0.4108830522143169,1
-0.41204722905690505,-2.101871385719763,1
2.3462097378827194,1.5731041908247334,1
2.9218459567814903,0.8834777711833188,1
0.5517765453325152,-1.9382721320308756,1
-1.507135401471173,-0.4764027241559873,0
0.44938348250693594,-1.4893466165791578,1
2.3658250694806835,0.6668301738450783,1
0.5296087887263942,0.11889957993981073,0
0.46792674252146743,-0.05037241845844588,0
-0.7135596711548846,-0.7428271002603485,0
-0.3766798098345552,-1.1259743447654236,0
-1.3273802451685193,-1.933802958968243,1
0.7216624400513105,-0.6037496134792484,1
-0.5540868683033632,-0.6590923301747005,0
0.37786309007728525,-1.3936823817958792,1
0.07962451249273687,0.826734143866916,0
-0.5257921859221482,-0.4522047043469755,0
0.2809107906204095,0.06359621132946951,0
-1.1624635004473225,-1.3374591595437912,0
0.14129269207644543,0.8969560777210807,0
0.39581492444576466,-0.6118266091078357,0
0.2076840091295752,-0.16268699175170645,1
-0.3024801486509993,-0.5677725174050132,0
1.781044343515228,0.37698239893229873,1
2.622333261335476,0.7726717857716011,1
1.2413887248274929,-0.13261753635807288,1
0.6406461136217768,-0.15602767821783864,0
-0.2444366956347539,-0.9043626040333353,1
3.1705585352857764,0.9254723915106624,1
0.5919671629847044,-0.6675144746864539,1
-0.044412934674006053,-0.7846776174738982,0
-0.649559711040445,-0.39147051031480823,0
-0.8420476935107422,0.46098949447455445,0
-0.6335034313256669,-0.8191313091255203,0
1.069474358053306,0.4859954982197303,1
0.636185736524103,-0.33165385071940057,1
1.2124156318747703,0.6234149743691941,0
-0.28438416302356806,-1.0222462793205465,0
-0.643509562024385,-0.708240550292593,0
1.8645511645298565,-0.38735696375871254,1
-1.2261246927910117,-1.6652227832231299,0
0.7137878204473019,0.2710330394622229,0
0.09146767833509761,-0.5759101214871761,1
0.7632865541269089,0.4014283357453027,0
0.8219984279791392,-0.8611461841792122,1
0.7119255362859942,-0.2737243100279487,1
0.5750288435853282,-0.025081426213493137,1
-0.05744479168510627,-0.42906523723826834,0
0.6817319458275921,0.10953992271272811,0
2.097873598514564,-0.36723663145592444,1
2.0651494352612914,0.8811761057779884,1
-0.21718731224306903,-0.8060462544960747,0
0.26605549159693603,0.3765139941579888,0
1.3456877543503099,0.8583929070782926,1
0.34233977481707123,-1.4536038257742565,1
2.6533221927759105,1.2641435381403223,1
-0.12790017291286812,0.9620771728389815,0
0.18316564485551545,-0.37776712250527567,1
2.679067241299893,0.8245198827686558,1
0.5281199564583356,-0.9158098874613477,1
-0.4757935586661002,0.3742145716425794,0
1.090990263153405,0.601152661157016,1
0.5525832410135106,1.5477787173443414,0
0.7116677401623145,1.8969039372158818,0
0.6150211913910069,0.026778180627380826,0
1.5726485207528307,1.3578200983539044,1
0.4939151217629237,0.5312106553833773,0
1.1206824100871386,-0.35001499948945924,1
2.0596550623819523,1.360623901505153,1
0.317631189471312,-0.24171090237390885,0
0.25973724020237543,-0.5494147476621147,0
-0.11690605283347794,-0.34427877521886296,0
-0.004690934820332714,-0.1648616826294701,0
2.847717010158104,1.522948938594086,1
0.1413772297922243,-0.6984497437864592,0
0.7267489421047688,-1.3961270724734125,1
0.5205563527358005,-0.7970542354332246,1
0.630410928470279,-0.6920130061300408,1
1.9828632542987088,0.6785574247611037,1
0.1318905060860114,0.1312184785778086,0
1.3504749079329874,-0.4698690116010378,1
-0.3926646409317138,0.13873174741413938,1
-1.6910493283030565,-0.7052697128675384,0
-0.7075565589957377,0.24815236801811702,0
0.5999117192917066,-0.9649459373794625,1
0.316090000072658,-1.4926452964008683,1
1.9711072622637293,0.7057776564484195,1
-0.00746760410448957,1.0899388636153646,0
-0.44674938115930796,0.10819468442797435,0
1.545720101582122,1.2435022705865575,1
0.003912913290679963,-0.8625287078912038,0
0.9377442442456018,-0.42185119348282224,1
-1.2232176713684013,-2.143796216659477,0
0.42137043714535927,-0.35614997761297584,1
1.7449389743964128,0.5681250525346865,1
0.9251139988052842,1.4925951726926892,0
2.5730945169621178,1.7781372998854486,1
3.515601219806501,1.1050677482991833,1
0.04663562647065245,-1.2457045585272466,1
-0.04546424321042124,-0.045517998612171026,0
1.5171592321601215,0.4743120643540008,1
1.8582141018565137,0.4726134618942347,1
1.3700893987241956,0.2665317359670061,1
-0.7191022418359556,-0.7754803671793613,1
2.038392247117036,2.3616185961080753,0
2.151832185271699,1.252306698134954,0
1.2004169728248768,1.4984493901191962,0
-0.016406374581540373,-1.4473885369579533,1
0.10331161382111108,0.2647008483937494,0
1.8400091396417104,0.3347427728197285,1
1.009376591822238,0.7350674095020456,1
-0.23376758183741808,0.5345145370438354,0
1.583578690603094,-0.037895873629464644,1
0.6822142400794847,0.12324925463561757,0
-0.566715524006552,0.5082041799774906,0
-1.6342633833917788,-1.3860456660028755,0
1.3907232399676883,1.2782556423129354,1
1.3979975619240887,-0.22607394492844032,1
2.845871449195365,1.855676049838932,1
1.3798770598381886,0.7666314389288471,1
0.3358309588828523,-1.1732947365776487,0
1.3552437389308016,0.47374929324459614,1
-0.1348106689962684,0.891638982915305,0
1.5264458382159871,0.5163706738073183,1
1.6070254917756406,-0.1765944552214366,1
-1.379897953686829,-1.3469593144361958,0
1.51251267948652,1.0121031252918629,1
0.5570144924449882,0.7356788425793213,0
-1.7948098085802926,-0.6148095042111041,0
-0.1948432176862371,0.2799669445866474,0
2.0410450220117182,-0.07113793711046912,1
-0.2702841028353322,-0.6378880511541258,1
1.574142565148661,1.5808289573731946,0
0.7984605358358884,0.7942785881693486,0
-0.19435082650790045,-0.5427251838152202,0
1.5870706026056371,-0.6863664212739279,1
-2.697018374748414,-2.3938960370252866,0
1.2647447326334924,1.498435346924295,0
0.5854716197446534,0.7294565442961899,0
-2.91412816158018,-2.6872075678631933,0
3.806496410713428,2.429731766470009,1
-0.22293837700007096,0.01870722432978581,0
0.824903233132472,1.0023576611872826,0
0.5905142340024242,0.9343540199075094,0
0.3560806875805824,-0.06605296995034166,0
-0.5951098868658837,-1.004379786352612,0
-1.4135229733004138,-0.6169052234724101,0
0.5137139164572279,-0.8175920072128653,1
-0.2821437187527038,-0.7310615884320316,0
-0.4739173707520068,-0.7832535860810026,0
-0.31725057332726786,0.20255777621249627,0
-0.33375630157123987,-1.622920739250365,0
2.3290982498963153,0.35970584662998584,1
1.7097089229826488,-0.8436285343792603,1
-0.6289919402512141,0.9444767453615321,0
-0.13448920790928193,-0.2678513813210485,0
1.4510165543390547,0.28843930729325407,1
-0.26091715089306394,1.2075550974358369,0
-0.4674173916228551,-1.2849369829438446,0
1.149743629575351,-0.3086191565969625,1
1.7304683510844645,0.7325434281174887,0
1.453814032190675,0.1676017656751782,1
0.3435394936478734,-0.15768068517529568,1
1.623181552558499,1.3865530562598083,0
-0.4142698359038381,-1.617170966156049,0
1.2981168575074309,0.7001938512904434,0
-0.360115076951209,-0.22393444778121485,0
0.7160763085167603,-0.31411897473893585,0
-0.27417140543663077,0.2892196509372573,0
-0.3165894294994225,-0.293718521617702,0
0.781607415706838,1.1020519140587566,0
0.8941527234180499,0.6350806344113193,1
-0.2524260438007444,-1.440640948659332,1
0.30945695136136014,-0.17503969009481238,0
1.1452489233909642,0.41887009814498777,1
3.2263517644306257,1.6446330318346811,1
0.318057746086495,-7.774637105081801e-05,0
1.1648111702613066,0.26415584667091463,1
0.38570864994379706,-1.1413513314476373,1
0.03654125278214157,-0.734974496308944,0
0.1705779852936757,0.42319919577153425,0
0.515047530663352,-0.13051928164774307,1
-0.4286878707448606,-0.47733431143284344,0
2.3980452175382396,1.2642906974680104,1
-0.26489696464889045,-1.6689404180323433,0
-1.382990989313382,-0.9577792904860393,0
0.3691455958780242,-1.3237726067962299,1
1.5155086504029556,0.5671784474744294,1
1.0479141425092309,1.1238744419486448,0
0.6305118338325685,1.3183948761618496,0
0.9351598105808915,1.9230459436418028,0
-0.02132851353374561,-0.18628315295054781,0
1.2585030594572966,-0.26884178212467397,1
1.7845347128610798,-0.38685660750904133,1
0.13108021459142657,0.16942525125312816,0
0.6394824174788483,-0.21033760102355264,1
3.376401474620625,1.259931537650954,1
0.704484467678028,-0.10176315494754765,0
0.32562226507918135,0.5965268703194861,0
-0.3964225335245608,-0.6506548723593973,0
-0.8115997804439273,-0.03050517794424408,0
-0.03345526715942065,0.6927078883349992,0
1.8134388661780383,0.26687093265477035,1
1.1190995169063533,0.013836876482021527,1
0.1129395237681954,-0.13533149999301503,0
-0.08122056309709222,1.5059163607647885,0
-0.2940338125066116,0.9117320598655606,0
0.7152325104452464,0.2693122927768252,0
-0.10348943863975246,-1.140243188151237,1
0.7520358050758074,0.776713394505809,1
1.4562019954445182,2.277383316667653,0
1.1189753017900188,-0.5395176043141447,1
1.3832025861661956,0.816420909624457,1
0.026556615794230076,-0.33879637538905655,1
0.32000859153214334,0.1640259659733272,0
1.2214715219457535,1.0067228675251019,1
1.2140038118700651,0.4638106715398988,1
-0.26646707564051164,-0.9022103285281151,0
-0.26898693131018964,0.35133926724448433,0
-0.7927627673585274,-0.5507216230666204,0
1.0229649075299476,0.3884288975949835,0
2.2043285634167997,0.22743115479408493,1
-1.727847275497251,-1.6460410584903324,0
0.5908501356322079,-0.7590834388808181,1
-0.9823798294066461,-0.6873708765100942,0
0.9444700846805522,0.295444323583655,1
1.0752271718268516,0.48177955166795255,1
1.938924764987225,0.35885528800005,1
0.9825649874854728,-0.11094174183484197,1
0.9566071234207598,0.0801845004994668,1
0.6224060366028407,-1.0796527824426887,1
0.3022520062498471,1.0448783466745144,0
1.5904979241909676,-0.4646358596280701,1
-1.3970099069824709,-1.9982675206983118,0
1.6374895423079767,0.31729178326860585,1
-1.6328049824895945,-2.7018011960248915,0
-0.30049794390507906,-0.21492525238319657,0
0.19268026440297192,0.011084206935139809,1
-1.2431119289679105,-0.8253729973485526,0
-0.22087325315364326,-1.530714533818396,1
0.34664801696989933,0.2880796871480432,0
1.4241207989694924,-0.7550924992120477,1
0.2887603035259513,-1.121399793818346,1
0.8913327378813669,0.42449843631377665,1
1.4590727010304148,0.45638597336975323,0
1.5138529420534987,0.5453853915794047,1
0.9638765687642135,0.37181993570430094,1
-0.24928791855408083,-0.3244326390544969,0
-0.05678585248878587,-1.5789886359840997,1
1.5591600490431485,0.3892701413360114,1
0.46481526146729546,-0.7987818411881301,1
2.4702864815082632,1.7474444296412377,1
2.060568788825776,1.072298833627233,0
-1.2164476601248044,-2.0469241858898433,0
-0.06088730113339986,0.011054007001342606,0
1.2993714484371068,-0.695400336970569,1
-0.42338268306360594,-0.1693002932250569,0
0.4140215655013813,0.5757267023744415,0
0.07701275208684683,-0.08516314495940003,0
3.021631680621538,1.681803102420289,1
0.41791114405585705,0.3125119988856402,0
1.244227678653011,0.23524446722044345,1
2.997361110906238,2.482012103413735,0
-0.11767491733635405,-0.46400609770964535,1
0.4756706864724548,0.03487844483638681,1
0.26004177909017456,-0.493049650639065,1
0.0678955645443296,0.6062253124143336,0
-1.0131308176889278,-1.5065569787057822,0
0.6089117798192724,0.9186183819867026,0
-0.832967119105472,0.48084411393078447,0
-0.1003568674946785,-0.1530978531045388,0
2.0939171573197117,0.8376778070399421,1
0.1379938443054453,0.3300886133220922,0
1.034139125533227,1.43617351960029,0
1.4818860017518707,-0.3956112678340667,1
-1.5642699926415342,-0.9137564159999134,0
-0.9066171262597388,-0.15223745102729633,0
0.9557353317196887,0.6295295808044176,0
-0.15420561336113714,-1.5162600541664217,1
1.00363180753954,-0.7241656444197212,1
1.138280036322278,-0.6573643640775831,1
-0.08044689280361289,0.4304572400762022,0
1.1956392681287493,-0.45122489649435815,1
0.8643999559455465,0.9102458216320878,0
0.5826600098408569,-1.0077075419110122,1
1.2876250794851716,0.7200485703108703,1
1.3357359699661104,0.3957819473676479,1
2.521137239984753,0.7258085249141675,1
-0.06966990357135128,-0.7514978378145716,1
0.39260653800435974,0.2993037831662155,0
-0.23706390436373723,-1.0194977067217497,0
-0.15798534777044787,0.14834659104604989,0
0.8825447328619513,-0.07149908668082879,1
0.5363315436657362,-0.4006285982118342,1
1.7611236350543165,0.5140811695747479,1
-1.902046773889075,-2.062080704195391,0
0.9596011314609965,-0.8223501628474886,1
0.49471133953642615,0.4875836854290377,0
1.6768455710529264,0.9288872821915996,1
2.1784830897198377,1.2205507882060362,1
1.3422564913584716,-1.1500784655511258,1
0.11526054721008062,0.6742341142385686,0
1.8012996089391846,0.30915304318579045,1
0.854255520023647,1.2449232683912284,1
1.7224611292664538,0.3879178647170726,1
0.3515204388026593,-0.615027860492724,0
0.4773354456664097,0.27904101130310655,0
0.7860083905767214,-0.8000253219236008,1
0.42283598837902203,-0.6991588352277918,1
0.19032415823830698,-0.14287900270329157,0
-0.17823350342429034,-0.6669723905854575,1
1.4695963230037994,1.7455829711866295,0
1.8469034928493104,1.7560961583099173,1
0.685583134320378,-0.229993717590008,1
0.5220598236928117,0.4252733325329117,0
0.1441003634403773,1.190772821308213,0
0.5616658934887289,0.7656055844692962,0
-0.2531856732234381,-1.8674744912695755,1
-0.5935010841820041,-0.18199591747561988,0
0.4238692364970555,1.4824520714215763,0
-1.2350910414580984,-1.8343725111595124,0
1.862811260209938,1.2445328465107397,1
-0.4710301703713691,0.11622324667470939,0
2.217319550866732,-0.22908176225139207,1
3.1861530564039002,0.6531272339504477,1
-1.3844620001684864,-1.3538168821094683,0
0.5676730077477774,1.4756281770964579,0
2.027038991944193,0.7290134877443458,1
-1.8404774599261258,-1.81878941142503,0
0.5848353953217369,-0.8519213742817434,0
0.8258955214345192,-0.736332140727539,1
2.3435263933542645,1.8658500312966517,1
3.257791712738821,1.3676435728224476,1
-0.6070287340670868,-1.1502955325737254,0
1.3079421641996096,-0.10841721603319249,1
-0.24353268926396487,-1.8641478239780416,1
0.8088218399547011,0.9001616927112587,1
-0.7232719842484368,0.4712863350322886,0
0.2900572410626947,-1.2613173830795028,1
-0.08757357220218182,-0.6461707904320535,0
-0.10205399251765783,-0.2686626064955025,0
-0.14890789890174508,-0.20743771303963016,0
1.607430069522208,0.18866832688887555,1
0.5822167697373294,-0.2873751335737795,1
0.8665329412748287,0.8493387116713239,0
-1.2946291920990203,-1.134672526560919,0
1.2884450867393127,0.2966559499134822,1
0.8476724574075408,0.9686359484354735,0
0.7712849662352262,-0.7259196829231281,1
0.698312715844112,0.8412795839957389,0
1.2509840100338463,-1.2155946317026325,1
1.437094849321393,-0.8624693142841289,1
-1.0424074795480378,-2.0656022304582025,1
-0.12753503408671088,-0.7767170748571604,0
-0.6812956708172871,-0.34605164780258996,0
-1.4738278869246302,-0.959395582597187,0
0.4232083223030602,1.6746514139893423,0
1.7927797786649091,2.3823958992316547,0
0.6643539259878802,-0.046482747361482016,1
1.202538534841804,0.9744466061213521,0
1.0026861681003947,-0.33816785790977016,1
1.1394599880440426,-0.3516570603880222,1
0.7930928425362398,0.688236174520987,0
2.900342769994111,0.9074353982445929,1
0.4242896285753749,0.15670058011109944,1
-0.23565141380302293,-0.3040912945434644,0
-0.7261667398573177,-1.3380385400241972,0
1.1603967458814073,0.18874465338176172,1
1.4204184140502027,0.20394850223242725,1
0.3852012607393284,0.5746125842405768,0
2.5713882975967284,1.6604205930333045,1
1.2300478983029959,0.2005875187703645,1
-0.32049662913037713,0.6749549342235598,0
2.1853883518654733,0.5486015788487943,1
1.5571114754320448,0.2514608696054003,1
-0.1785553098718041,-0.032650760240528605,0
-2.333382584639126,-2.0652086206892757,0
1.7365103239022164,0.6584308579590609,1
-1.3827516036081722,-1.167035499382725,0
0.44363523319411025,0.32377275070270917,1
0.7019077926874797,-0.27507519880005377,1
2.926761015112663,1.0787661324898048,1
-0.21419431518786647,-0.38892984788292123,0
1.2101068907610188,0.5201127305585684,1
0.891735302659709,-0.5378472136698279,1
0.6814151108884461,-1.013291481053008,1
-1.4187939001187604,-1.069828220015104,0
-0.08824565032919515,-0.8224248114847501,0
-0.01211294881262015,-0.4454449936132297,1
1.868747515746883,0.8459154718704889,1
1.0519595564172748,0.203462770853938,1
1.7475392127160185,0.621906133329928,1
1.017440521863406,1.5896147848172297,0
0.2127258476162458,-0.8395550529873744,1
-0.4142639771699305,-0.14678825099889703,0
0.2743642090292312,-1.5453302355528158,1
2.069837008280191,1.7073215760917346,0
1.4291049527133555,-0.6950038386087373,1
2.542876042114435,0.009342448881108108,1
-0.6361582985423085,-0.8696281005091387,0
0.08853832644733516,0.2683540607528934,0
3.020907771360161,1.5998549176806784,1
-0.009423168296921691,-0.8815057435732689,1
-1.044205771435115,-0.31524804040704746,0
0.0047837973680696635,-0.7017796572313063,0
-1.4578078795486145,-1.7229688337134805,0
0.013072910461408682,-0.7485422540325793,1
0.5127199181626537,-0.6031231657376265,1
-0.3504246648924504,-0.5431170101722265,0
-1.0877958578557878,-2.0192755398337394,0
-0.32233106130240047,-0.1778828144390232,0
0.7688324997588565,-1.030285808555932,1
2.5077697799185623,0.7932549606411083,1
0.8536618007652963,-0.46540112546773005,1
0.13866864051230987,0.7091869089923396,0
0.2006024382850663,-1.2875794896619475,1
-1.1030622348953825,-1.2701030026395368,0
0.9181957616704608,-0.5454892526268988,1
0.9632934963388152,-0.7058241155242302,1
1.2845251738703656,0.6447836984046202,0
-0.10165580108989092,-1.0228813478223775,1
0.23641030120841944,-0.27778607335116895,1
1.2209289139326156,1.9431224041215995,0
1.532337862016008,-0.8228922657228513,1
2.046699396917797,1.3114490004820778,0
0.645065333310934,0.11188087735853049,1
0.9737139382856769,0.18932913544243735,0
0.7946801340031462,-0.6512997490246774,1
-0.06923181501824735,-0.45426938176194837,0
-0.5203054416250581,-0.5757408268416725,0
-1.7988143737598563,-1.5661474425105613,0
1.3120450533891506,1.718214614475577,0
0.3525783905546879,0.3994316399708622,0
3.1128833732046504,2.3763084552085414,1
0.7976462851099271,0.9237393361448791,0
1.968889954826869,-0.14388818099837367,1
0.132418375437258,1.2284970944890647,0
0.994509832808619,-1.06036794264347,1
0.49864824285078146,0.37391785339539596,0
0.6996999765301934,0.9884854615777228,0
-0.6200849065825143,-0.8824905235169613,0
0.5166641548505511,0.8153110066158666,1
2.1281961247192864,-0.09741560793510279,1
1.2149873258806123,1.1658497516883082,0
1.066627683557528,0.021565105781127747,1
0.544320893198953,0.4286998421384252,0
1.1027815773467806,-0.5116856638149869,1
-0.6518543760697444,0.09719600749736707,0
1.0283650268991769,0.5470764836836643,1
0.005318343509282448,-0.7793667523434201,0
1.4804370909275808,0.7261480286260515,1
-1.5352436533537175,-1.739189933534258,1
0.1629429747248507,0.16130180535056846,0
1.434943655131829,1.6111464186059574,1
-1.6494429742844925,-2.2012528414782997,1
0.3795068847997296,-0.13670386117745612,1
0.055358519329121725,-1.6125318750711601,1
-0.36057038646993733,0.01287489880145814,0
1.2220695820842555,-0.20804236989599414,1
-0.4971263774314949,-2.450024768278896,1
-1.2839730726214245,-0.5889710341362137,0
1.0378393569107274,0.3149550412866325,0
0.5691598937773582,0.11345622384842666,0
-0.40955852505235985,-0.8020980123337208,0
0.9755144612882158,0.08511636854859121,1
0.5215286441375092,1.0141135156471541,0
-0.6176961466627284,-0.054387036109022416,0
2.6006872216670596,2.0900755642323205,0
0.2410521996838583,0.41915709036391496,0
-0.10962205172359189,0.14620381842302124,0
2.7532372144119073,1.2285141992381423,1
0.497906415401444,-1.111379564736144,1
0.9463682029423884,-0.009725506661837309,0
0.5800782766906173,-0.8208090449157082,1
0.8165823433538918,-0.3267492262250274,1
2.447160240495492,1.664207461921037,0
0.4461945264670998,-0.6130789622131007,1
1.3087330495203906,0.06589385464323623,1
-1.2144228630145613,-0.18786576733814964,0
-0.13235953185276692,-0.7032241427711633,0
1.4487531337969615,0.734221450312204,1
-0.6243048276073629,-0.9472402917146655,0
-0.30906205077823756,-0.2555624171771429,0
0.8241194520313299,0.0605496651824315,1
-0.4800287850923781,-0.15392267006184923,0
0.9037662780228617,0.577759845154282,0
2.3567319834258553,1.1664198590583488,1
0.34663015773075256,0.1359956440367533,1
0.021023867042339273,-1.0137823375320658,1
-0.558434876526414,-1.2446602237096775,1
1.9538388206970967,0.280629425899282,1
-1.078193116161329,-1.3033945416948625,0
-0.2204681456928444,-1.0787379019162477,0
-0.11287636684460711,-1.5507664014458185,1
2.1163823232091556,0.682645229700376,1
-0.12699417772611032,-0.7280904504751862,1
2.1692709988214007,0.828797262792796,1
-0.2956020336169666,-1.4045045409527894,0
1.2967842694816993,0.847705672672562,0
1.6858808192512535,1.380749152339636,1
2.4509995490708,1.2359046493591486,1
2.93008374096385,2.3670886905975133,1
1.0126056005648472,-0.14068770365484565,1
0.8111599737549592,-0.7360667668003993,1
1.9233972884311736,0.6305218193467838,1
1.238519333589832,0.8946395681145521,0
0.8949858950877134,0.9243367256707509,0
-1.0695688774833527,0.15180701252324633,0
0.51005909633916,-0.13044941324706982,1
1.8837866279686593,0.8290700119561267,1
0.41379843490252904,1.1964436930625408,0
-1.1411242274628017,-0.5693093854415437,0
2.6786449721996983,1.4156288514722293,1
0.5187108175714604,0.07467319855091584,0
0.9355163811591054,0.662607859096082,0
0.7238262336563932,1.1065949367729728,0
1.019279185455691,0.418296942166637,1
1.9043952014372005,-0.2833422081995775,1
0.23580228145611767,0.4242933039849703,0
1.3508854728352564,1.2424853191835763,0
-0.2811199178620352,-0.7252357722745152,0
-0.5401798605707933,-0.9280657010585766,0
0.01835604028293525,-0.778669652862455,1
0.8837421608145398,1.2799195988032308,0
1.8289962232399188,1.1581790769700355,1
1.3491206644188478,0.18046951917517962,1
0.7678965657945442,0.5336661530015295,0
-0.3259939876245998,-1.1537103207690695,0
1.4761749443226344,0.35451403875087834,1
-1.4031593680582906,0.35044453369408973,0
1.4126140430403218,0.17967805054590955,1
1.8913803466823067,0.4335721962907481,1
1.7826036429913474,-0.3494570998141958,1
0.5548306596699336,-0.5092394900772459,1
-0.62280437781961,-1.4379086322038965,0
-1.6742634670199101,-1.3112904225717168,0
1.045070152566618,-0.4718963460936404,1
-0.4099188979926082,-0.5069552547458748,0
-1.4329414888215812,-1.366688211745105,0
-0.8380010949275707,-0.6471872061327648,0
-1.2550917928921799,-1.091473671065505,0
0.2618962593683022,-1.3549695193207576,1
-0.21115824520194643,-0.4347607027960437,0
2.012776229595064,0.008638126063293254,1
-1.0746656483401635,-0.6973680397609334,0
0.10722378650300081,-0.3462544024531244,0
0.9966810782210711,0.17781490520067486,1
1.061308713892719,1.8678989784786404,0
-0.055080840468621606,-0.9242555336809412,1
-0.36927719414836474,0.34549730054160765,0
0.6333730457764195,-1.0256585838783028,1
-1.0232512696109592,0.38178904348810505,0
0.9242788586925599,-0.05264859879801226,0
0.7564567636784447,0.5527357199049248,0
1.3984794457772294,-0.1513677577531316,1
-1.6020338136437136,-1.5771648001681384,1
0.530391984153387,-1.5782028940084416,1
-1.5728173877644471,-1.675040923300967,0
1.065345719584738,1.1920922416461548,0
1.354951576280707,-0.5739822370822986,1
-0.22466943134848702,-1.2140219295295114,0
1.1070790330585631,0.7419282155564693,1
-0.20971374751785032,-1.6953427340426317,1
0.2861110374446961,0.12428032360185398,0
-0.7921963579428455,-0.4525352476114769,0
-0.5022030266330073,0.5294952092167535,0
1.314947680033613,0.5495834689159312,0
0.2289392218638274,0.6714105451603132,0
1.7849674994632565,-0.673461850332575,1
1.0911406851957082,-0.5448656025302222,1
2.062371436192995,1.1622069767646264,0
-0.41487155122735664,-0.43553002541946406,1
1.0945859297314053,0.6294504578388525,1
0.04545400419742186,0.1133788418784284,0
-1.4051496456036892,-1.439456224487329,0
-0.39493264566673336,-1.0908501699627215,0
-1.3523194285961688,-0.5063748606542152,0
0.23401960089656215,-0.9672113182777701,1
1.1045802952554138,1.083757289646957,0
0.8535479451576827,-0.05561517661954496,1
2.211886878273001,1.2500918622280206,1
-2.020226576236694,-1.2482386477998357,0
0.07115315683946494,-0.584346339315695,0
-0.496975612144102,-1.5099585166844027,1
0.5664725862450544,0.5474492692178757,0
0.17237497120973866,-1.5432041946984407,1
-0.10874483497612131,-1.3509392938744846,1
0.4883690843923922,0.05099073448570471,0
0.5253231675586374,1.1289716525471691,0
2.049827102296585,1.0678884862031135,1
0.587188892631921,-0.0018645825544767833,0
0.060983533936117565,-0.969805031767155,0
0.7280905233179058,1.4270922642371366,0
0.020358784580053368,-0.312983379179286,0
0.5595128055464024,0.2908282151526938,0
0.2922062923461441,0.4424483001792771,0
1.557639346654635,-0.12224982223785906,1
1.331831705661239,-0.26845644465710916,1
2.02733014770876,-0.1763208795057201,1
0.6968621451063388,0.22915993782909266,0
-0.6853111691769819,-0.16979491163746824,0
1.5279352697984774,0.7730540293042919,1
-0.041856117799782266,-0.7068760391952998,1
0.33288499428624196,-0.7004190589983369,1
0.23359340037434018,-0.49013056875926364,1
-0.014683059868719709,0.35624316357084745,0
-0.03571110901637464,-0.7344230731240862,1
0.9610030280116064,-0.36045298059745795,1
0.18360836452129248,-0.6608473958185799,1
0.8509158580998869,0.13399137068811115,0
-1.958855788314455,-1.2669949521944335,0
1.0008129482764185,-1.311683216860656,1
1.739805243795143,0.931289408526518,0
1.119587612551467,0.7007558909117629,0
1.6013233485465397,1.3548906202024609,1
-0.4883878380483453,-0.8425880852707368,1
-0.7171630449440966,-0.5168751409051507,0
0.14290303497378834,0.6339024550308341,0
-0.0012650407317947917,0.7698013956337463,0
0.5787124464297135,-0.09980177851565775,1
-0.7351793413833155,-0.5917618635670937,0
-0.9100092433066943,-1.3334028801997857,0
0.9537235682167073,-0.2582560711166144,1
1.8693107733214367,2.498559261068151,0
2.051638205346354,-0.20547030925418408,1
0.889230478566965,0.6939720553238679,0
0.9718425181847612,-0.5594749334529153,1
1.2800882064776857,0.9503043490702467,0
0.3492159296107278,-0.11577351049285241,1
0.47942023298836045,-0.9487063718681011,1
1.75293298299993,-0.01813252791047709,0
0.8797651409324918,-0.5259009172916465,1
0.609401728303695,-0.09570096369899656,0
1.6966507184766604,1.0289372198890832,1
2.342128458157747,1.18628188750049,1
1.654453578942279,0.8367970745616793,1
2.411008614537356,1.704493833124986,1
0.48905791551456507,0.7497007492384552,0
1.7243174812434057,0.7567125539644576,0
-1.554458417405991,-0.8503852496165603,0
1.054740877703179,-1.0045211025283343,1
-0.9134516945932778,-1.2065344261136242,0
3.135767297367585,1.1652994782098909,1
0.7687744658378131,0.33444597108921204,1
1.1175537881427366,-0.03902429739672706,1
1.5649948054118588,0.9723443418975586,0
1.12312612428567,0.9478509136789207,1
0.6413235244725539,-0.265859873260046,1
-0.7416880187717142,0.6482582341546278,0
1.8818365632210257,0.5993234743599672,1
2.1492449587129325,-0.019489623620000198,1
0.17509148736710745,-0.4844176694116667,0
1.234599460521443,1.281652483185382,0
1.2794153384396492,0.56585232175677,1
1.3978100304596883,0.3686988126133599,1
0.03802896037452808,-0.018538361746084274,0
1.7988329053498775,0.6282807392315211,0
-0.58782630446197,0.43455978022474084,0
2.16985035770377,0.3964344154562379,1
-0.25957729519592593,-0.3162626601585502,0
-0.02214133733002314,0.4866153256818749,0
0.34298314204704794,-0.0874039775073839,1
1.9597417923062639,0.7692719521859559,1
0.9684715263937664,0.023568289031050602,1
-0.3745498627572238,0.5818467441975813,0
0.3202811141934988,0.3095615648994694,0
0.12300191193922849,-0.15013015853932274,1
0.9223230021640071,0.26310888267193666,1
-1.1583577542940178,-1.007119973091211,0
0.5892767486993872,1.3641284826722606,0
1.1941398357622444,2.0577055155757837,0
0.8144382030296502,-0.4341003726902348,1
1.0138119539632575,0.6852921266508128,0
2.997967242778739,1.7188806949767839,1
1.3384938199100445,0.5906970681479915,1
1.4206851360266572,0.8193739400819741,0
0.32938405403329807,0.9231286778548078,0
1.097820685590216,1.2184554346708838,1
2.130839672030479,-0.04512235188628598,1
-0.2714595794001985,0.12299632776151115,0
1.4162299307144761,0.4250747053942686,1
1.6636493429727721,-0.27083581339250173,1
1.8579875964892656,-0.8564511711813664,1
-0.41496002325589515,0.7858337539386622,0
1.7031369442189714,0.05748565412904301,1
-0.7725858301521806,-1.3805913296972097,1
0.36279588078887054,0.6152983750698121,0
-1.6672488995586159,-1.1958192019341514,0
1.9277881611625338,0.844478083289324,1
0.26573463744696646,1.4668765318904302,1
1.6321412132681685,1.7044876337755344,0
0.8046666233875572,-1.4313619872265841,1
0.49914202184465845,0.06164181927325517,0
0.06570866254681207,0.46207196629642605,0
1.881402853717152,-0.11001560772161552,1
0.0685822515155523,-0.49778196905867106,1
-0.6867061430260908,-1.8099732222122817,1
1.3751564310316753,0.6434623002665089,0
-1.1584882358565318,-0.8453979403373693,0
1.3571700101123982,0.9251021188742627,0
1.008369747097365,0.06141509415057954,0
1.8267082344453833,0.7168618440193444,1
2.2191715828295075,0.3467862241273867,1
-0.2072962365984454,-0.7735392064729055,0
0.3210073695913138,-1.0309757661404948,1
-0.10271717130092366,-0.9361504956125247,0
0.38321342065940733,-0.07376397274907025,1
-0.5117454246094804,-2.7715389090103453,1
-0.3556878398131132,-0.35545799349422674,0
0.5665758143289759,-0.703933489640914,0
1.2496397626627576,-0.23323789352796573,1
0.20566851654815355,-0.4655180405840181,0
1.2429732015255102,1.5401781213006749,0
0.04901606776237295,-0.0894885431334796,0
1.6736880265156866,0.024361901323923945,1
0.7098039894538845,0.8096499630655214,0
1.6297997624538498,0.09884032171534791,0
2.2455730614683853,0.7537627630741226,1
-1.6400725258012612,-1.4310901611205724,0
0.3916663706029577,-0.20119270225517266,0
-0.2062509533819595,-0.4712270055903612,0
1.7712739533190285,0.1749270694116186,1
-0.10385650172586902,-1.310164054165454,1
1.8528436613251391,-0.7515405187924727,1
0.24080399372604927,-0.11501595753536611,0
-0.4818046633119886,-0.23905962791718668,0
0.8233533737078587,1.6198560622633655,0
0.7116513199172674,-0.1555702133324689,1
-0.13956778837216513,-0.5615701930224709,0
0.9667068824359376,-0.31635332663163757,1
0.2472924764394504,-1.182582897909458,1
2.377902504786878,1.5648068450651076,1
0.21213874798216056,0.05276697438154842,0
0.48772042251984815,0.890175753652252,0
0.6154040422702861,1.2275372992251554,0
-0.4530378251001415,-1.1505455770205466,0
0.21648655725789526,0.32614013425862787,0
0.7559911892502666,-0.04670682958802653,0
0.8113505278717383,-0.21297119986029137,0
0.4378018224380372,0.39382968320058503,1
-0.022506460552828667,-0.598508726563069,0
-0.24940656715495435,-1.3036840559006244,1
-0.47568450570097737,-0.8778376314957953,0
-0.9389161050392126,-0.27723421549896743,0
0.5951249399665921,0.07036043734551888,1
-0.32401271776015017,-1.4275040340788094,1
2.38750660550952,0.8587324764171826,1
-1.0452862906934268,-1.6239698428833846,0
1.3764219523807368,0.8534392959210114,0
0.9229562227901834,1.0650488783127572,0
0.07966517115289173,-0.626153739764491,1
2.23024559601686,1.5901407459491963,1
-0.29341838223386163,-0.4681747660334376,0
1.0498789253236274,1.0839040397583326,0
-0.7220567893607339,-1.1575389126117501,0
0.891713357917451,-0.6974579187249449,1
1.2475855791177086,0.8335270783677766,1
1.1971564741034766,-0.09753345514947849,0
2.715294375822599,0.34937531007963024,1
0.9088514786862576,-1.9837714052295057,1
-0.5322599441778826,0.05439173190259815,0
1.4462253318165872,1.2856612911298468,1
1.2680617634158227,0.2204234314090719,1
-2.034076229409159,-1.3969530097502998,0
-0.6472490952544995,-1.0087036791939379,0
-0.3914638239049114,-0.7758832232668547,0
0.36325826774509895,2.011460833453306,0
2.6602520521195476,1.7000186300335667,1
-0.5156212289378034,0.9551609255605779,0
-1.4102582218842643,-1.4507803117882014,1
-0.02212683623083995,0.047331947043587994,0
2.3991717466509077,0.8925087862943424,1
0.3292061545339532,-0.006500163028308522,0
0.18052169614700608,0.40428514453048886,0
0.47101180056298986,0.009585723481683833,0
-0.9011008952168842,-0.976047111131797,0
0.22779146033463013,0.7189161234000175,0
-0.7971825841027518,-0.926443118327902,0
-0.6196700212281403,-2.4963085150158526,1
1.104440397619145,1.4503219297374756,0
-0.5451662122544038,-1.0743789357996836,0
-0.05103184753354108,-0.92505377030764,0
-0.2709829889722546,-0.5776464132943969,0
-0.8178626527000696,-0.7743075482379066,0
1.4876812444821947,0.2946496887060729,0
2.5085160326646747,2.833999229076855,0
1.4046426660082416,0.7159806652551425,0
0.0014598474965644354,-0.001378872133478289,0
0.7173424022449917,0.6718255632398986,1
-0.5881814371631702,-1.2167005983492958,0
-0.7556866853858024,-1.789431128982927,1
0.5660614213226856,-0.8644978142686021,1
0.49161351579322343,1.2691069645097834,0
-0.35925914790481067,-0.13796213737151955,0
2.6394623962294395,0.9994183492317398,1
1.7708397383086742,0.6976969457257857,1
-0.2589587021884608,0.7544348774134442,0
1.5548444594326751,0.49365720034460525,1
2.109879132633792,0.7439611214079757,1
-1.2777926542056464,-0.34301823004551474,0
-0.888522969491651,-0.29968247894347655,0
1.036559334008862,0.9940505501439628,1
2.1091147192479083,0.045099495849089885,1
1.802584775117741,1.4379039482092097,0
-1.5453496193292897,-1.9976459841989767,0
1.911947155099323,0.21096093726887416,0
2.1614616275932756,-0.49280872855389624,1
1.8461180935824586,1.690497455148618,0
-0.4502598864889646,0.6048182148640364,0
-1.5655528800896907,-2.4940806121355124,0
4.379820521789531,2.85202219269687,1
-0.17546089782875945,-0.5963903611815539,0
2.0157224462935455,1.394517027446995,0
1.5690693438526546,-0.6574786825202985,1
1.0164096816383386,-0.15217747569871587,0
1.2006208154075804,-0.43144327047958325,1
0.17325558032944313,0.6789923484244602,0
0.4080035381976295,0.5183047201861417,0
-1.9781757111701441,-2.555489778934367,0
-0.05907661179592489,0.26583837019215895,0
1.27056314607393,0.12715347862924828,0
0.45548693147090075,-0.0715483413015614,0
-1.332715912884243,-1.4376723689961504,0
-1.0338054452096228,-0.10810390462709249,0
0.9581818485507416,-1.0035803696188212,1
1.8846228398101,0.718569723516353,1
0.35564934817776994,1.066693369259932,1
0.012851689347116002,-1.68460827291752,1
0.2808855272783328,-1.1212177543773454,1
1.502649005187748,0.6444863984678951,1
-2.238040121462094,-1.844986472865289,0
0.95279504971805,0.4543229358190835,1
0.9335826454758831,0.10930864691981314,0
-0.857393087798827,-1.0318394612158572,0
2.6191817821344054,2.5265536958665638,0
-0.4262429485362483,-0.12756914890542137,0
1.0067998545560943,0.5675405978243616,1
3.5236136945787777,1.843459242117919,1
1.862462678941571,0.9119640496961252,1
2.4652831953653997,0.5965607547873821,1
-2.35917126060336,-1.765071893638449,0
0.1815929709442785,-1.1293361008026261,1
1.6676380210274173,-0.4371055562009343,1
1.5154421872030794,-0.7347617467867934,1
-0.436769649635613,-0.9391312970202927,0
-0.7746204713750979,-0.22717339013989707,0
-0.9601656321741983,-1.1677788923742776,0
-0.5498216485347857,0.37731439137256917,0
-0.09534655032998722,-0.6167039825652539,0
0.03468773036669285,-0.08829881147020632,0
0.6771338414911098,0.10545009918191867,1
1.30915187430781,0.8112441355076754,0
1.358126965392433,0.39540587835185953,1
-0.9086122992244079,-0.17112749785915515,0
0.9480763991385999,-0.7261045641858709,0
-0.7461205245363982,-1.142914739575744,0
1.5856369749214598,1.6398662851465078,0
2.0350999587183622,0.6221589305020572,1
-0.700548999470355,-0.6987197467229589,0
0.5054936431321613,0.5468051321206348,0
1.2780670050762026,-0.5682367166090125,1
0.3868002866785132,-0.5987815782663716,1
1.6970214507664367,0.05135952672871201,1
-0.6812861857502494,-0.5866123747646068,0
0.49861667264967047,-1.5219791679406036,1
0.0795949282207672,0.15063599792692944,0
-0.5272014796925089,0.5612750563153707,0
-0.09469046996243846,-2.0021466094993228,1
1.0955775309287292,-0.6164680290568526,1
1.7268492904696822,1.369633804854073,1
2.2502790050266714,1.4409233823325427,1
0.5483396958197816,-0.9850162336364814,0
1.5333774318776556,1.1926737742969011,0
-1.218250812856239,-1.5881517294113294,0
-0.036929267712808966,-0.5402903135936862,0
1.5637733069149187,1.151971532436674,1
1.6649127039463099,0.8886682168100041,1
1.8008061579175205,0.39459096210111166,1
1.9376221086299958,1.2161434968402431,1
1.307253694933334,0.186577227533317,1
-0.1082184621211626,-1.2123215085604309,1
0.09202900791310253,0.15106655627278737,0
0.665606513630556,-0.5264537689429685,1
0.28406566582301956,0.3714277156787072,0
1.047371906002784,-0.24844083877593418,1
-1.0368483114317335,-1.4256582458303497,1
1.9551142625418159,-0.25753776859326777,1
1.2391756143505384,0.13685115141904625,1
-0.02729791380567519,0.18289771825262657,0
-0.25360141121175084,-1.9724957036034843,1
-0.2086081304569863,-0.5095966472310284,0
-0.5669909103906378,-0.647538770745238,0
-1.1543310007025862,-1.1972469822339025,0
-0.8531104523624381,-1.0134912584141074,0
1.0552878083741173,0.48451386872800734,0
1.6349783513726825,0.004625575760943756,1
-0.07248915889998961,-0.7787744460191426,0
-0.3746892729450227,-1.1533818886205707,0
-1.1048124388256373,-0.7478998504198504,0
-0.06200274098851377,-1.3497264908284368,1
-2.694230058862667,-3.0673601698459163,0
0.4217409567801556,0.5337396981823235,0
0.8435817440950171,-0.8191614016503573,1
0.8466941181262202,-0.8696646125770682,1
-0.9728366103166315,-1.6355825117687677,0
-0.7184039919730135,-0.501077232565937,0
2.1384840231235804,0.25495527095643844,1
2.0177218212461,0.351819762962064,1
2.0598156394022498,0.7625771969278615,1
-2.4714143858636173,-2.6726589656285435,0
-0.6018491379561517,-1.0920650197356547,0
-1.2631638672799788,-2.227612830860166,1
-0.4665183682272273,-1.1301345734956876,0
-0.8649667787062543,-1.8847020796357923,0
-0.9834827280274786,-0.3382540099303093,0
0.3057456491420709,0.17993890345196037,0
2.7448036465641414,2.1571544134746645,0
0.4776542083685429,-0.06560760840124692,0
-0.4704752539150071,-0.30981933302355813,0
0.9154460881042619,-1.987890830943504,1
-0.09303893485241646,0.5842089154056519,0
0.8002561447009997,1.1974996246784677,1
0.7368905864344286,0.15715246378389539,1
-0.6854580275632631,0.16057488774210105,0
0.01934662348920382,-0.2764399636079685,0
0.48196043788844317,1.3695521925418255,0
1.1358491655923986,0.4116175209207851,1
0.8585971520360741,0.029173496661041902,0
0.9062098831193024,0.03550381782316763,1
0.6029455119898792,-0.28123151553282727,1
0.8251150486383986,0.9337493243172116,0
2.989288173064942,0.7429469476897437,1
1.9075187911342573,1.0958546878517275,1
1.115072248622711,0.11565208284979708,1
1.9013269916768942,0.48064979206832015,1
1.0106208870484963,0.7525959644288612,0
0.27712015109237154,-0.8128169806013743,1
-1.3405309172866422,-0.9697643938907335,0
0.8353822335750681,0.08657769094813428,0
-0.7885255076989721,-1.0147437261123704,0
1.6211945820109919,0.5875299326442037,1
2.775885549533669,1.514983538925168,1
-1.372961975399184,-0.2847059660212305,0
0.4020354032270177,-0.18344323752672445,1
2.595554818474076,-0.0642912918955267,1
0.790199299170923,-0.5082434409727036,1
-0.6593338954524726,-0.8655471444446183,0
0.7197844225160857,-0.032371590966253624,1
0.5149394563949918,-0.6905280830095802,1
0.14151380756818252,-0.4517497760243836,0
0.06460706801204341,-1.3460892028638962,1
-0.08947128820664488,-0.47688713693778073,0
2.911770364982716,1.0787896116449336,1
1.2307730239020198,0.12853089297053846,1
-0.66197903777048,-0.3016961916234496,0
1.7785412218035699,-0.3842421960928714,1
0.6501742985225686,-0.11294475146782568,0
0.29020044517450194,-0.9782228064983096,1
0.4994148772095646,0.8627458751826883,0
-0.1329841053761116,-0.1747289404817625,1
2.762843027354304,0.4517037671692994,1
0.6839012326514854,-0.5629701952780668,1
-0.2159331191473516,0.3352098557378843,0
0.7072723677691777,-0.18803445817927125,0
1.204325080385682,-0.3287407200913632,1
2.277224618899354,0.15484762771896543,1
-0.5805421031900981,-0.49382303135777156,0
1.3256094788839914,0.10281257027868922,1
0.08954446761153978,-1.1295410145622928,1
-0.31138672257776767,-0.5519312229593362,0
0.9508608978727955,-1.6106958070689033,1
1.1882879878264319,0.54104960906377,1
1.0708061376384717,1.6940522393884174,0
-0.3988039388833471,1.041874982604026,0
0.6906549544024994,0.4010342759190817,1
1.4742575289131343,0.3580163669520379,1
-0.42644013072696946,-0.7042522532956443,0
0.17281358865361662,-1.3255846143610848,1
0.6434261340844585,1.1750081453958605,0
0.8667368932684245,-1.2365747319082219,1
1.6375319445084977,1.8907012928444922,0
0.09982263485373834,0.2035486267876941,0
0.6591443212606751,1.859800100364581,0
-0.6624843451757754,-1.6473207852975544,1
1.66226884321219,-0.01707522129546701,1
-0.8152595551486013,-0.8431773784425092,0
1.0103150142617134,0.5261001310836255,0
0.6527174850576506,-0.025422955882270032,0
1.8843641812450005,0.34431159657678345,1
1.8167522957413653,0.5301071619012505,1
-0.10423260903258082,0.18627170608483024,0
0.60263799706791,0.27248230454156586,1
-0.1092392505144681,-0.5483968856477119,0
1.1133595407654755,0.04655171721345903,1
0.8591025690375338,-0.7817440405540664,1
1.8207240314304134,-0.10864458818235523,1
1.5128224039913865,0.3328611469313774,0
-0.28290597783012583,-0.10684734107722248,0
0.2378833980283963,-0.483601606170349,1
0.6289968085587052,0.9112205813441105,0
0.18704561342186715,-0.18055275215638972,0
-0.689907770463668,-1.5304738765441095,1
0.22418094916104697,0.08248462501512856,0
0.9392011263800005,1.9525400375079007,0
0.8186361690119144,0.20227550808554476,1
1.3866106463531678,0.36721154850530124,1
-0.1965688306015377,-0.4217939229461101,0
1.2616393539562119,0.3413584093950627,1
-0.09728728603068859,-0.9336160200430128,1
1.1743815081352187,-0.06364811842435977,1
0.46041279038433747,-0.07910234738172438,1
0.5144531367273014,-0.9778063669587062,1
1.4563174731863815,-0.0943340953566955,1
2.4428356622262966,0.6175973506246456,1
0.30094108150519705,-1.0972153899746564,1
-0.6361081719908532,-1.0183151302668345,1
2.117718450477285,0.800307794083917,1
1.2191888201699588,-0.17652168019728473,1
2.036203544590778,-0.28720163077457705,1
2.39005963535465,1.051219870543666,1
0.38390122954632405,0.7655856456339066,0
0.3341213751401779,0.38432931454461094,0
-1.245452469433723,-0.5284301638330262,0
-0.7514898434826256,-1.8884570157394813,1
-0.648471288555379,0.0055691033773305415,0
-0.45958010048443326,-0.47345973410047376,0
-0.5276785872137377,-1.723988420741937,1
1.377402526382358,0.5690654993745293,1
0.19546738305676423,0.7572676569515496,0
0.11647494226071184,-0.2238691148284738,0
-0.5338908673259914,-0.585650100337933,0
0.664002611974298,-0.3211093535857164,0
2.6976591576690065,2.228422226162158,0
-2.1623766364419588,-2.051297410527245,0
0.31776476011038174,0.2689402525893104,0
0.8063801706275577,0.6000504720204151,0
-0.6215203935115059,-0.7590209280789156,0
2.7504171001645172,2.56791189668963,1
0.6306594760533031,-0.7350880094244001,1
1.3914824192727413,-0.21433572168124065,1
0.5866734005126467,-0.31652431108913115,1
0.44113864051739227,0.6049083751197161,0
0.07411108462666656,0.7359652581867753,0
